"AGMH.Open","AGMH.High","AGMH.Low","AGMH.Close","AGMH.Volume","AGMH.Adjusted","Date"
877.5,877.5,807,807,62,807,2020-01-02
825,825,807,808,38,808,2020-01-03
812,841.5,807.75,813.299987792969,54,813.299987792969,2020-01-06
815.950012207031,834.700012207031,815.950012207031,834.700012207031,16,834.700012207031,2020-01-07
821,852,821,846,136,846,2020-01-08
843,877.5,800.5,820,172,820,2020-01-09
822.5,825,819,819,16,819,2020-01-10
813,813.5,768.5,768.5,46,768.5,2020-01-13
767.5,767.5,761.5,761.5,12,761.5,2020-01-14
752.5,772,739,772,62,772,2020-01-15
754.400024414062,754.650024414062,738.799987792969,741.900024414062,98,741.900024414062,2020-01-16
746.5,772.849975585938,743,772.849975585938,58,772.849975585938,2020-01-17
772,774.5,750.25,767.5,84,767.5,2020-01-21
758,792,745,789,172,789,2020-01-22
769,769,769,769,22,769,2020-01-23
763.5,769.5,757.299987792969,769.5,64,769.5,2020-01-24
759.5,771,759,771,66,771,2020-01-27
762.5,778.5,758.849975585938,778.5,84,778.5,2020-01-28
763.5,782,763.5,775.5,56,775.5,2020-01-29
766,766,763,763,4,763,2020-01-30
766.5,767.5,733.849975585938,767.5,16,767.5,2020-01-31
768,785.5,763,774.400024414062,68,774.400024414062,2020-02-03
768.5,771.5,768.5,768.5,64,768.5,2020-02-04
768.5,769,762,762,74,762,2020-02-05
760.5,772.5,758.5,771,102,771,2020-02-06
766.5,779,764.5,775.349975585938,88,775.349975585938,2020-02-07
767,784.5,764,771,82,771,2020-02-10
762.5,770.5,762.5,765.5,86,765.5,2020-02-11
764.5,767,747.5,755.799987792969,62,755.799987792969,2020-02-12
762,763,757.5,760,60,760,2020-02-13
760,761,758.5,758.5,68,758.5,2020-02-14
758.5,758.5,731.450012207031,756,70,756,2020-02-18
755,784,755,784,56,784,2020-02-19
783,783,766.75,766.75,18,766.75,2020-02-20
772.5,772.5,765.5,770,30,770,2020-02-21
767,769,763,769,52,769,2020-02-24
765.5,766.5,763,763,76,763,2020-02-25
764.5,764.5,763,763,56,763,2020-02-26
760.5,761.5,759,759,54,759,2020-02-27
755.5,757.5,751,757.5,50,757.5,2020-02-28
766,766,761,761,40,761,2020-03-02
761,761.5,759,760.5,62,760.5,2020-03-03
762,762.5,757.799987792969,762.5,74,762.5,2020-03-04
758,760,757.5,757.5,58,757.5,2020-03-05
760,779,724.5,762.5,398,762.5,2020-03-06
760,765,755.400024414062,758.799987792969,74,758.799987792969,2020-03-09
777,787.5,777,787.5,26,787.5,2020-03-10
783,836,783,836,46,836,2020-03-11
777.5,782,740,740,140,740,2020-03-12
756.5,756.5,744.5,751.5,42,751.5,2020-03-13
755,755,748.5,748.5,36,748.5,2020-03-16
750.5,750.5,741,741,58,741,2020-03-17
741,746,738.5,746,54,746,2020-03-18
743.5,743.5,739,739.5,70,739.5,2020-03-19
740,740,716.099975585938,735,58,735,2020-03-20
735.5,739.5,727.25,727.25,54,727.25,2020-03-23
746,778,742.5,778,50,778,2020-03-24
790,792,781,783.5,70,783.5,2020-03-25
788.5,789.5,743,743,54,743,2020-03-26
738.5,759,735,755,70,755,2020-03-27
757.5,762,751.5,762,64,762,2020-03-30
762.5,772,762.5,772,56,772,2020-03-31
760.5,770.5,760.5,764.5,54,764.5,2020-04-01
765.5,772.5,761.5,767.5,52,767.5,2020-04-02
768.5,768.5,766.5,767.5,52,767.5,2020-04-03
770.5,771.5,768.5,771,56,771,2020-04-06
774.5,774.5,743.5,743.5,86,743.5,2020-04-07
752.5,759,745,759,48,759,2020-04-08
762.5,763,751,755.5,56,755.5,2020-04-09
753,759,751.5,754.799987792969,60,754.799987792969,2020-04-13
757.5,763,757.5,763,62,763,2020-04-14
760,764,759,759,72,759,2020-04-15
760.5,768.5,751,767.5,100,767.5,2020-04-16
767,774,763.5,774,92,774,2020-04-17
775,821.5,775,821.5,58,821.5,2020-04-20
825.5,828,821.5,822.5,58,822.5,2020-04-21
824,847,824,847,52,847,2020-04-22
845.5,848,844,846,52,846,2020-04-23
842,846.5,841,841,50,841,2020-04-24
840,860,840,859.5,58,859.5,2020-04-27
865,884.5,865,884.5,50,884.5,2020-04-28
890.5,912.5,890.5,912.5,58,912.5,2020-04-29
909.5,922,909.5,922,56,922,2020-04-30
921.5,927.5,920,920,88,920,2020-05-01
924,934.5,922,934.5,64,934.5,2020-05-04
934,945,934,945,58,945,2020-05-05
950,963.400024414062,950,961,58,961,2020-05-06
967.5,977.5,967.5,977.5,72,977.5,2020-05-07
974.5,987,974.5,987,54,987,2020-05-08
980,982.5,952.5,952.5,102,952.5,2020-05-11
969.5,974.5,964,974,78,974,2020-05-12
980,992.5,978.450012207031,992.5,64,992.5,2020-05-13
989,1005.5,989,1000.79998779297,74,1000.79998779297,2020-05-14
1010,1026,1008,1026,60,1026,2020-05-15
1029,1031.5,1023,1027,86,1027,2020-05-18
1030,1046.5,1030,1033.5,48,1033.5,2020-05-19
1045.25,1050,1021.5,1033.5,52,1033.5,2020-05-20
1025,1031.5,1000.5,1014.5,58,1014.5,2020-05-21
1010,1041.25,1010,1025.69995117188,56,1025.69995117188,2020-05-22
1035,1060.5,1035,1053,48,1053,2020-05-26
1050.5,1050.5,1044,1044.5,64,1044.5,2020-05-27
1046,1051.5,1046,1050,44,1050,2020-05-28
1053,1064.5,1053,1064.5,50,1064.5,2020-05-29
1068.5,1078.5,1068.5,1078.5,46,1078.5,2020-06-01
1077,1081,1070.5,1078.5,58,1078.5,2020-06-02
1078,1088.5,1077.5,1086.5,52,1086.5,2020-06-03
1089,1096.09997558594,1087.5,1095,72,1095,2020-06-04
1112.5,1116,1108,1116,58,1116,2020-06-05
1107,1123,1107,1120.5,52,1120.5,2020-06-08
1120,1121.5,1113.05004882812,1120.5,46,1120.5,2020-06-09
1122,1143,1116.5,1143,68,1143,2020-06-10
1138,1144,1136.69995117188,1144,56,1144,2020-06-11
1168.5,1199.5,1168.5,1196.80004882812,78,1196.80004882812,2020-06-12
1200,1250,1200,1248.5,86,1248.5,2020-06-15
1246,1262.05004882812,1246,1259,58,1259,2020-06-16
1263.5,1266.5,1257,1261,46,1261,2020-06-17
1264,1288.5,1262.90002441406,1288.5,54,1288.5,2020-06-18
1293,1297.5,1287.5,1292,52,1292,2020-06-19
1260.05004882812,1285,1260.05004882812,1282,52,1282,2020-06-22
1283,1297.5,1276,1297,50,1297,2020-06-23
1297.5,1306,1295,1306,50,1306,2020-06-24
1309,1322,1305.94995117188,1322,56,1322,2020-06-25
1320.5,1321,1306,1320.5,52,1320.5,2020-06-26
1315,1321,1299,1321,46,1321,2020-06-29
1318,1318,1286.5,1301.5,86,1301.5,2020-06-30
1292.5,1300.5,1027.5,1045,904,1045,2020-07-01
1040,1040,971.5,980,130,980,2020-07-02
960.5,960.5,932.5,943,52,943,2020-07-06
920,920,876,890,102,890,2020-07-07
874.5,874.5,801.5,816,112,816,2020-07-08
822.5,862.200012207031,814,857.5,390,857.5,2020-07-09
857.5,874,805,847.5,68,847.5,2020-07-10
840,842.5,796.5,796.5,64,796.5,2020-07-13
794,819.5,794,803.5,54,803.5,2020-07-14
806,856,777,798.5,220,798.5,2020-07-15
801.5,812,788.25,793,60,793,2020-07-16
787.5,789,774.5,775,66,775,2020-07-17
782,783.5,775.5,775.5,52,775.5,2020-07-20
775.5,855.5,773,850.5,146,850.5,2020-07-21
845.5,873.5,845.5,873.5,72,873.5,2020-07-22
859.5,919.5,859.5,911,96,911,2020-07-23
918.5,923,896.5,897.5,62,897.5,2020-07-24
886.5,886.5,820,820,72,820,2020-07-27
820.5,823.5,801,803.5,84,803.5,2020-07-28
797,814,785,814,58,814,2020-07-29
812.5,831,812.5,831,58,831,2020-07-30
823.5,823.5,804.5,804.5,66,804.5,2020-07-31
808.5,817.5,801.5,808.5,62,808.5,2020-08-03
812.5,812.5,806,806,44,806,2020-08-04
804,804,789,797,42,797,2020-08-05
783.5,783.5,770,770,42,770,2020-08-06
765.5,765.5,737.75,742.5,90,742.5,2020-08-07
745,745.5,733.5,733.5,110,733.5,2020-08-10
733.5,733.5,720,720,66,720,2020-08-11
720,720.5,706,708,60,708,2020-08-12
708,723.5,704,711,128,711,2020-08-13
712.5,715,709.75,711,68,711,2020-08-14
711,735.5,710,725.5,106,725.5,2020-08-17
735,735,720.049987792969,731,60,731,2020-08-18
737,749.799987792969,730,730,64,730,2020-08-19
732,740.5,728.150024414062,740.5,84,740.5,2020-08-20
727,736,727,733,62,733,2020-08-21
726,732.5,702.5,732.5,118,732.5,2020-08-24
721.5,733.5,705.5,722,102,722,2020-08-25
725.5,742.5,725.5,732,58,732,2020-08-26
729,731,709.5,725,96,725,2020-08-27
726,726,704,715.5,120,715.5,2020-08-28
713,724.5,712,715,86,715,2020-08-31
719.5,723,717.5,723,86,723,2020-09-01
725,785,722.5,769.599975585938,296,769.599975585938,2020-09-02
774.5,774.5,734.400024414062,756,112,756,2020-09-03
699,756.349975585938,699,740.5,110,740.5,2020-09-04
730,740.5,720,720.5,108,720.5,2020-09-08
722.5,724.5,706.5,716,122,716,2020-09-09
718,741,716,741,64,741,2020-09-10
750.5,750.5,730,737,58,737,2020-09-11
733,734,720.5,720.5,82,720.5,2020-09-14
732,732,725,730.5,60,730.5,2020-09-15
730,736,728.5,735.5,70,735.5,2020-09-16
730,772.5,720,761.799987792969,138,761.799987792969,2020-09-17
748.049987792969,757.75,740.549987792969,755,102,755,2020-09-18
733.349975585938,772,733.349975585938,772,104,772,2020-09-21
745.599975585938,780.5,716.200012207031,780.5,98,780.5,2020-09-22
755.5,775,738.900024414062,758,70,758,2020-09-23
746,775.5,746,770,94,770,2020-09-24
758,795,758,795,76,795,2020-09-25
795,801.5,775,801.5,74,801.5,2020-09-28
785,803,757.049987792969,783,66,783,2020-09-29
777.5,782.5,757.5,782,72,782,2020-09-30
767.5,800,767.5,800,76,800,2020-10-01
772.5,790,772.5,788,40,788,2020-10-02
776,776,767,770,80,770,2020-10-05
767,767,759,762,72,762,2020-10-06
760,769,757,768,72,768,2020-10-07
765,766.5,760,760,70,760,2020-10-08
759,759,728,752,82,752,2020-10-09
749.5,749.5,739,749.5,118,749.5,2020-10-12
749,749.5,729,745,154,745,2020-10-13
745.5,745.5,741,741,136,741,2020-10-14
742.5,758.5,739,758.5,144,758.5,2020-10-15
753,770,751,770,72,770,2020-10-16
762.5,762.5,719.799987792969,757,100,757,2020-10-19
758.5,762,751.5,759,124,759,2020-10-20
758,768,756.5,768,100,768,2020-10-21
764.5,768,761.5,763,110,763,2020-10-22
764.5,772,751.5,772,122,772,2020-10-23
754,769,716,750,120,750,2020-10-26
750,750,737.5,737.5,120,737.5,2020-10-27
735,739.5,711.5,730.5,128,730.5,2020-10-28
730,730,716.5,717.5,104,717.5,2020-10-29
723.5,724,714.5,719,78,719,2020-10-30
718,726,717,726,86,726,2020-11-02
724.5,725.5,715.5,722.5,114,722.5,2020-11-03
712.5,721,704.5,721,114,721,2020-11-04
714.5,714.5,708,708,76,708,2020-11-05
710.5,712.5,706,710,82,710,2020-11-06
710,719.5,708.5,715.5,90,715.5,2020-11-09
714,725.5,712,725.5,110,725.5,2020-11-10
718,768.5,713,768.5,208,768.5,2020-11-11
761.5,764,749.5,749.5,126,749.5,2020-11-12
746.5,751,740,751,124,751,2020-11-13
749,755,742.5,742.5,110,742.5,2020-11-16
748,748,737,740.5,150,740.5,2020-11-17
742.5,742.5,727.25,736,94,736,2020-11-18
738.5,748,736,742.5,102,742.5,2020-11-19
742.5,759.5,742,759.5,150,759.5,2020-11-20
754,755,716.25,755,150,755,2020-11-23
757,757,743,746.5,136,746.5,2020-11-24
745,751,737,751,136,751,2020-11-25
745,745,740.5,741,88,741,2020-11-27
744.5,752,740,752,146,752,2020-11-30
748.5,749,737,738,130,738,2020-12-01
738.5,746.5,729.5,746.5,142,746.5,2020-12-02
739,744.5,738,744.5,134,744.5,2020-12-03
741,756,719.049987792969,756,156,756,2020-12-04
749.299987792969,754,719.5,743.5,110,743.5,2020-12-07
742.5,765.5,739,765.5,136,765.5,2020-12-08
750.5,760.5,747,759.5,130,759.5,2020-12-09
752,777.5,745,763.5,140,763.5,2020-12-10
754,756,751,756,126,756,2020-12-11
756,756,734.950012207031,749.5,144,749.5,2020-12-14
749.5,753.5,743.5,753,144,753,2020-12-15
748.5,759.5,741.5,750,162,750,2020-12-16
747.5,761.5,747.5,761.5,64,761.5,2020-12-17
756,767,746,767,112,767,2020-12-18
763,763,746.5,754,136,754,2020-12-21
747.5,753.5,747.5,753.5,74,753.5,2020-12-22
754,759.5,743,743,98,743,2020-12-23
754,808,754,808,116,808,2020-12-24
808,808,785,785,82,785,2020-12-28
786.5,786.5,761.5,761.5,140,761.5,2020-12-29
763,763.5,754.5,763.5,136,763.5,2020-12-30
760,764,754,764,128,764,2020-12-31
757.5,788.5,754.5,788.5,88,788.5,2021-01-04
817,817,739.5,765.5,94,765.5,2021-01-05
766.5,769,763.5,764,122,764,2021-01-06
759,772,756.5,772,70,772,2021-01-07
764,772.75,720.5,772.75,94,772.75,2021-01-08
769.5,774,744.5,774,138,774,2021-01-11
775.5,802.5,774.5,774.5,88,774.5,2021-01-12
778,778,760,760,174,760,2021-01-13
761.5,761.5,737,757.5,154,757.5,2021-01-14
754.5,755,735,751,142,751,2021-01-15
751,764,744,764,124,764,2021-01-19
762.5,769,729.5,750,124,750,2021-01-20
757,762.5,743.5,756.5,90,756.5,2021-01-21
756,793,756,793,118,793,2021-01-22
797.5,803,718.400024414062,803,120,803,2021-01-25
782,787.5,778,778,90,778,2021-01-26
780.5,780.5,770.5,770.5,102,770.5,2021-01-27
771.5,771.5,764.5,764.5,102,764.5,2021-01-28
767.5,772.5,759.5,760.5,104,760.5,2021-01-29
767.5,777.5,725.5,762.5,84,762.5,2021-02-01
755,775,755,766,112,766,2021-02-02
765,777.5,746.75,777,128,777,2021-02-03
771,778,766.5,778,116,778,2021-02-04
769,769,755.5,755.5,124,755.5,2021-02-05
756.5,765,754.5,754.5,136,754.5,2021-02-08
760,760,734.25,755,88,755,2021-02-09
751,761,751,752.75,108,752.75,2021-02-10
755.5,756.5,741.5,750,82,750,2021-02-11
755,755,747.150024414062,750,82,750,2021-02-12
752.299987792969,811.799987792969,750.700012207031,797.5,284,797.5,2021-02-16
772.5,785,770,779.5,116,779.5,2021-02-17
768,777,761,777,86,777,2021-02-18
767,828.5,767,822.5,260,822.5,2021-02-19
795,806.75,785,788.349975585938,98,788.349975585938,2021-02-22
789,789.5,753.5,764,154,764,2021-02-23
757.5,799,750.75,796.5,276,796.5,2021-02-24
800,800,741.5,741.5,60,741.5,2021-02-25
771,771.5,740.5,740.5,158,740.5,2021-02-26
756.5,810,753,795.25,148,795.25,2021-03-01
780,810,780,800.5,172,800.5,2021-03-02
778,800.5,778,795,106,795,2021-03-03
804,804,777.5,777.5,50,777.5,2021-03-04
781,781,781,781,20,781,2021-03-05
776,793,771,787,196,787,2021-03-08
785,785,779.25,783,62,783,2021-03-09
775,776.5,765.5,765.5,24,765.5,2021-03-10
766.150024414062,866,766,830.5,1044,830.5,2021-03-11
849.5,849.5,810.25,823,78,823,2021-03-12
815,822.5,770.200012207031,770.200012207031,74,770.200012207031,2021-03-15
790,790,726,761,228,761,2021-03-16
745.5,761,721.5,752.5,106,752.5,2021-03-17
743.5,744,715,734.299987792969,34,734.299987792969,2021-03-18
734.5,734.5,715,730,20,730,2021-03-19
710.799987792969,724,710,710,72,710,2021-03-22
709.5,710.849975585938,709,709,28,709,2021-03-23
719,719,681,681,40,681,2021-03-24
692.5,692.5,686.5,686.5,10,686.5,2021-03-25
697.5,697.5,586,608,224,608,2021-03-26
601.75,621,585,585,70,585,2021-03-29
599.5,599.5,591,591,12,591,2021-03-30
596.5,596.5,590,590,36,590,2021-03-31
594.5,594.5,594,594,6,594,2021-04-01
597.25,602.5,590,595,40,595,2021-04-05
604.5,604.5,600,600,20,600,2021-04-06
604,623.849975585938,604,623.849975585938,24,623.849975585938,2021-04-07
610,610,600,607.950012207031,28,607.950012207031,2021-04-08
616,634.5,616,634.5,16,634.5,2021-04-09
635,635,600.5,600.5,36,600.5,2021-04-12
595,600.650024414062,595,600.650024414062,14,600.650024414062,2021-04-13
600,606.349975585938,600,604.650024414062,42,604.650024414062,2021-04-14
600,601.5,595.299987792969,601.5,14,601.5,2021-04-15
600,608.5,600,608.5,18,608.5,2021-04-16
606,610,600,600,40,600,2021-04-19
604.5,604.5,550,550,108,550,2021-04-20
577.5,602.400024414062,577.5,602.400024414062,20,602.400024414062,2021-04-21
598.5,641,598.5,620.549987792969,28,620.549987792969,2021-04-22
629.450012207031,629.450012207031,612.5,616,16,616,2021-04-23
648,649.5,630,630,44,630,2021-04-26
635,642,627,636,28,636,2021-04-27
650,661,622,622,18,622,2021-04-28
630.5,633,629,633,12,633,2021-04-29
615,615,609,611.299987792969,24,611.299987792969,2021-04-30
615,615,612.5,615,30,615,2021-05-03
610.5,617,607.5,615,20,615,2021-05-04
612.5,612.5,607.5,608.5,12,608.5,2021-05-05
601,601,592,592,10,592,2021-05-06
592,592,589,592,10,592,2021-05-07
590,590,587,587.049987792969,10,587.049987792969,2021-05-10
577.5,588,577.5,588,20,588,2021-05-11
553.099975585938,592.5,552.5,588,160,588,2021-05-12
570,625,562.5,602.5,312,602.5,2021-05-13
601,601,600,600,16,600,2021-05-14
621,633,612.5,631,180,631,2021-05-17
622.5,629.75,613,613,24,613,2021-05-18
605,617,605,617,12,617,2021-05-19
607.5,616,607.5,614.099975585938,12,614.099975585938,2021-05-20
592,592,591.5,591.5,22,591.5,2021-05-21
596,596,594,594,32,594,2021-05-24
598,613.5,575.5,590,368,590,2021-05-25
605.5,631,567,597,686,597,2021-05-26
630.5,646,581,597.5,416,597.5,2021-05-27
583,605.5,559,578.5,348,578.5,2021-05-28
580,580,571.5,577.349975585938,40,577.349975585938,2021-06-01
583,594,582.5,593.5,50,593.5,2021-06-02
568.5,571.299987792969,568.5,571.299987792969,6,571.299987792969,2021-06-03
600,600,590.5,597.5,10,597.5,2021-06-04
597.5,600,585,600,44,600,2021-06-07
600.549987792969,600.549987792969,597.5,599.849975585938,32,599.849975585938,2021-06-08
604.5,615,604.5,612,14,612,2021-06-09
620,620,615,615,10,615,2021-06-10
625.150024414062,625.150024414062,625,625,26,625,2021-06-11
673.5,673.5,673.5,673.5,10,673.5,2021-06-14
608,715,559.5,673,234,673,2021-06-15
673.549987792969,857.200012207031,673.5,730,148,730,2021-06-16
750,1325,588.5,645,47650,645,2021-06-17
670,670.5,515.5,520,3888,520,2021-06-18
529,545.150024414062,445,519.5,2066,519.5,2021-06-21
513,574.5,465.5,554,2572,554,2021-06-22
563.5,609.599975585938,525,581.5,1096,581.5,2021-06-23
577.5,577.5,503,529,754,529,2021-06-24
529.5,556.5,505,532.5,1130,532.5,2021-06-25
526.5,546.75,508.5,522,862,522,2021-06-28
521.5,584,511,584,4806,584,2021-06-29
568.5,583.5,515.5,522,1460,522,2021-06-30
527,540.5,500,530.5,602,530.5,2021-07-01
508.5,518.5,500.5,500.5,596,500.5,2021-07-02
505,557,505,520.5,1050,520.5,2021-07-06
514.5,572.5,504,510,1134,510,2021-07-07
501.5,547,467.5,521,1302,521,2021-07-08
520.5,520.5,478.200012207031,501.5,1136,501.5,2021-07-09
510,525,485,499.5,1102,499.5,2021-07-12
490,491.5,475,483.5,1292,483.5,2021-07-13
483.5,499,460.5,481.5,906,481.5,2021-07-14
478.25,559,460.5,524,4436,524,2021-07-15
520,520,453.5,454,1678,454,2021-07-16
454,475.5,446.5,455.5,664,455.5,2021-07-19
447,468.5,426.5,458.5,1072,458.5,2021-07-20
461.25,477,440,470.5,940,470.5,2021-07-21
460.5,475.5,456.5,464.25,1032,464.25,2021-07-22
458,472,434.5,463.200012207031,1382,463.200012207031,2021-07-23
462.5,469.5,444.5,459.5,1662,459.5,2021-07-26
450,458,425.649993896484,454.5,944,454.5,2021-07-27
447.5,467.5,440,445.5,1430,445.5,2021-07-28
455,488.75,445.5,470.5,3822,470.5,2021-07-29
472.5,494.5,450.25,470,1636,470,2021-07-30
470,485,455,480,2634,480,2021-08-02
472.5,477.25,445.75,460,2262,460,2021-08-03
460,480,448.5,463,2110,463,2021-08-04
471.5,475.5,447.5,462,1662,462,2021-08-05
452.450012207031,467.5,451,455,674,455,2021-08-06
460,496.5,456,477.5,3198,477.5,2021-08-09
476,490.5,465.5,472.5,2328,472.5,2021-08-10
475,486.25,465,475,1524,475,2021-08-11
483.5,487.5,353.5,402.5,8646,402.5,2021-08-12
396.5,400.5,367.5,370.5,2968,370.5,2021-08-13
371,379.5,357.700012207031,369,1840,369,2021-08-16
369,398.5,363.100006103516,394,1552,394,2021-08-17
388,424.75,383.25,418,2526,418,2021-08-18
398.5,436,395,410,2948,410,2021-08-19
415,455,393.75,436.5,5776,436.5,2021-08-20
441,485,412,465.5,4568,465.5,2021-08-23
476,501.5,450,462.5,5850,462.5,2021-08-24
454.5,487.5,453,461,3080,461,2021-08-25
461,500,460.5,476.5,2114,476.5,2021-08-26
469.5,487.5,459,459,686,459,2021-08-27
475,494,461.950012207031,494,3742,494,2021-08-30
492,492,466.5,478,862,478,2021-08-31
473.5,495.5,467,485,1742,485,2021-09-01
481.5,481.5,444.5,454,1754,454,2021-09-02
462.5,475.5,455,469,1522,469,2021-09-03
464,473.5,457,457,1628,457,2021-09-07
455,468.5,443,464,1694,464,2021-09-08
467,467,429.5,456,940,456,2021-09-09
460,475.049987792969,425.5,425.5,3356,425.5,2021-09-10
433.5,470.5,433.5,448,1142,448,2021-09-13
465.5,474.5,431.75,433,820,433,2021-09-14
437,465.600006103516,432,455,3278,455,2021-09-15
450,468,438.5,465,3226,465,2021-09-16
458.5,465.5,448.5,464.5,2448,464.5,2021-09-17
426.5,466,426.5,449,1228,449,2021-09-20
454,455.25,436.299987792969,449.5,794,449.5,2021-09-21
442.5,450,439.5,440.5,726,440.5,2021-09-22
435,455,435,436.5,2814,436.5,2021-09-23
435.5,466.5,435.5,461,2810,461,2021-09-24
485.5,540.5,485,530.5,5906,530.5,2021-09-27
542.5,555,430,447.5,6906,447.5,2021-09-28
442,453.5,427,438,4482,438,2021-09-29
432,454.5,420.5,444,4024,444,2021-09-30
447,510,437.5,463,9508,463,2021-10-01
460.5,469,436.5,439.5,1352,439.5,2021-10-04
441,482.5,441,452.5,5434,452.5,2021-10-05
450,470,447.5,462,2140,462,2021-10-06
462.5,479.5,457.299987792969,463.5,5444,463.5,2021-10-07
458,470.5,450.5,457,3214,457,2021-10-08
449.5,469.5,449.5,450.5,2100,450.5,2021-10-11
457,485,453,482.5,4460,482.5,2021-10-12
487,518.5,484.5,511,7908,511,2021-10-13
503.5,515.75,495,508,3080,508,2021-10-14
508,560.5,505,551.5,6144,551.5,2021-10-15
536,588.849975585938,534.75,567,3898,567,2021-10-18
567.5,605,559.200012207031,585,6568,585,2021-10-19
581.5,627,581.5,622.5,4776,622.5,2021-10-20
668.5,682,510,555.5,17742,555.5,2021-10-21
546.5,553.5,518,540.5,2424,540.5,2021-10-22
535,570,527.5,549,2634,549,2021-10-25
573,577,531.5,550,2982,550,2021-10-26
549.5,556,526,530,2504,530,2021-10-27
528,553,516.5,542.5,1894,542.5,2021-10-28
544.5,569.5,534.75,555,2746,555,2021-10-29
566,592,560,570,1880,570,2021-11-01
570,599,566,594.5,1628,594.5,2021-11-02
599.5,623.5,580.099975585938,603.5,2762,603.5,2021-11-03
617.5,640,563.5,579,4376,579,2021-11-04
577.5,598.5,565.5,591.5,5096,591.5,2021-11-05
590,592,575,584,2236,584,2021-11-08
587,587,565.5,571.5,2956,571.5,2021-11-09
574.5,585,566.5,568.5,2138,568.5,2021-11-10
583,604,569,574.5,4182,574.5,2021-11-11
572.5,585,532.5,536.5,3790,536.5,2021-11-12
545.5,550,536.5,545,1924,545,2021-11-15
542,557.5,537.5,553,1342,553,2021-11-16
564,564,538.5,541,1466,541,2021-11-17
542,555,514.5,519,2198,519,2021-11-18
519,529.75,508.25,516.5,1026,516.5,2021-11-19
527,527,497,513.5,2798,513.5,2021-11-22
511.5,520.549987792969,497.25,503,1090,503,2021-11-23
495.5,507.5,487.5,498.5,1038,498.5,2021-11-24
484,495,453.5,471.5,814,471.5,2021-11-26
477,489,460,477.5,3370,477.5,2021-11-29
477.5,490.5,466,474,3994,474,2021-11-30
490,490,454.75,463.5,2006,463.5,2021-12-01
460.5,469,458.850006103516,459,1054,459,2021-12-02
465,467.25,421.5,435,2120,435,2021-12-03
430.5,452.5,412.5,420.5,4122,420.5,2021-12-06
425,461.5,410,458.5,13308,458.5,2021-12-07
454,478,432,477.5,14100,477.5,2021-12-08
421.5,440,405.5,433.5,6876,433.5,2021-12-09
348,349.5,265.5,268,8418,268,2021-12-10
274,275,241,266.5,3880,266.5,2021-12-13
268.5,280,245,250,4606,250,2021-12-14
247,250,220,239,3068,239,2021-12-15
240,250,220,221.5,3264,221.5,2021-12-16
216.5,222.75,212.5,220,716,220,2021-12-17
212.5,216.5,197,205,2880,205,2021-12-20
207,207.5,198.5,202,1506,202,2021-12-21
200.5,203.5,190.5,194,2258,194,2021-12-22
192.5,206.5,184.600006103516,188.5,6218,188.5,2021-12-23
188.5,191.5,177.399993896484,182,644,182,2021-12-27
182,182,147,148.5,14024,148.5,2021-12-28
149.649993896484,152.350006103516,131.5,138,6090,138,2021-12-29
138,138,122.5,125,9390,125,2021-12-30
124.5,131,117,120,17270,120,2021-12-31
120.5,128,115,127,4284,127,2022-01-03
128.5,128.75,115.5,122,6390,122,2022-01-04
122,129.5,120,127.5,7494,127.5,2022-01-05
126,131.5,120.099998474121,124.5,8254,124.5,2022-01-06
122.5,131,119,120.5,7902,120.5,2022-01-07
118,128,108.5,115.5,10282,115.5,2022-01-10
116,129.5,114,115,8694,115,2022-01-11
116,126.5,116,122.5,12582,122.5,2022-01-12
121,126.949996948242,117.099998474121,118.5,2726,118.5,2022-01-13
116.5,124.5,111.5,114.5,15802,114.5,2022-01-14
116.5,117,107.5,108.5,1656,108.5,2022-01-18
108.5,111,94.5,96,4804,96,2022-01-19
94.5,101.5,94.5,99,572,99,2022-01-20
97,97.5,90.5,94,1292,94,2022-01-21
90,91,81,87.5,1866,87.5,2022-01-24
88,96,85.6500015258789,87.5,3168,87.5,2022-01-25
89,95.5,82.5,83.5,3134,83.5,2022-01-26
83,85,81.25,82.5,2260,82.5,2022-01-27
82.5,84.5,80,82.5,752,82.5,2022-01-28
80.5,95,80.5,91,2086,91,2022-01-31
93.5,98,92.5,97.5,856,97.5,2022-02-01
97.5,99.5,87.5,89,2070,89,2022-02-02
89.0500030517578,90,85.5,85.5,590,85.5,2022-02-03
84,89.5,82.5,87,2486,87,2022-02-04
88,93.5,83,86,6196,86,2022-02-07
85,90.5,78.5,79,7510,79,2022-02-08
78.5,81,74.8000030517578,79,3624,79,2022-02-09
77,90,76,83.5,7070,83.5,2022-02-10
86.5,88.9499969482422,77,79,2418,79,2022-02-11
78.5,81,76,76.5,2066,76.5,2022-02-14
79.8499984741211,84.4499969482422,76.5,83.5,930,83.5,2022-02-15
85,94.75,79,92,6286,92,2022-02-16
90,90,78,81.5,1958,81.5,2022-02-17
81,81,78.5,80.5,318,80.5,2022-02-18
81.5,89.5,81.5,83,6416,83,2022-02-22
85,89,81,84.5,2310,84.5,2022-02-23
76,90,76,82,2450,82,2022-02-24
82.5,85.0500030517578,81,81.5,222,81.5,2022-02-25
85,93,80.75,82,13060,82,2022-02-28
84,88.5,81.5,83,2636,83,2022-03-01
84,85.5,83,85.4000015258789,1350,85.4000015258789,2022-03-02
85,85,77.5,79,920,79,2022-03-03
76,78.5,76,76,870,76,2022-03-04
75,79.0500030517578,75,77,538,77,2022-03-07
78.9499969482422,78.9499969482422,69,69.5,982,69.5,2022-03-08
76,80.8000030517578,75.5,80,1460,80,2022-03-09
82.5,95,80.0500030517578,87.5,14580,87.5,2022-03-10
88.5,92,77.5,81.5,3222,81.5,2022-03-11
82.5,84.75,74.5,77.5,2474,77.5,2022-03-14
75.5,85.5,72.5,78,282,78,2022-03-15
83,89.5,81.5,87.5,4522,87.5,2022-03-16
85,87.5,83.5,83.5,384,83.5,2022-03-17
81.5,87,78.5,80,1694,80,2022-03-18
84.5,89,80.5,82.5,1382,82.5,2022-03-21
86.5,88,81.5,85.25,2920,85.25,2022-03-22
83,86,80.5,80.5,540,80.5,2022-03-23
81.5,114,80.5,104,73866,104,2022-03-24
103.5,106,92.4499969482422,104.5,13024,104.5,2022-03-25
105,125,97.5,109,38186,109,2022-03-28
107,109.5,96.5,97.5,15756,97.5,2022-03-29
96,103,96,97.5,1778,97.5,2022-03-30
95.5,110.5,94,104,15588,104,2022-03-31
100.5,108,100.5,103.5,1060,103.5,2022-04-01
105,107,102,105.5,1892,105.5,2022-04-04
104.5,109,101,102.5,2204,102.5,2022-04-05
104,104,96.5999984741211,97.5,2370,97.5,2022-04-06
98,107,98,100.5,9400,100.5,2022-04-07
101.5,114,100.050003051758,104.5,29628,104.5,2022-04-08
104.5,112.5,98.9000015258789,107,17036,107,2022-04-11
107.5,122,107.5,117.5,12898,117.5,2022-04-12
117.5,129.5,113.5,122.5,17294,122.5,2022-04-13
120.5,128.399993896484,116,118,15568,118,2022-04-14
113,117.5,101,104,7150,104,2022-04-18
104,109.099998474121,104,105,2320,105,2022-04-19
103.5,104.75,100.5,102,640,102,2022-04-20
100,115.5,100,111,12350,111,2022-04-21
109,114.75,108,110,7456,110,2022-04-22
106.5,113.199996948242,103.5,110,614,110,2022-04-25
111.5,113.25,103.25,109.5,1362,109.5,2022-04-26
107.5,117.5,107.5,115.5,1912,115.5,2022-04-27
114,115.050003051758,107,108.5,846,108.5,2022-04-28
107,115.5,104,104,1332,104,2022-04-29
104,110,98.5,101.25,8208,101.25,2022-05-02
102.5,106,101,103,398,103,2022-05-03
103,105,97.5,104.5,1020,104.5,2022-05-04
104.5,104.5,97.5,99,718,99,2022-05-05
97.5,100.550003051758,87,93,1050,93,2022-05-06
93,97.5,87,88,8786,88,2022-05-09
88.75,88.75,81,81.5,636,81.5,2022-05-10
79.5,95,78.5,86,4432,86,2022-05-11
88.5,97.5,80.5,91.4000015258789,12322,91.4000015258789,2022-05-12
89,95,87.5,95,1790,95,2022-05-13
94,105,91.5,101,6102,101,2022-05-16
103,105.5,101.5,105,204,105,2022-05-17
104.5,107.5,98.5,100,6352,100,2022-05-18
101,106.75,101,106,2904,106,2022-05-19
103.5,115,103.5,113.25,10700,113.25,2022-05-20
111,117.5,111,115,600,115,2022-05-23
112,112.5,107,110,804,110,2022-05-24
105.599998474121,107.5,105.5,107.5,104,107.5,2022-05-25
110,111.800003051758,108.5,109.5,74,109.5,2022-05-26
110.5,111,107,109.5,186,109.5,2022-05-27
107.5,107.5,99,101.900001525879,490,101.900001525879,2022-05-31
102,102,98,99.5,30,99.5,2022-06-01
97,101,97,98,322,98,2022-06-02
97.5500030517578,100,97.5500030517578,100,22,100,2022-06-03
97.5,97.5,91,93.5,334,93.5,2022-06-06
94.5,94.5,92.5,92.5,38,92.5,2022-06-07
96.5,97.5,90,93,164,93,2022-06-08
98.5,98.5,95,98,354,98,2022-06-09
98.5,98.5,96.5,97.5,18,97.5,2022-06-10
95,95,84.1999969482422,85.5,170,85.5,2022-06-13
90,90,79.5,80,114,80,2022-06-14
80.5,82.5,78,78.5,120,78.5,2022-06-15
75,77,70.5,72.5,446,72.5,2022-06-16
76.6500015258789,76.6500015258789,72.5,74,48,74,2022-06-17
78.5,78.5,75,76.5,128,76.5,2022-06-21
78.8000030517578,78.8000030517578,73,73,52,73,2022-06-22
77.5,77.5,75,75.5,52,75.5,2022-06-23
76,77.9499969482422,73.5,76,122,76,2022-06-24
76,76,70.5,70.5,60,70.5,2022-06-27
72.5,73.5,70,71,62,71,2022-06-28
74.5,74.5,66,66,138,66,2022-06-29
66.5,66.5,61.5,61.5,98,61.5,2022-06-30
65,65,59,59,90,59,2022-07-01
58,82.5,58,82.5,3610,82.5,2022-07-05
82,91.6999969482422,78.5,85,892,85,2022-07-06
87.5,95,83.5,95,698,95,2022-07-07
92.5,95,87.5,95,756,95,2022-07-08
97.5,97.5,86.5,93.5,416,93.5,2022-07-11
91,96.5,87.5,92,1374,92,2022-07-12
87.5,96,87,95,720,95,2022-07-13
86.4000015258789,95,85.5,95,630,95,2022-07-14
92,95,90,93.5,522,93.5,2022-07-15
95,95,94.5,94.5,46,94.5,2022-07-18
94.5,97.5,94.0500030517578,95,706,95,2022-07-19
96,97.5,94,95.5,166,95.5,2022-07-20
96.5,102.25,95.5,97.5,878,97.5,2022-07-21
97.5,98.5,92.5,92.5,104,92.5,2022-07-22
92.5,93,92,92.5,134,92.5,2022-07-25
93,93,86,88,58,88,2022-07-26
87,97.5,84,96.5,1204,96.5,2022-07-27
94,94.4499969482422,93.5,94.4499969482422,22,94.4499969482422,2022-07-28
86.4499969482422,98.25,86.4499969482422,97.25,660,97.25,2022-07-29
91.5,91.5,90.5,90.5,16,90.5,2022-08-01
91.6500015258789,95,91.6500015258789,94,136,94,2022-08-02
94.5,102.5,92.5,98,842,98,2022-08-03
95.3499984741211,97,84.5,89.9000015258789,1266,89.9000015258789,2022-08-04
90,99.5,88.5,96,624,96,2022-08-05
99,110.5,96,110.5,2062,110.5,2022-08-08
110,110,97.5999984741211,98.5,398,98.5,2022-08-09
99,99.5,93,95,230,95,2022-08-10
96.5,98.4000015258789,87,92.4499969482422,1494,92.4499969482422,2022-08-11
92.5,98,92.5,94.5,376,94.5,2022-08-12
90,96.75,88.5,93,590,93,2022-08-15
90,92.5,88.5,91.5,138,91.5,2022-08-16
92.5,95.5,90,90.75,232,90.75,2022-08-17
95,96,88.5,93.5,166,93.5,2022-08-18
91,103.199996948242,87,100.75,2144,100.75,2022-08-19
100,111,99.5,107.5,2822,107.5,2022-08-22
106.5,119.5,106.5,113,3672,113,2022-08-23
114,117.099998474121,113,113.300003051758,718,113.300003051758,2022-08-24
113.5,119.699996948242,113.5,118.75,476,118.75,2022-08-25
120.5,120.5,116,116,630,116,2022-08-26
116,120.199996948242,116,119.25,526,119.25,2022-08-29
117.5,117.5,116,117.349998474121,332,117.349998474121,2022-08-30
117.5,117.5,116,117,110,117,2022-08-31
116,118.75,116,117,220,117,2022-09-01
117.75,117.75,116.5,116.550003051758,158,116.550003051758,2022-09-02
117,117.25,116.5,116.5,56,116.5,2022-09-06
116.5,116.949996948242,115,115.5,358,115.5,2022-09-07
116.5,116.5,114.5,114.75,398,114.75,2022-09-08
117.75,117.75,114.300003051758,115,238,115,2022-09-09
115,115.5,113.5,113.75,434,113.75,2022-09-12
117.25,117.25,112.5,112.800003051758,226,112.800003051758,2022-09-13
115.75,115.75,111,113.849998474121,208,113.849998474121,2022-09-14
113,113.449996948242,109.5,109.5,580,109.5,2022-09-15
110.5,110.5,108,110.25,222,110.25,2022-09-16
90.5,99.6500015258789,90.5,99,74,99,2022-09-19
94,95,90.6500015258789,92.5,184,92.5,2022-09-20
91.0999984741211,91.0999984741211,86.5,86.5,186,86.5,2022-09-21
88,88,86,86,42,86,2022-09-22
85.25,85.25,79.5,79.5,30,79.5,2022-09-23
77,83,77,80.75,218,80.75,2022-09-26
81.75,81.75,80.0500030517578,80.0500030517578,48,80.0500030517578,2022-09-27
80.5,80.5,80,80,50,80,2022-09-28
81,81,80,81,50,81,2022-09-29
81,83.9000015258789,79.5,80.5,682,80.5,2022-09-30
83,84.5,82.5,83.75,100,83.75,2022-10-03
84,84.5,81,81,46,81,2022-10-04
80.6999969482422,81,78.0500030517578,78.0500030517578,72,78.0500030517578,2022-10-05
81,82.5,81,82,70,82,2022-10-06
82.5,90,82,89.5,666,89.5,2022-10-07
84.9499969482422,85,84.9499969482422,85,26,85,2022-10-10
85,86.5,85,85.5,52,85.5,2022-10-11
85.9499969482422,85.9499969482422,85,85,20,85,2022-10-12
85.5,85.5,83,84.6500015258789,44,84.6500015258789,2022-10-13
85,86,82.9000015258789,86,94,86,2022-10-14
80.9499969482422,85,80.9499969482422,85,52,85,2022-10-17
85,85,81.0999984741211,82,68,82,2022-10-18
84.5,84.5,83,83,8,83,2022-10-19
84,84,83.75,83.75,96,83.75,2022-10-20
84.5,84.5,80.8000030517578,84.5,454,84.5,2022-10-21
84,84,80.5,81,56,81,2022-10-24
81.5,83.5,81.5,82,34,82,2022-10-25
81.1500015258789,82.5,81,82.5,56,82.5,2022-10-26
83.5,83.5,80.5,82.8499984741211,50,82.8499984741211,2022-10-27
83.5,85.5,82.5,83.5,256,83.5,2022-10-28
83.25,83.5,77,77,158,77,2022-10-31
75,82.5,74.5,80.6999969482422,44,80.6999969482422,2022-11-01
80.5500030517578,80.5500030517578,75,80.5,44,80.5,2022-11-02
80.5,80.5,74,74,82,74,2022-11-03
74.5,81,74.5,81,290,81,2022-11-04
81,81.5,80,80.5,92,80.5,2022-11-07
80.5,81,77.5,80.5,134,80.5,2022-11-08
80.5,80.5,74.5,74.5,52,74.5,2022-11-09
79,80,74,80,156,80,2022-11-10
79,82,79,81,376,81,2022-11-11
81,83.5,81,83,132,83,2022-11-14
82.5,82.5,76.5,82,74,82,2022-11-15
81,82,76.5,81.5,116,81.5,2022-11-16
82,82.5,75.9000015258789,82.3499984741211,200,82.3499984741211,2022-11-17
82.5,82.5,76.9000015258789,82.5,106,82.5,2022-11-18
82,82,76,81.5,166,81.5,2022-11-21
79.5,82,76.4499969482422,77.5,364,77.5,2022-11-22
80.5,80.75,72,80,294,80,2022-11-23
80.5,80.5,80,80.5,98,80.5,2022-11-25
80,80.75,80,80.5,38,80.5,2022-11-28
81,82,81,82,144,82,2022-11-29
82,82,78.9000015258789,81.5,108,81.5,2022-11-30
81.5,82,75.9000015258789,81.5,110,81.5,2022-12-01
81.5,82,81.5,82,106,82,2022-12-02
80.1999969482422,81,80.0500030517578,81,52,81,2022-12-05
80.3000030517578,81,80,80,64,80,2022-12-06
80,81,80,81,58,81,2022-12-07
80.5,81,80.5,81,80,81,2022-12-08
78,80.5,78,80,134,80,2022-12-09
80.5500030517578,81,80,81,58,81,2022-12-12
80,81,80,80.9499969482422,86,80.9499969482422,2022-12-13
80.5,81,78.25,78.25,110,78.25,2022-12-14
81,81,77.5,77.5,114,77.5,2022-12-15
80,80,77.5,80,84,80,2022-12-16
94.5,94.5,80.5,84,5678,84,2022-12-19
77.5,82.5,77.5,81,754,81,2022-12-20
75.0500030517578,81,75.0500030517578,80.5,180,80.5,2022-12-21
76.5,83,76.5,82,720,82,2022-12-22
81.75,82.5,76.5,82.5,74,82.5,2022-12-23
80,82.5,76.5,82,116,82,2022-12-27
79.5,81.5,75.5,81,390,81,2022-12-28
81,81,77.5,81,130,81,2022-12-29
81.5,82.5,77.5,82.5,246,82.5,2022-12-30
81.6500015258789,82,79.75,82,162,82,2023-01-03
78,82,77.5,81.5,254,81.5,2023-01-04
81.5,81.5,81.5,81.5,130,81.5,2023-01-05
77.5,80,75,79.5,252,79.5,2023-01-06
80,80,74.9000015258789,80,184,80,2023-01-09
80,82,77,82,326,82,2023-01-10
80,82,77.5,80,170,80,2023-01-11
82,83.5,77.5,83.5,646,83.5,2023-01-12
81.5,87.75,80,84.6999969482422,2354,84.6999969482422,2023-01-13
83.5,87.5,82.75,87.5,746,87.5,2023-01-17
84,87.5,84,84.5,506,84.5,2023-01-18
84.8499984741211,85,82.3000030517578,85,520,85,2023-01-19
84.5,89.5,84.1999969482422,89.5,206,89.5,2023-01-20
88.5,89.5,85,85.3499984741211,100,85.3499984741211,2023-01-23
81.5,88,81,85,312,85,2023-01-24
84.0999984741211,84.5,82,84.5,188,84.5,2023-01-25
84,84.5,83.5,84.5,180,84.5,2023-01-26
84.5,84.5,79.5,84.5,394,84.5,2023-01-27
79,82.5,75.5,81.5,256,81.5,2023-01-30
83.5999984741211,84,82.5,83.25,300,83.25,2023-01-31
82.5,84,82,82,460,82,2023-02-01
83.5500030517578,85,80,83,342,83,2023-02-02
82.5999984741211,83.9499969482422,79,83,256,83,2023-02-03
82,84.5,81,82.5,162,82.5,2023-02-06
82.1999969482422,85.5,82.1999969482422,83,144,83,2023-02-07
81.5,81.5,75.9499969482422,80.3499984741211,34,80.3499984741211,2023-02-08
79.4000015258789,83,79.4000015258789,83,6,83,2023-02-09
82.5,82.5,79.8499984741211,79.8499984741211,46,79.8499984741211,2023-02-10
81.4499969482422,82,75,82,360,82,2023-02-13
82,83,75.5,82.5,224,82.5,2023-02-14
82.5,84,82,82.75,152,82.75,2023-02-15
83.5,87,83,86,668,86,2023-02-16
83.3499984741211,86,83,86,598,86,2023-02-17
84.5,85.5,83,84.5,196,84.5,2023-02-21
83,86,83,86,298,86,2023-02-22
85.5,85.5,81.4000015258789,81.4000015258789,470,81.4000015258789,2023-02-23
78,83,78,83,142,83,2023-02-24
84.5,85,82.5,84.5,128,84.5,2023-02-27
83.9499969482422,83.9499969482422,83,83,182,83,2023-02-28
84.5,85,80.5,82.5,154,82.5,2023-03-01
84.5,84.5,84,84.5,62,84.5,2023-03-02
84.5,84.5,84,84.5,156,84.5,2023-03-03
84.5,85,84.0500030517578,84.5,152,84.5,2023-03-06
84.5,84.5,82,84.5,98,84.5,2023-03-07
84,85,81.9000015258789,81.9000015258789,188,81.9000015258789,2023-03-08
85,85,80.5,83,150,83,2023-03-09
83.6500015258789,86.5,83.5,83.5,276,83.5,2023-03-10
80.5,85,80,85,270,85,2023-03-13
84.5,85,84,84,32,84,2023-03-14
80.5,84,80.5,83,104,83,2023-03-15
83.5,85.5,81,84.5,262,84.5,2023-03-16
85,85.0500030517578,82,85,352,85,2023-03-17
83,85,82.5500030517578,85,22,85,2023-03-20
85.5,85.5,84.4499969482422,85.5,130,85.5,2023-03-21
84,87.5,82,86,272,86,2023-03-22
84,96,83.5999984741211,92.5,78,92.5,2023-03-23
85,89.5,85,89.5,20,89.5,2023-03-24
89,89,89,89,20,89,2023-03-27
90.5,90.5,90,90.5,26,90.5,2023-03-28
87.5,87.5,83.6999969482422,84.75,44,84.75,2023-03-29
87.3000030517578,91.5,87.3000030517578,91.5,64,91.5,2023-03-30
89.25,96,89.25,96,112,96,2023-03-31
96,112.75,96,112,390,112,2023-04-03
112.5,114,112,114,276,114,2023-04-04
119,119,112,112.650001525879,176,112.650001525879,2023-04-05
112,113,110,110.5,124,110.5,2023-04-06
109.5,109.5,100.5,104.900001525879,148,104.900001525879,2023-04-10
106,109.5,99.5,105,954,105,2023-04-11
102,110.599998474121,102,103,158,103,2023-04-12
107.5,107.5,103.25,103.25,76,103.25,2023-04-13
105,111.449996948242,104,104,102,104,2023-04-14
103.5,108.5,103.5,108.5,28,108.5,2023-04-17
106.800003051758,107.949996948242,106.800003051758,107.949996948242,14,107.949996948242,2023-04-18
105.199996948242,108,105,106.5,14,106.5,2023-04-19
106.900001525879,107.5,100.900001525879,100.900001525879,80,100.900001525879,2023-04-20
107,107,101.5,101.5,28,101.5,2023-04-21
104.5,104.5,104.5,104.5,10,104.5,2023-04-24
104.5,104.5,101,101,28,101,2023-04-25
102,103.25,102,103.25,8,103.25,2023-04-26
104,104,103.5,103.5,20,103.5,2023-04-27
105,105,102.5,105,50,105,2023-04-28
102,102.75,101.5,102.75,10,102.75,2023-05-01
101.5,105,101.5,105,16,105,2023-05-02
104.849998474121,111.5,104.449996948242,111.5,118,111.5,2023-05-03
114.650001525879,123,110.5,111.550003051758,60,111.550003051758,2023-05-04
117.5,117.5,105.150001525879,111.5,40,111.5,2023-05-05
108.5,112,108.5,109,52,109,2023-05-08
111,111,111,111,6,111,2023-05-09
114.5,122.5,106,122,38,122,2023-05-10
119.5,120.5,119.5,120.5,30,120.5,2023-05-11
119.25,119.25,76.9499969482422,93.5,500,93.5,2023-05-12
99.5,100,88.5,88.5,48,88.5,2023-05-15
85,90.5,85,87.5,18,87.5,2023-05-16
93.5,93.5,85.5,85.5,34,85.5,2023-05-17
86.9000015258789,95.5,86.9000015258789,95.5,28,95.5,2023-05-18
91.5500030517578,93,86,86,66,86,2023-05-19
86.5,87.0500030517578,86,86,28,86,2023-05-22
86,86,86,86,0,86,2023-05-23
90,91,84.5,85.5,28,85.5,2023-05-24
93,93,90,90,8,90,2023-05-25
87,89.4499969482422,85.75,89.4499969482422,84,89.4499969482422,2023-05-26
85.5,92,85.5,92,74,92,2023-05-30
89.5,89.5,85.5,86.5,56,86.5,2023-05-31
86.5,86.5,86.5,86.5,12,86.5,2023-06-01
88.6999969482422,88.6999969482422,88.6999969482422,88.6999969482422,14,88.6999969482422,2023-06-02
92,101,87.5,101,88,101,2023-06-05
99.8000030517578,99.8000030517578,87.5,87.5,26,87.5,2023-06-06
99.5,99.5,97.75,97.75,50,97.75,2023-06-07
99,99,87.5,88.5,90,88.5,2023-06-08
88.5,89,88,88,26,88,2023-06-09
88.5,95,87.5,87.5,40,87.5,2023-06-12
90.5,91,87,87,44,87,2023-06-13
90.5,99,90.5,92.5,778,92.5,2023-06-14
95,95,94,94,12,94,2023-06-15
94,94,94,94,6,94,2023-06-16
93.5999984741211,93.5999984741211,93.5999984741211,93.5999984741211,40,93.5999984741211,2023-06-20
98.5,117.5,92.5,92.5,972,92.5,2023-06-21
106.5,107.849998474121,90,101,270,101,2023-06-22
95,95,92.5,92.5,22,92.5,2023-06-23
92.5,92.5,84.5,84.5,452,84.5,2023-06-26
86,94.5,84,85.5,236,85.5,2023-06-27
93.5,99.9000015258789,85.5,85.5,102,85.5,2023-06-28
85.5,85.5,85.5,85.5,0,85.5,2023-06-29
85,85,85,85,18,85,2023-06-30
91,91,82.5,82.5,62,82.5,2023-07-03
87.5,100,85.5,87.5,100,87.5,2023-07-05
94,94,87.5,87.5,30,87.5,2023-07-06
87.5,87.5,87.5,87.5,0,87.5,2023-07-07
99.5,99.5,88.5,88.5,34,88.5,2023-07-10
88.5,88.5,88.5,88.5,2,88.5,2023-07-11
92.5,100,86.5,86.5,26,86.5,2023-07-12
90,96.25,90,92.5,34,92.5,2023-07-13
92.5,92.5,92.5,92.5,2,92.5,2023-07-14
92.5,92.5,92.5,92.5,12,92.5,2023-07-17
89.5,89.5,89.5,89.5,24,89.5,2023-07-18
89.5,96,89.5,96,8,96,2023-07-19
96,96,86.5,87,106,87,2023-07-20
90.9000015258789,92.5,90.9000015258789,92.5,8,92.5,2023-07-21
92.5,92.5,92.5,92.5,0,92.5,2023-07-24
88.25,88.25,86.5,86.5,18,86.5,2023-07-25
86.5,86.5,86.5,86.5,0,86.5,2023-07-26
85,87.75,85,86.75,34,86.75,2023-07-27
86.75,86.75,86.75,86.75,2,86.75,2023-07-28
86,86,84.5,84.5,18,84.5,2023-07-31
84.5,84.5,84.5,84.5,2,84.5,2023-08-01
84.5,84.5,84.5,84.5,2,84.5,2023-08-02
84,84,84,84,10,84,2023-08-03
87.5,87.5,84,84,20,84,2023-08-04
84,84,84,84,12,84,2023-08-07
84,84,84,84,6,84,2023-08-08
84,84,84,84,8,84,2023-08-09
84.5,84.5,84.5,84.5,14,84.5,2023-08-10
83.5,84.4499969482422,83.5,84.4499969482422,24,84.4499969482422,2023-08-11
83.5,90.5,83.5,90.5,14,90.5,2023-08-14
90.5,90.5,90.5,90.5,0,90.5,2023-08-15
84,84,84,84,4,84,2023-08-16
84,84,84,84,0,84,2023-08-17
83.5,84,83.5,83.6500015258789,22,83.6500015258789,2023-08-18
82.5,82.5,82.5,82.5,4,82.5,2023-08-21
82.5,82.5,82.5,82.5,0,82.5,2023-08-22
82.5,82.5,82.5,82.5,0,82.5,2023-08-23
84,84,82.5,82.5,30,82.5,2023-08-24
83.5,83.5,83.5,83.5,8,83.5,2023-08-25
83,83,82.5,82.5,16,82.5,2023-08-28
82.5,82.5,82.5,82.5,2,82.5,2023-08-29
82.6500015258789,82.6500015258789,80,82.3499984741211,150,82.3499984741211,2023-08-30
80,82.5,80,80,332,80,2023-08-31
85.75,85.75,84.5,85,222,85,2023-09-01
87,87,80,80,706,80,2023-09-05
86.5,86.5,86.5,86.5,16,86.5,2023-09-06
80,80.5,80,80.5,8,80.5,2023-09-07
86.5,86.5,82,82,6,82,2023-09-08
82,82,82,82,0,82,2023-09-11
83.5,86.5,80,80,26,80,2023-09-12
82.5,82.5,82.5,82.5,4,82.5,2023-09-13
86.5,87,80,87,228,87,2023-09-14
87,87,87,87,0,87,2023-09-15
87,88.25,81.5,81.5,52,81.5,2023-09-18
84.6999969482422,84.6999969482422,84.6999969482422,84.6999969482422,6,84.6999969482422,2023-09-19
82,82,81.5,81.5,6,81.5,2023-09-20
81.5,81.5,81.5,81.5,6,81.5,2023-09-21
82,84,82,84,28,84,2023-09-22
82,82,79,79,94,79,2023-09-25
79,79,79,79,0,79,2023-09-26
78,81,77.8000030517578,80,86,80,2023-09-27
80,80,80,80,0,80,2023-09-28
77,82,77,82,40,82,2023-09-29
76.5999984741211,81.6500015258789,75,81,82,81,2023-10-02
80.5,81,79.5,79.5,22,79.5,2023-10-03
88.5,88.5,76.5,76.5,216,76.5,2023-10-04
78,78,77.0500030517578,77.0500030517578,12,77.0500030517578,2023-10-05
77.5,77.5,77.5,77.5,2,77.5,2023-10-06
80,80,79.5,80,14,80,2023-10-09
88,89,88,89,4,89,2023-10-10
89,89,89,89,0,89,2023-10-11
77.5,82.75,77.5,82.75,10,82.75,2023-10-12
82.75,82.75,82.75,82.75,2,82.75,2023-10-13
87.5,88,87.5,88,16,88,2023-10-16
88,88,88,88,0,88,2023-10-17
83.25,83.25,77.5,78.5,24,78.5,2023-10-18
78.5,81.25,76.5,77.5,104,77.5,2023-10-19
77.5,77.5,77.5,77.5,66,77.5,2023-10-20
78,78,78,78,6,78,2023-10-23
78,78,77.5,77.5,20,77.5,2023-10-24
78.5,78.5,78.5,78.5,4,78.5,2023-10-25
80.5,80.5,79.0500030517578,79.0500030517578,6,79.0500030517578,2023-10-26
79.0500030517578,79.0500030517578,79.0500030517578,79.0500030517578,0,79.0500030517578,2023-10-27
79.0500030517578,79.0500030517578,79.0500030517578,79.0500030517578,0,79.0500030517578,2023-10-30
78.5,78.5,78.5,78.5,2,78.5,2023-10-31
78.5,78.5,78.5,78.5,0,78.5,2023-11-01
78.5,78.5,78.5,78.5,0,78.5,2023-11-02
78.5,78.5,78.5,78.5,0,78.5,2023-11-03
77.5,78.3499984741211,77.5,78.3499984741211,28,78.3499984741211,2023-11-06
78.3499984741211,78.3499984741211,78.3499984741211,78.3499984741211,6,78.3499984741211,2023-11-07
80.5999984741211,80.5999984741211,77.5,77.5,46,77.5,2023-11-08
77.5,77.5,76.5,76.5,10,76.5,2023-11-09
76.8000030517578,76.8000030517578,76.8000030517578,76.8000030517578,8,76.8000030517578,2023-11-10
76.8000030517578,76.8000030517578,76.8000030517578,76.8000030517578,0,76.8000030517578,2023-11-13
76.8000030517578,76.8000030517578,76.8000030517578,76.8000030517578,0,76.8000030517578,2023-11-14
83,83,83,83,8,83,2023-11-15
83,83,83,83,0,83,2023-11-16
76,76,76,76,16,76,2023-11-17
76.5,76.5,76,76,8,76,2023-11-20
76,76,76,76,0,76,2023-11-21
77.1500015258789,77.1500015258789,77.1500015258789,77.1500015258789,6,77.1500015258789,2023-11-22
87,88.5,82.5999984741211,88.5,234,88.5,2023-11-24
80,82.5999984741211,79.0500030517578,82.5999984741211,62,82.5999984741211,2023-11-27
87,87.6500015258789,84.5,85,20,85,2023-11-28
79,84.1999969482422,75.5,79,100,79,2023-11-29
75.5,84.5,75.5,78,64,78,2023-11-30
77,77.9000015258789,75.5,77,194,77,2023-12-01
80,80,76,76,82,76,2023-12-04
76.5,82,76.5,82,168,82,2023-12-05
81.5,81.5,81.5,81.5,4,81.5,2023-12-06
81.5,83.5,76.75,83.5,20,83.5,2023-12-07
83.75,87.5,82.5,84,146,84,2023-12-08
84.5,91,75.5,83.5,278,83.5,2023-12-11
83.5,88.1500015258789,83.5,87.5999984741211,64,87.5999984741211,2023-12-12
87.6999969482422,87.6999969482422,77.5,81.5,44,81.5,2023-12-13
81.5,85,80.25,83,64,83,2023-12-14
89.5,89.5,83.9000015258789,86.1999969482422,172,86.1999969482422,2023-12-15
90,95,89.5,89.5,86,89.5,2023-12-18
91.5,101.5,91.5,100.5,352,100.5,2023-12-19
99.5,99.5,84,87,618,87,2023-12-20
98.5,98.5,86.0999984741211,86.5,58,86.5,2023-12-21
93.3499984741211,94.5,90,90,158,90,2023-12-22
97,98,94.5,94.5,58,94.5,2023-12-26
94.5,97,94.5,94.5,112,94.5,2023-12-27
100,100,95,95.3499984741211,242,95.3499984741211,2023-12-28
95.5,95.5,90,90.5,90,90.5,2023-12-29
86,95,85,88,264,88,2024-01-02
94,94,87.5,88.5,54,88.5,2024-01-03
88.5,93.5,87,91.3000030517578,340,91.3000030517578,2024-01-04
93,95.5,92.5999984741211,92.5999984741211,90,92.5999984741211,2024-01-05
91,91,86.0500030517578,86.0500030517578,70,86.0500030517578,2024-01-08
87,91.75,86,86.5,70,86.5,2024-01-09
90.5,90.5,86,90.5,212,90.5,2024-01-10
90,90,86.5,86.5,40,86.5,2024-01-11
80.5,87.25,77.5,87.25,564,87.25,2024-01-12
90,90.5,78,78,94,78,2024-01-16
78,86,78,79,218,79,2024-01-17
81,85.5,80.9499969482422,81.5,36,81.5,2024-01-18
85.5999984741211,91,85.5999984741211,91,20,91,2024-01-19
85.5,94.9499969482422,83.5,85,196,85,2024-01-22
85,85,84,84,30,84,2024-01-23
84.0999984741211,87,83,83,376,83,2024-01-24
83,91,79,80,240,80,2024-01-25
80,80.5,80,80,28,80,2024-01-26
80,80,80,80,0,80,2024-01-29
80.5,88.0500030517578,80.5,86.5,90,86.5,2024-01-30
83.5,86.5,81.5,86,68,86,2024-01-31
86,86,84.9499969482422,84.9499969482422,12,84.9499969482422,2024-02-01
84.9499969482422,84.9499969482422,84.9499969482422,84.9499969482422,6,84.9499969482422,2024-02-02
88.5,90,79,79,108,79,2024-02-05
89.5,89.5,80.9499969482422,88.5,44,88.5,2024-02-06
88.5,88.5,86.6500015258789,86.6500015258789,10,86.6500015258789,2024-02-07
86.5,86.5,86.5,86.5,8,86.5,2024-02-08
86.5,87.5,81.5,81.5,632,81.5,2024-02-09
110,110,87.5,93,1260,93,2024-02-12
98.5,98.5,83.5,83.5,864,83.5,2024-02-13
85,96,85,87.5,2016,87.5,2024-02-14
82.5,93,82.5,90.25,1040,90.25,2024-02-15
97.5,98.5,92.25,93,1450,93,2024-02-16
94.5,96.5,82.5,90.5,1666,90.5,2024-02-20
90,90,82.5,87.5,1646,87.5,2024-02-21
87.5,93,85.25,92,2032,92,2024-02-22
89.5,89.5,83,84.5,2050,84.5,2024-02-23
85.5,102.5,84.5,87.75,4246,87.75,2024-02-26
93,97,86,94.5,4218,94.5,2024-02-27
91.5,96,89,95.5,2572,95.5,2024-02-28
93,107.5,93,105,4654,105,2024-02-29
105,109,101,102.5,3812,102.5,2024-03-01
99.5,109,99.5,103.5,2138,103.5,2024-03-04
100,106,97,101,1678,101,2024-03-05
98,105,98,103,1326,103,2024-03-06
102.5,109,102,102,2208,102,2024-03-07
100.5,101.5,88,90.5,2300,90.5,2024-03-08
90.5,96,90.5,93.5,2100,93.5,2024-03-11
91.5,96.1999969482422,88,93.5,2088,93.5,2024-03-12
91.5,107.5,91.5,95,4448,95,2024-03-13
97,100,94,96,1702,96,2024-03-14
93.5,96,93,95,2174,95,2024-03-15
96,100,87.75,93.5,5142,93.5,2024-03-18
92.5999984741211,95.75,90,93,1220,93,2024-03-19
91.5,97.5,91.5,94.5,1354,94.5,2024-03-20
97.5,98,94,95.5,2004,95.5,2024-03-21
97,104,97,100,4212,100,2024-03-22
100,102.5,98,100,2850,100,2024-03-25
105.099998474121,105.099998474121,93,95.5,2762,95.5,2024-03-26
94,97.5,79,80.5,3486,80.5,2024-03-27
82.5,82.5,74.5,76,3016,76,2024-03-28
74,76,72.5,76,1026,76,2024-04-01
75.5,79,75.5,77,1106,77,2024-04-02
76.5,82.4000015258789,76.5,81,2148,81,2024-04-03
83.5,87.5,82,83,2726,83,2024-04-04
84.5,88.5,80,80.5,2674,80.5,2024-04-05
83,84.25,77.5,79,2576,79,2024-04-08
80,82.25,74.5,80.5,5010,80.5,2024-04-09
83,86.5,81.5,84,3394,84,2024-04-10
82,87,81.5,82.5,2174,82.5,2024-04-11
81.6500015258789,83,78.5,80,2272,80,2024-04-12
82.5,83.5,78.5,80,3392,80,2024-04-15
79,81.5,70,71.5,6388,71.5,2024-04-16
72,77,65.5,66.5,3334,66.5,2024-04-17
66.5,68,55,55.5,6498,55.5,2024-04-18
54,56.5,51.5,52.5,1696,52.5,2024-04-19
52.5,52.75,46,51.5,2874,51.5,2024-04-22
50.5,59,50.5,54,3182,54,2024-04-23
54.5,54.5,52.5,53,2064,53,2024-04-24
54,54,51.5,52.5,2248,52.5,2024-04-25
52.5,54,52,53,2130,53,2024-04-26
53,54,52,52.5,2060,52.5,2024-04-29
53,55.0999984741211,51.5499992370605,52,2458,52,2024-04-30
54.0999984741211,58,52,53,2482,53,2024-05-01
54,56,51.5,54,3962,54,2024-05-02
56,57.5,54.25,54.5,3012,54.5,2024-05-03
55.5,57.5,54,54.5,2262,54.5,2024-05-06
53,54,51,51.5,2986,51.5,2024-05-07
52,55,52,53.5,3368,53.5,2024-05-08
55,57,50.5,53,3346,53,2024-05-09
52,54.5,52,53.5,2678,53.5,2024-05-10
53,53,51.5,52,430,52,2024-05-13
53.9500007629395,53.9500007629395,53,53.5,166,53.5,2024-05-14
54.5,55,49,53.5,3036,53.5,2024-05-15
53,53.5,51.5,52,3592,52,2024-05-16
53.5,55,52.25,54.25,3508,54.25,2024-05-17
53.5,57,53.5,56.2000007629395,2268,56.2000007629395,2024-05-20
56.5,59,55,56.5,5090,56.5,2024-05-21
57,60.25,56,58,4518,58,2024-05-22
57.5,60,53,53.5,4352,53.5,2024-05-23
55,55.5,53,53,336,53,2024-05-24
51,57,50,51,3760,51,2024-05-28
50,55,50,51.5,9288,51.5,2024-05-29
55,58.5,40.5499992370605,49.5,8622,49.5,2024-05-30
50.5,50.5,43,47,2224,47,2024-05-31
47,49,44.5,47.5,1618,47.5,2024-06-03
48.5,52.5,45,47,3746,47,2024-06-04
46.5,52,46.4000015258789,49.5,3374,49.5,2024-06-05
50,51.5,48,49.5,2116,49.5,2024-06-06
50,50.5,45.0999984741211,48.0999984741211,1414,48.0999984741211,2024-06-07
47.5,49.5,45.4000015258789,47.25,2690,47.25,2024-06-10
46,47.5,45,45.5,2350,45.5,2024-06-11
46.3499984741211,49,45.5,47,2740,47,2024-06-12
44.25,47,41.5,44.4500007629395,5006,44.4500007629395,2024-06-13
43.0999984741211,45.5,42.2000007629395,44.25,310,44.25,2024-06-14
42.5,44.9000015258789,41.25,41.7999992370605,552,41.7999992370605,2024-06-17
42,44.5,41.5,41.7999992370605,134,41.7999992370605,2024-06-18
42,43.1500015258789,39.5,43.1500015258789,194,43.1500015258789,2024-06-20
42.6500015258789,42.6500015258789,36.5,40.2999992370605,648,40.2999992370605,2024-06-21
40.5,40.5,27,27.9500007629395,2698,27.9500007629395,2024-06-24
27,29.4500007629395,25.5,25.5,1968,25.5,2024-06-25
25.1499996185303,28.6499996185303,25.1000003814697,25.8999996185303,336,25.8999996185303,2024-06-26
27.6499996185303,29.9500007629395,26.5,27.5499992370605,1478,27.5499992370605,2024-06-27
26.0499992370605,29.6000003814697,26.0499992370605,28.2999992370605,268,28.2999992370605,2024-06-28
28.6499996185303,29.8999996185303,26.5,27.5,448,27.5,2024-07-01
27.5,27.5,25,25.1499996185303,440,25.1499996185303,2024-07-02
24.5,25.5,23.6000003814697,23.6499996185303,380,23.6499996185303,2024-07-03
23.25,27.7000007629395,23.25,27.6499996185303,816,27.6499996185303,2024-07-05
27.7000007629395,29.5,27.6499996185303,29.3999996185303,400,29.3999996185303,2024-07-08
28.1499996185303,28.7000007629395,26.3500003814697,26.9500007629395,164,26.9500007629395,2024-07-09
26.9500007629395,29.5,26.9500007629395,29.3999996185303,1038,29.3999996185303,2024-07-10
27.5499992370605,29.2999992370605,27.5499992370605,27.5499992370605,158,27.5499992370605,2024-07-11
27.2000007629395,27.5,24.0499992370605,24.0499992370605,236,24.0499992370605,2024-07-12
25,27.1499996185303,24.5,27.0499992370605,272,27.0499992370605,2024-07-15
27,27,25.0499992370605,25.9500007629395,246,25.9500007629395,2024-07-16
25.7000007629395,25.7000007629395,24.0499992370605,24.6499996185303,362,24.6499996185303,2024-07-17
24.5,29,24.5,26,2260,26,2024-07-18
25,25,24.0499992370605,24.2999992370605,90,24.2999992370605,2024-07-19
25,25.75,24.2999992370605,25.6499996185303,158,25.6499996185303,2024-07-22
24.0499992370605,25.5,24.0499992370605,25.5,146,25.5,2024-07-23
27.5,30,24.6000003814697,27.8999996185303,1758,27.8999996185303,2024-07-24
29,31.5,26.7999992370605,29.9500007629395,2654,29.9500007629395,2024-07-25
30,40,30,37.8499984741211,3108,37.8499984741211,2024-07-26
40.25,55,36,40.9500007629395,8702,40.9500007629395,2024-07-29
39,39.6500015258789,37,38.9000015258789,886,38.9000015258789,2024-07-30
38.25,38.5,36.75,38,794,38,2024-07-31
38,38,35,37.4500007629395,2350,37.4500007629395,2024-08-01
35,47.3499984741211,35,44.5,16516,44.5,2024-08-02
42,44,40,44,2762,44,2024-08-05
44,53.5999984741211,42.25,52.5,3872,52.5,2024-08-06
50,52,45.5,48.0499992370605,5266,48.0499992370605,2024-08-07
47.5,51.2999992370605,46.75,46.75,334,46.75,2024-08-08
45,49.5,40.0499992370605,41,3876,41,2024-08-09
41,42.5,38.5,41.2999992370605,2454,41.2999992370605,2024-08-12
41,44,38.5,43.3499984741211,2988,43.3499984741211,2024-08-13
45.5,47.2000007629395,41.0999984741211,44.9000015258789,336,44.9000015258789,2024-08-14
45,52.5,43.5,48,2108,48,2024-08-15
46.5499992370605,54.5,46,53,2420,53,2024-08-16
53.5,57,50.5,55.5,2404,55.5,2024-08-19
52.5,54,48.75,52,2562,52,2024-08-20
51,54,51,53,108,53,2024-08-21
55,59,54,58,3118,58,2024-08-22
56.5,62,56.5,57.5,4160,57.5,2024-08-23
57.5,57.5,54,54.5,400,54.5,2024-08-26
55,56.5,53.5,55.25,1474,55.25,2024-08-27
56.5,60,56,56.5,1028,56.5,2024-08-28
55.5,58.5,54,55,1218,55,2024-08-29
53.5,57.5499992370605,53.5,55,1180,55,2024-08-30
55,67,55,65.5,6104,65.5,2024-09-03
62.5,73,62.5,64,5656,64,2024-09-04
65,70,61,66,3416,66,2024-09-05
66,66,61,64.5,486,64.5,2024-09-06
63.5,64.5500030517578,60,62.5,1580,62.5,2024-09-09
61.5,64.3499984741211,60,60.5,2196,60.5,2024-09-10
59,63,59,60,210,60,2024-09-11
60,68.25,60,67.5,1990,67.5,2024-09-12
66,75,66,71.5500030517578,1894,71.5500030517578,2024-09-13
76,80.5,74.5,78,3358,78,2024-09-16
81.5,85.5,75,77,7116,77,2024-09-17
77,85.5,75,78,2444,78,2024-09-18
78,80.5500030517578,73,77.5,2460,77.5,2024-09-19
75.5,82,74,77,2100,77,2024-09-20
77,89,75.5,83,4104,83,2024-09-23
81,87,76.5,78,2402,78,2024-09-24
75.5,78.5,66.5,71,6672,71,2024-09-25
71.5,75.5,70.5,71.5,2296,71.5,2024-09-26
73,81,71.5,77.5,4444,77.5,2024-09-27
78.5,90,78.5,85,3120,85,2024-09-30
83,99,83,95.5,4300,95.5,2024-10-01
97.5,109.5,96,97,4950,97,2024-10-02
94.5,107,91.5,93,3772,93,2024-10-03
95.6500015258789,100,94.5,95.5,1334,95.5,2024-10-04
98.5,102.5,92,96.5,1192,96.5,2024-10-07
95,101.400001525879,89,93.5,2018,93.5,2024-10-08
93,107.5,93,104.5,2754,104.5,2024-10-09
101.5,107.5,91.5,91.5,4326,91.5,2024-10-10
91.5,96.5,91,92,2322,92,2024-10-11
93,95.5,87.5,90.5,2674,90.5,2024-10-14
92,92.5,85,87.75,3272,87.75,2024-10-15
88,93.5,88,91.5,1326,91.5,2024-10-16
91.5,92.5,82,85,1068,85,2024-10-17
87,90,86,87.5,2054,87.5,2024-10-18
87.5,94,87.5,89.5,2966,89.5,2024-10-21
90.5,95.1500015258789,89.4499969482422,92,1432,92,2024-10-22
92.5,95.5,87.5,90,1542,90,2024-10-23
89,92,88.5,90.5,602,90.5,2024-10-24
90.5,93,89,89,240,89,2024-10-25
89.5,94,87,90,696,90,2024-10-28
88,91.5,85,86.5,2938,86.5,2024-10-29
85.5,90.4499969482422,85.5,88,200,88,2024-10-30
88.0500030517578,91,85,85.5,336,85.5,2024-10-31
89.5,92.5,85.5500030517578,89.5,564,89.5,2024-11-01
90.5,95.75,89,92,2436,92,2024-11-04
92.0500030517578,99.4499969482422,90,92,1496,92,2024-11-05
95,98,90.5,94.5,2056,94.5,2024-11-06
93.5,93.5,86.0999984741211,91.5,314,91.5,2024-11-07
91.5,94,86,88.5,514,88.5,2024-11-08
91.5,91.5,85.5,89.5,1920,89.5,2024-11-11
88.5,89,84,84.5,278,84.5,2024-11-12
85,89,85,89,236,89,2024-11-13
89,89,86,86,156,86,2024-11-14
87,94,86,93,1726,93,2024-11-15
93,93,87.5,87.5,218,87.5,2024-11-18
87.5,91.6500015258789,86.5,91.5,1980,91.5,2024-11-19
93.5,93.5,87,90.5,124,90.5,2024-11-20
88,89.9499969482422,85,85,104,85,2024-11-21
91,91,86,86.5,2128,86.5,2024-11-22
88,92.5,87,90.5,286,90.5,2024-11-25
91,97,87.5,89,2856,89,2024-11-26
89,91,87.5,87.5,114,87.5,2024-11-27
87.5,90.75,85,90,392,90,2024-11-29
86,86.5,80,81,1970,81,2024-12-02
79,82.5,79,81,1804,81,2024-12-03
80,86,78.5,85.5,2194,85.5,2024-12-04
83,85.5,79,82.5,1706,82.5,2024-12-05
81.5,84.5,81,83.5,268,83.5,2024-12-06
83.4000015258789,89,83.4000015258789,87,652,87,2024-12-09
86,90,85.5,87.5,528,87.5,2024-12-10
88,91.5,83.5,87.5,6316,87.5,2024-12-11
87.5,87.5,82.5500030517578,86,1118,86,2024-12-12
93.5,93.5,83,83.5,2612,83.5,2024-12-13
82,87.5,79.5,84.5,1266,84.5,2024-12-16
83,88.5,80,84,2494,84,2024-12-17
86,92,82.5,85.5,2778,85.5,2024-12-18
84,85,82,83.25,846,83.25,2024-12-19
77,89,75,75,9096,75,2024-12-20
78.5,81.5,75.0500030517578,78.5,2670,78.5,2024-12-23
74.5,75.5,66,66,18976,66,2024-12-24
65,66,61,62.5,1370,62.5,2024-12-26
60,64,58.5,62.5,872,62.5,2024-12-27
62.5,70.5,60.5,70.5,786,70.5,2024-12-30
70.5,82,69.5,75.5,2504,75.5,2024-12-31
73.5,80.0999984741211,72.5,74.8499984741211,1504,74.8499984741211,2025-01-02
73.4000015258789,76,71,72.5,188,72.5,2025-01-03
72.5,72.5,69,70.5,314,70.5,2025-01-06
68,71.1999969482422,66,66,94,66,2025-01-07
66.5,68.5,66.5,68.5,44,68.5,2025-01-08
68.5,69.5,67,67,60,67,2025-01-10
68,71,65,66.4000015258789,84,66.4000015258789,2025-01-13
64,67.5,62.5,64,1280,64,2025-01-14
63.5,66.5,60.7999992370605,62,156,62,2025-01-15
64,64.5,62,62,190,62,2025-01-16
62,69,62,64.1500015258789,1830,64.1500015258789,2025-01-17
67,70,61,70,1522,70,2025-01-21
70,75,69.5,72.5,1128,72.5,2025-01-22
71.5999984741211,71.5999984741211,67.5,67.5,190,67.5,2025-01-23
70,70.75,66,68,202,68,2025-01-24
65,67.5,45.0499992370605,52.5,4538,52.5,2025-01-27
51.5,53.4500007629395,50.75,53,1174,53,2025-01-28
50,50.5,48.25,48.5,1156,48.5,2025-01-29
48.5,48.5,43.5,43.5,620,43.5,2025-01-30
44.4500007629395,44.7000007629395,43.6500015258789,44.5,1464,44.5,2025-01-31
43.5,44,42,42.7999992370605,704,42.7999992370605,2025-02-03
44.5,45,42,42.5,1240,42.5,2025-02-04
42.5,42.5,41,41.5,352,41.5,2025-02-05
42,42,41.25,41.5,850,41.5,2025-02-06
41.5,41.5,38.5,40,1004,40,2025-02-07
40,40,37.5,39,1178,39,2025-02-10
39,39.2000007629395,38,38.0499992370605,998,38.0499992370605,2025-02-11
38,42.9000015258789,38,40,684,40,2025-02-12
40,42.5,36.5499992370605,41.5,158,41.5,2025-02-13
41,43.5,39.25,39.25,1100,39.25,2025-02-14
39.2000007629395,39.25,35.0499992370605,37.5499992370605,272,37.5499992370605,2025-02-18
39,39.5,38.8499984741211,38.8499984741211,210,38.8499984741211,2025-02-19
38.9000015258789,40,38,39.5,136,39.5,2025-02-20
42,43.5,34.5,34.5,758,34.5,2025-02-21
35,36.5,30,31,1306,31,2025-02-24
29.3999996185303,31,25.0499992370605,27.3999996185303,408,27.3999996185303,2025-02-25
25,26.5499992370605,22.7999992370605,25.2000007629395,3020,25.2000007629395,2025-02-26
27.2999992370605,27.2999992370605,23.5,24,1344,24,2025-02-27
23.5,25.6000003814697,16.1000003814697,16.4500007629395,32894,16.4500007629395,2025-02-28
7.34999990463257,8.30000019073486,6.25,6.65000009536743,189496,6.65000009536743,2025-03-03
5.55000019073486,5.69999980926514,4.09999990463257,5.25,898866,5.25,2025-03-04
5.15000009536743,5.5,4.55000019073486,5.09999990463257,210924,5.09999990463257,2025-03-05
9.69999980926514,14.4499998092651,9.5,10.75,13894106,10.75,2025-03-06
9.25,9.25,7.19999980926514,7.84999990463257,872396,7.84999990463257,2025-03-07
7.5,7.5,6.19999980926514,6.5,335124,6.5,2025-03-10
6.5,7.5,6.34999990463257,6.90000009536743,261950,6.90000009536743,2025-03-11
6.55000019073486,6.75,6.05000019073486,6.09999990463257,134748,6.09999990463257,2025-03-12
5.59999990463257,6.25,5.59999990463257,5.65000009536743,86672,5.65000009536743,2025-03-13
5.55000019073486,6.75,5.5,5.65000009536743,257692,5.65000009536743,2025-03-14
5.59999990463257,5.59999990463257,5.15000009536743,5.30000019073486,456642,5.30000019073486,2025-03-17
3.65000009536743,3.70000004768372,3.15000009536743,3.5,885608,3.5,2025-03-18
3.34999990463257,3.59999990463257,3.04999995231628,3.59999990463257,1232338,3.59999990463257,2025-03-19
3.84999990463257,4.40000009536743,3.70000004768372,3.84999990463257,3256180,3.84999990463257,2025-03-20
3.65000009536743,3.70000004768372,3.09999990463257,3.29999995231628,742456,3.29999995231628,2025-03-21
3.34999990463257,3.95000004768372,3.29999995231628,3.5,774318,3.5,2025-03-24
3.34999990463257,3.45000004768372,3.09999990463257,3.34999990463257,337790,3.34999990463257,2025-03-25
3.45000004768372,4.05000019073486,3.45000004768372,3.75,984402,3.75,2025-03-26
4,4.65000009536743,3.84999990463257,4.65000009536743,1482646,4.65000009536743,2025-03-27
3.90000009536743,3.90000009536743,2.75,2.95000004768372,835980,2.95000004768372,2025-03-28
2.54999995231628,2.90000009536743,2.15000009536743,2.34999990463257,330106,2.34999990463257,2025-03-31
2.54999995231628,2.54999995231628,2.09999990463257,2.15000009536743,256920,2.15000009536743,2025-04-01
2.5,3,2.34999990463257,2.5,1921852,2.5,2025-04-02
2.25,2.5,2.15000009536743,2.34999990463257,180958,2.34999990463257,2025-04-03
2.29999995231628,2.75,2.25,2.59999990463257,313828,2.59999990463257,2025-04-04
2.25,2.34999990463257,2.15000009536743,2.15000009536743,364570,2.15000009536743,2025-04-07
1.85000002384186,1.95000004768372,1.60000002384186,1.70000004768372,347806,1.70000004768372,2025-04-08
1.54999995231628,1.54999995231628,1.10000002384186,1.45000004768372,544804,1.45000004768372,2025-04-09
1.5,1.64999997615814,1.35000002384186,1.54999995231628,555376,1.54999995231628,2025-04-10
1.70000004768372,1.70000004768372,1.5,1.60000002384186,173192,1.60000002384186,2025-04-11
1.75,1.75,1.64999997615814,1.75,246668,1.75,2025-04-14
1.75,1.75,1.60000002384186,1.70000004768372,121300,1.70000004768372,2025-04-15
1.64999997615814,1.70000004768372,1.39999997615814,1.54999995231628,145744,1.54999995231628,2025-04-16
1.5,1.54999995231628,1.45000004768372,1.5,84982,1.5,2025-04-17
1.5,1.54999995231628,1.25,1.39999997615814,104452,1.39999997615814,2025-04-21
1.75,1.75,1.39999997615814,1.5,733974,1.5,2025-04-22
3.34999990463257,3.84999990463257,2.65000009536743,2.90000009536743,14677406,2.90000009536743,2025-04-23
2,2.25,1.95000004768372,1.95000004768372,665658,1.95000004768372,2025-04-24
3,3.40000009536743,2.20000004768372,2.45000004768372,6818240,2.45000004768372,2025-04-25
3.09999990463257,7.40000009536743,2.79999995231628,6.69999980926514,37553474,6.69999980926514,2025-04-28
7.59999990463257,7.65000009536743,4.25,5.09999990463257,4986458,5.09999990463257,2025-04-29
4.90000009536743,5.5,4.5,5.25,1549334,5.25,2025-04-30
5.40000009536743,5.40000009536743,4.5,4.65000009536743,698932,4.65000009536743,2025-05-01
4.5,4.75,3.5,3.65000009536743,677744,3.65000009536743,2025-05-02
4.65000009536743,5.5,4.25,4.40000009536743,4764832,4.40000009536743,2025-05-05
4.15000009536743,4.69999980926514,4.05000019073486,4.25,743408,4.25,2025-05-06
4.59999990463257,5.44999980926514,4.34999990463257,4.55000019073486,3151322,4.55000019073486,2025-05-07
5,5.59999990463257,4.59999990463257,4.90000009536743,973934,4.90000009536743,2025-05-08
4.59999990463257,5.05000019073486,4.30000019073486,4.90000009536743,567370,4.90000009536743,2025-05-09
5,5,4.55000019073486,4.75,690962,4.75,2025-05-12
4.80000019073486,4.94999980926514,4.34999990463257,4.44999980926514,556138,4.44999980926514,2025-05-13
4.5,5.19999980926514,4.34999990463257,4.69999980926514,1279664,4.69999980926514,2025-05-14
3.5,3.5,3,3,568146,3,2025-05-15
4.19999980926514,4.19999980926514,3.20000004768372,3.34999990463257,3148954,3.34999990463257,2025-05-16
3.34999990463257,3.90000009536743,3.34999990463257,3.54999995231628,598528,3.54999995231628,2025-05-19
3.59999990463257,4.05000019073486,3.54999995231628,4,703578,4,2025-05-20
4.09999990463257,4.09999990463257,3.59999990463257,3.79999995231628,315918,3.79999995231628,2025-05-21
3.65000009536743,3.90000009536743,3.65000009536743,3.70000004768372,256744,3.70000004768372,2025-05-22
3.59999990463257,3.90000009536743,3.29999995231628,3.54999995231628,444144,3.54999995231628,2025-05-23
3.54999995231628,3.90000009536743,3.5,3.59999990463257,377736,3.59999990463257,2025-05-27
3.59999990463257,3.84999990463257,3.54999995231628,3.59999990463257,230148,3.59999990463257,2025-05-28
3.59999990463257,3.65000009536743,3.29999995231628,3.40000009536743,205316,3.40000009536743,2025-05-29
3.25,3.34999990463257,2.75,3,247844,3,2025-05-30
3.04999995231628,3.29999995231628,2.79999995231628,2.84999990463257,149378,2.84999990463257,2025-06-02
2.75,3.10999989509583,2.10999989509583,2.80999994277954,886100,2.80999994277954,2025-06-03
2.79999995231628,4.92999982833862,2.69700002670288,3.75999999046326,4646400,3.75999999046326,2025-06-04
3.9300000667572,4.1399998664856,2.96000003814697,3.00500011444092,961000,3.00500011444092,2025-06-05
3.1800000667572,3.29999995231628,2.92000007629395,3.10999989509583,334500,3.10999989509583,2025-06-06
3.07999992370605,3.19000005722046,2.84999990463257,3.14000010490417,362800,3.14000010490417,2025-06-09
3.09999990463257,3.15599989891052,2.92000007629395,3.07999992370605,170400,3.07999992370605,2025-06-10
2.94000005722046,3.07999992370605,2.79999995231628,2.88000011444092,196300,2.88000011444092,2025-06-11
2.82999992370605,3.02999997138977,2.75,2.88000011444092,145200,2.88000011444092,2025-06-12
2.77999997138977,2.86999988555908,2.51999998092651,2.51999998092651,109100,2.51999998092651,2025-06-13
2.54999995231628,2.59999990463257,1.64999997615814,2.45000004768372,515300,2.45000004768372,2025-06-16
2.41000008583069,2.41000008583069,2.15000009536743,2.23000001907349,136500,2.23000001907349,2025-06-17
2.29999995231628,2.42899990081787,2.29999995231628,2.36999988555908,132600,2.36999988555908,2025-06-18
2.34999990463257,2.59999990463257,2.17000007629395,2.30999994277954,4186100,2.30999994277954,2025-06-20
2.58999991416931,2.58999991416931,2.29999995231628,2.33999991416931,2162400,2.33999991416931,2025-06-23
2.22000002861023,2.38000011444092,2.17000007629395,2.23000001907349,386000,2.23000001907349,2025-06-24
2.25,2.28999996185303,2.17000007629395,2.22000002861023,184500,2.22000002861023,2025-06-25
2.19000005722046,2.58999991416931,2.05999994277954,2.42000007629395,330300,2.42000007629395,2025-06-26
2.42000007629395,2.42000007629395,2.17000007629395,2.19000005722046,102100,2.19000005722046,2025-06-27
2.1949999332428,2.45000004768372,2.16000008583069,2.32999992370605,241600,2.32999992370605,2025-06-30
2.32999992370605,2.59999990463257,2.32999992370605,2.38000011444092,219100,2.38000011444092,2025-07-01
2.39000010490417,2.65000009536743,2.38199996948242,2.54500007629395,265500,2.54500007629395,2025-07-02
2.5,2.72000002861023,2.42000007629395,2.58999991416931,363600,2.58999991416931,2025-07-03
2.66000008583069,2.66000008583069,2.48099994659424,2.49000000953674,273700,2.49000000953674,2025-07-07
2.40000009536743,2.74000000953674,2.40000009536743,2.71000003814697,237700,2.71000003814697,2025-07-08
2.86999988555908,3.09999990463257,2.65000009536743,2.74000000953674,335700,2.74000000953674,2025-07-09
2.78999996185303,2.99000000953674,2.65000009536743,2.95000004768372,266300,2.95000004768372,2025-07-10
2.99000000953674,3.20900011062622,2.78999996185303,2.97000002861023,1844100,2.97000002861023,2025-07-11
3.04999995231628,3.08999991416931,2.75500011444092,3,367000,3,2025-07-14
2.90000009536743,2.95900011062622,2.79999995231628,2.82999992370605,201000,2.82999992370605,2025-07-15
2.82999992370605,2.98000001907349,2.6800000667572,2.88000011444092,145600,2.88000011444092,2025-07-16
2.83999991416931,2.9300000667572,2.75,2.80999994277954,115100,2.80999994277954,2025-07-17
2.80999994277954,3.13499999046326,2.70000004768372,2.84999990463257,183000,2.84999990463257,2025-07-18
2.6800000667572,2.78999996185303,2.40000009536743,2.51999998092651,315200,2.51999998092651,2025-07-21
2.57999992370605,2.63000011444092,2.50999999046326,2.53999996185303,67200,2.53999996185303,2025-07-22
2.51999998092651,2.64000010490417,2.51999998092651,2.59999990463257,50700,2.59999990463257,2025-07-23
2.61999988555908,2.6710000038147,2.29999995231628,2.47000002861023,313500,2.47000002861023,2025-07-24
2.48099994659424,2.5,2.4300000667572,2.45000004768372,71200,2.45000004768372,2025-07-25
2.4300000667572,2.49399995803833,2.29999995231628,2.33999991416931,89800,2.33999991416931,2025-07-28
2.30999994277954,2.58999991416931,2.29999995231628,2.29999995231628,252500,2.29999995231628,2025-07-29
2.34999990463257,2.42000007629395,2.20000004768372,2.20000004768372,138800,2.20000004768372,2025-07-30
2.10999989509583,2.29500007629395,2.10999989509583,2.11999988555908,68600,2.11999988555908,2025-07-31
2.00999999046326,2.17000007629395,1.9099999666214,1.9650000333786,80400,1.9650000333786,2025-08-01
2.00999999046326,2.32999992370605,1.97000002861023,2.20000004768372,88900,2.20000004768372,2025-08-04
2.20000004768372,2.33999991416931,2.17000007629395,2.23000001907349,41600,2.23000001907349,2025-08-05
2.16000008583069,2.25,2.01699995994568,2.10999989509583,41300,2.10999989509583,2025-08-06
2.0699999332428,2.23499989509583,2.04999995231628,2.15000009536743,59000,2.15000009536743,2025-08-07
2.09999990463257,2.28999996185303,2.09999990463257,2.20000004768372,22000,2.20000004768372,2025-08-08
2.1800000667572,2.26999998092651,2.13000011444092,2.21000003814697,47900,2.21000003814697,2025-08-11
2.25,2.26900005340576,2.13000011444092,2.22000002861023,40600,2.22000002861023,2025-08-12
2.21000003814697,2.26999998092651,2.17799997329712,2.25,31200,2.25,2025-08-13
2.25,2.4300000667572,2.25,2.29999995231628,82900,2.29999995231628,2025-08-14
2.32999992370605,2.32999992370605,2.1800000667572,2.21000003814697,27100,2.21000003814697,2025-08-15
2.27999997138977,2.27999997138977,2.09999990463257,2.13000011444092,55900,2.13000011444092,2025-08-18
2.17000007629395,2.18300008773804,2.03999996185303,2.07999992370605,49100,2.07999992370605,2025-08-19
2,2.0699999332428,1.94000005722046,2.01999998092651,41000,2.01999998092651,2025-08-20
2.00999999046326,2.07999992370605,1.98000001907349,2.05999994277954,36200,2.05999994277954,2025-08-21
2.13000011444092,2.25999999046326,1.89999997615814,1.97000002861023,97900,1.97000002861023,2025-08-22
2.04999995231628,2.25,2.04999995231628,2.22000002861023,77900,2.22000002861023,2025-08-25
2.21000003814697,2.71000003814697,2.12400007247925,2.59999990463257,483000,2.59999990463257,2025-08-26
2.59999990463257,2.69899988174438,1.62000000476837,2.02999997138977,673300,2.02999997138977,2025-08-27
2.04999995231628,2.04999995231628,1.91999995708466,2.02999997138977,143700,2.02999997138977,2025-08-28
2.08999991416931,2.08999991416931,1.91999995708466,1.96000003814697,29200,1.96000003814697,2025-08-29
1.96000003814697,1.98000001907349,1.86500000953674,1.88999998569489,57100,1.88999998569489,2025-09-02
1.89999997615814,1.94000005722046,1.86000001430511,1.87000000476837,36000,1.87000000476837,2025-09-03
1.92999994754791,1.97000002861023,1.87000000476837,1.87000000476837,71900,1.87000000476837,2025-09-04
1.89999997615814,1.91999995708466,1.5,1.75999999046326,109900,1.75999999046326,2025-09-05
1.75999999046326,1.86000001430511,1.64999997615814,1.80999994277954,60200,1.80999994277954,2025-09-08
1.91999995708466,2.35999989509583,1.85000002384186,2.20000004768372,781000,2.20000004768372,2025-09-09
2.05999994277954,4.38000011444092,2.04999995231628,2.3199999332428,11360800,2.3199999332428,2025-09-10
1.91999995708466,2.10999989509583,1.91999995708466,1.99000000953674,533200,1.99000000953674,2025-09-11
2,2.45000004768372,1.98000001907349,2.32999992370605,423600,2.32999992370605,2025-09-12
2.21000003814697,2.44000005722046,2.17000007629395,2.32999992370605,155300,2.32999992370605,2025-09-15
2.44000005722046,2.44000005722046,2.28999996185303,2.33999991416931,84100,2.33999991416931,2025-09-16
2.45000004768372,2.45000004768372,2.30999994277954,2.36999988555908,98700,2.36999988555908,2025-09-17
2.45000004768372,2.45000004768372,2.22000002861023,2.23000001907349,12613100,2.23000001907349,2025-09-18
6.98999977111816,18.1000003814697,6.23000001907349,10.3400001525879,207569500,10.3400001525879,2025-09-19
9.27999973297119,9.77200031280518,7.65000009536743,9.67000007629395,2965700,9.67000007629395,2025-09-22
9.22000026702881,11.75,8,8,1412600,8,2025-09-23
7.82999992370605,8.69999980926514,7.44999980926514,7.84000015258789,471900,7.84000015258789,2025-09-24
7.59000015258789,8.35099983215332,7.38000011444092,7.55999994277954,311500,7.55999994277954,2025-09-25
7.8600001335144,9.60000038146973,7.80999994277954,8.65999984741211,1424900,8.65999984741211,2025-09-26
8.39999961853027,8.69999980926514,8.02999973297119,8.10000038146973,271700,8.10000038146973,2025-09-29
7.94000005722046,8.39999961853027,7.90000009536743,8.31999969482422,133300,8.31999969482422,2025-09-30
7.94999980926514,8.57999992370605,7.94999980926514,8.35000038146973,126900,8.35000038146973,2025-10-01
8.25,9.48999977111816,7.59000015258789,7.98999977111816,562200,7.98999977111816,2025-10-02
8.39000034332275,8.39999961853027,7.80000019073486,7.80000019073486,174500,7.80000019073486,2025-10-03
7.80000019073486,8.10000038146973,7.57999992370605,7.84999990463257,182400,7.84999990463257,2025-10-06
7.69000005722046,7.7480001449585,6.69999980926514,6.80000019073486,319000,6.80000019073486,2025-10-07
6.90000009536743,7.07999992370605,6.59999990463257,6.78999996185303,107500,6.78999996185303,2025-10-08
6.55999994277954,6.97200012207031,6.55999994277954,6.67000007629395,59200,6.67000007629395,2025-10-09
