"BOTZ.MI.Open","BOTZ.MI.High","BOTZ.MI.Low","BOTZ.MI.Close","BOTZ.MI.Volume","BOTZ.MI.Adjusted","Date"
24.8700008392334,24.8700008392334,24.8700008392334,24.8700008392334,0,24.8700008392334,2021-11-16
24.7977104187012,24.7977104187012,24.7977104187012,24.7977104187012,0,24.7977104187012,2021-11-17
24.9268093109131,24.9268093109131,24.9268093109131,24.9268093109131,0,24.9268093109131,2021-11-18
22.2950000762939,22.3799991607666,22.2950000762939,22.1000003814697,1000,22.1000003814697,2021-11-19
22.1000003814697,22.1000003814697,22.1000003814697,22.1000003814697,0,22.1000003814697,2021-11-22
21.7000007629395,21.7000007629395,21.7000007629395,21.3799991607666,20,21.3799991607666,2021-11-23
21.3799991607666,21.3799991607666,21.3799991607666,21.3799991607666,0,21.3799991607666,2021-11-24
21.7600002288818,21.7600002288818,21.7600002288818,21.7099990844727,50,21.7099990844727,2021-11-25
21.1650009155273,21.1650009155273,21.1499996185303,20.8549995422363,9648,20.8549995422363,2021-11-26
21.2549991607666,21.2549991607666,21.0949993133545,21.1599998474121,7792,21.1599998474121,2021-11-29
20.9650001525879,20.9650001525879,20.9650001525879,20.9099998474121,804,20.9099998474121,2021-11-30
21.1450004577637,21.1450004577637,21.1450004577637,21.2250003814697,804,21.2250003814697,2021-12-01
20.7399997711182,20.7450008392334,20.6700000762939,20.5900001525879,2462,20.5900001525879,2021-12-02
20.7000007629395,20.8050003051758,20.6749992370605,20.3449993133545,970,20.3449993133545,2021-12-03
20.3449993133545,20.3449993133545,20.3449993133545,20.3449993133545,0,20.3449993133545,2021-12-06
21.1000003814697,21.1000003814697,21.1000003814697,21.3199996948242,200,21.3199996948242,2021-12-07
21.5200004577637,21.5200004577637,21.5200004577637,21.3500003814697,145,21.3500003814697,2021-12-08
21.2000007629395,21.2000007629395,21.2000007629395,21.1900005340576,145,21.1900005340576,2021-12-09
21.1900005340576,21.1900005340576,21.1900005340576,21.1900005340576,0,21.1900005340576,2021-12-10
21,21,21,20.6450004577637,10,20.6450004577637,2021-12-13
20.4449996948242,20.4449996948242,20.4449996948242,20.1949996948242,100,20.1949996948242,2021-12-14
20.2749996185303,20.2749996185303,20.25,20.2150001525879,800,20.2150001525879,2021-12-15
20.7299995422363,20.7299995422363,20.7299995422363,20.6100006103516,804,20.6100006103516,2021-12-16
20.2900009155273,20.2900009155273,20.2900009155273,20.3999996185303,236,20.3999996185303,2021-12-17
19.8560009002686,19.9039993286133,19.8560009002686,19.8040008544922,168,19.8040008544922,2021-12-20
19.8040008544922,19.8040008544922,19.8040008544922,19.8040008544922,0,19.8040008544922,2021-12-21
20.4300003051758,20.4300003051758,20.4300003051758,20.5849990844727,50,20.5849990844727,2021-12-22
20.7600002288818,20.7600002288818,20.7600002288818,20.8500003814697,5,20.8500003814697,2021-12-23
20.8500003814697,20.8500003814697,20.8500003814697,20.8500003814697,0,20.8500003814697,2021-12-27
20.8500003814697,20.8500003814697,20.8500003814697,20.8500003814697,0,20.8500003814697,2021-12-28
21.0049991607666,21.0049991607666,20.6000003814697,20.6949996948242,925,20.6949996948242,2021-12-29
20.6949996948242,20.6949996948242,20.6949996948242,20.6949996948242,0,20.6949996948242,2021-12-30
20.7800006866455,20.7800006866455,20.7800006866455,20.7800006866455,144,20.7800006866455,2022-01-03
20.8999996185303,20.9150009155273,20.8999996185303,20.6149997711182,80,20.6149997711182,2022-01-04
20.6149997711182,20.6149997711182,20.6149997711182,20.6149997711182,0,20.6149997711182,2022-01-05
19.8299999237061,19.8299999237061,19.8299999237061,20.0049991607666,21,20.0049991607666,2022-01-06
20.0049991607666,20.0049991607666,20.0049991607666,20.0049991607666,0,20.0049991607666,2022-01-07
19.4939994812012,19.4939994812012,19.4939994812012,19.1060009002686,804,19.1060009002686,2022-01-10
19.1060009002686,19.1060009002686,19.1060009002686,19.1060009002686,0,19.1060009002686,2022-01-11
19.3859996795654,19.3859996795654,19.3859996795654,19.2940006256104,804,19.2940006256104,2022-01-12
19.1760005950928,19.1760005950928,18.9820003509521,18.9699993133545,11748,18.9699993133545,2022-01-13
18.3920001983643,18.3920001983643,18.3920001983643,18.3719997406006,5572,18.3719997406006,2022-01-14
18.4580001831055,18.4580001831055,18.4580001831055,18.4519996643066,97,18.4519996643066,2022-01-17
18.4519996643066,18.4519996643066,18.4519996643066,18.4519996643066,0,18.4519996643066,2022-01-18
18.4519996643066,18.4519996643066,18.4519996643066,18.4519996643066,0,18.4519996643066,2022-01-19
18.4519996643066,18.4519996643066,18.4519996643066,18.4519996643066,0,18.4519996643066,2022-01-20
17.3439998626709,17.3439998626709,17.3439998626709,17.3880004882812,804,17.3880004882812,2022-01-21
17.0659999847412,17.0659999847412,16.3460006713867,16.3360004425049,854,16.3360004425049,2022-01-24
16.7180004119873,16.7180004119873,16.5580005645752,16.5820007324219,14645,16.5820007324219,2022-01-25
16.8120002746582,16.9559993743896,16.8120002746582,16.9820003509521,26152,16.9820003509521,2022-01-26
16.7059993743896,16.8239994049072,16.7059993743896,16.681999206543,1608,16.681999206543,2022-01-27
16.4419994354248,16.4699993133545,16.1760005950928,16.4519996643066,29616,16.4519996643066,2022-01-28
16.7059993743896,16.7639999389648,16.6280002593994,16.9160003662109,3716,16.9160003662109,2022-01-31
17.2660007476807,17.2740001678467,17.2080001831055,17.3439998626709,9389,17.3439998626709,2022-02-01
17.6919994354248,17.7320003509521,17.6919994354248,17.4300003051758,262,17.4300003051758,2022-02-02
17.4300003051758,17.4300003051758,17.4300003051758,17.4300003051758,0,17.4300003051758,2022-02-03
16.5559997558594,16.5559997558594,16.5160007476807,16.4500007629395,7106,16.4500007629395,2022-02-04
16.6580009460449,16.6580009460449,16.6580009460449,16.6760005950928,804,16.6760005950928,2022-02-07
16.6760005950928,16.6760005950928,16.6760005950928,16.6760005950928,0,16.6760005950928,2022-02-08
16.6760005950928,16.6760005950928,16.6760005950928,16.6760005950928,0,16.6760005950928,2022-02-09
17.3040008544922,17.3040008544922,17.1979999542236,17.2660007476807,1644,17.2660007476807,2022-02-10
17.0919990539551,17.0919990539551,17.0919990539551,16.9400005340576,90,16.9400005340576,2022-02-11
16.6380004882812,16.6380004882812,16.6380004882812,16.8020000457764,300,16.8020000457764,2022-02-14
17.0919990539551,17.0919990539551,17.0919990539551,17.0799999237061,5,17.0799999237061,2022-02-15
17.0799999237061,17.0799999237061,17.0799999237061,17.0799999237061,0,17.0799999237061,2022-02-16
17.3040008544922,17.3040008544922,17.2080001831055,17.2159996032715,850,17.2159996032715,2022-02-17
17.2159996032715,17.2159996032715,17.2159996032715,17.2159996032715,0,17.2159996032715,2022-02-18
17.2159996032715,17.2159996032715,17.2159996032715,17.2159996032715,0,17.2159996032715,2022-02-21
17.2159996032715,17.2159996032715,17.2159996032715,17.2159996032715,0,17.2159996032715,2022-02-22
16.4340000152588,16.4340000152588,16.4340000152588,16.2299995422363,804,16.2299995422363,2022-02-23
15.9799995422363,15.9799995422363,15.9799995422363,16.0259990692139,150,16.0259990692139,2022-02-24
16.0259990692139,16.0259990692139,16.0259990692139,16.0259990692139,0,16.0259990692139,2022-02-25
16.0259990692139,16.0259990692139,16.0259990692139,16.0259990692139,0,16.0259990692139,2022-02-28
17.1760005950928,17.261999130249,17.1760005950928,17.1860008239746,1316,17.1860008239746,2022-03-01
17.1860008239746,17.1860008239746,17.1860008239746,17.1860008239746,0,17.1860008239746,2022-03-02
17.3939990997314,17.3939990997314,17.3939990997314,17.2320003509521,26,17.2320003509521,2022-03-03
17.2320003509521,17.2320003509521,17.2320003509521,17.2320003509521,0,17.2320003509521,2022-03-04
17.2320003509521,17.2320003509521,17.2320003509521,17.2320003509521,0,17.2320003509521,2022-03-07
16.1959991455078,16.1959991455078,16.1860008239746,15.9200000762939,1005,15.9200000762939,2022-03-08
16.3400001525879,16.3400001525879,16.3400001525879,16.2779998779297,20,16.2779998779297,2022-03-09
16.4519996643066,16.4519996643066,16.1580009460449,16.0380001068115,1986,16.0380001068115,2022-03-10
16.0380001068115,16.0380001068115,16.0380001068115,16.0380001068115,0,16.0380001068115,2022-03-11
16.1159992218018,16.1159992218018,15.8780002593994,15.706000328064,1410,15.706000328064,2022-03-14
15.3999996185303,15.6140003204346,15.3999996185303,15.6780004501343,25,15.6780004501343,2022-03-15
16.3400001525879,16.3400001525879,16.3379993438721,16.3279991149902,80,16.3279991149902,2022-03-16
16.3279991149902,16.3279991149902,16.3279991149902,16.3279991149902,0,16.3279991149902,2022-03-17
16.3279991149902,16.3279991149902,16.3279991149902,16.3279991149902,0,16.3279991149902,2022-03-18
17.5,17.5319995880127,17.5,17.488000869751,6993,17.488000869751,2022-03-21
17.488000869751,17.488000869751,17.488000869751,17.488000869751,0,17.488000869751,2022-03-22
17.488000869751,17.488000869751,17.488000869751,17.488000869751,0,17.488000869751,2022-03-23
17.2819995880127,17.2819995880127,17.2159996032715,17.2819995880127,954,17.2819995880127,2022-03-24
17.318000793457,17.318000793457,17.1439990997314,17.2000007629395,2987,17.2000007629395,2022-03-25
17.2000007629395,17.2000007629395,17.2000007629395,17.2000007629395,0,17.2000007629395,2022-03-28
17.318000793457,17.4580001831055,17.318000793457,17.4619998931885,954,17.4619998931885,2022-03-29
17.4740009307861,17.503999710083,17.4740009307861,17.4099998474121,500,17.4099998474121,2022-03-30
17.3819999694824,17.4139995574951,17.3819999694824,17.3239994049072,400,17.3239994049072,2022-03-31
17.3659992218018,17.3659992218018,17.17799949646,17.1879997253418,47,17.1879997253418,2022-04-01
17.3999996185303,17.3999996185303,17.3999996185303,17.3899993896484,83,17.3899993896484,2022-04-04
17.5799999237061,17.5799999237061,17.5799999237061,17.1639995574951,150,17.1639995574951,2022-04-05
16.5160007476807,16.5160007476807,16.5160007476807,16.5200004577637,130,16.5200004577637,2022-04-06
16.6340007781982,16.6580009460449,16.6340007781982,16.4440002441406,48,16.4440002441406,2022-04-07
16.5440006256104,16.5440006256104,16.5440006256104,16.4599990844727,100,16.4599990844727,2022-04-08
16.1000003814697,16.1000003814697,16.0359992980957,15.8940000534058,425,15.8940000534058,2022-04-11
15.7659997940063,15.7659997940063,15.75,15.8940000534058,627,15.8940000534058,2022-04-12
15.8940000534058,15.8940000534058,15.8940000534058,15.8940000534058,0,15.8940000534058,2022-04-13
15.9980001449585,15.9980001449585,15.9980001449585,15.9540004730225,315,15.9540004730225,2022-04-14
15.6800003051758,15.6800003051758,15.6300001144409,15.923999786377,138,15.923999786377,2022-04-19
15.923999786377,15.923999786377,15.923999786377,15.923999786377,0,15.923999786377,2022-04-20
15.923999786377,15.923999786377,15.923999786377,15.923999786377,0,15.923999786377,2022-04-21
15.923999786377,15.923999786377,15.923999786377,15.923999786377,0,15.923999786377,2022-04-22
14.8760004043579,14.9580001831055,14.8760004043579,15.003999710083,1608,15.003999710083,2022-04-25
15.0500001907349,15.0500001907349,14.9799995422363,14.7320003509521,17231,14.7320003509521,2022-04-26
14.7580003738403,14.9200000762939,14.7580003738403,14.7600002288818,19096,14.7600002288818,2022-04-27
14.996000289917,14.996000289917,14.996000289917,14.7779998779297,3,14.7779998779297,2022-04-28
15.0520000457764,15.1940002441406,15.0520000457764,15.1339998245239,2412,15.1339998245239,2022-04-29
14.7980003356934,14.7980003356934,14.7700004577637,14.7419996261597,36,14.7419996261597,2022-05-02
15.0319995880127,15.0319995880127,14.8640003204346,15.0059995651245,9443,15.0059995651245,2022-05-03
15.0299997329712,15.0299997329712,14.8739995956421,14.8120002746582,20,14.8120002746582,2022-05-04
15.28600025177,15.3100004196167,15.28600025177,14.753999710083,772,14.753999710083,2022-05-05
14.8000001907349,14.8000001907349,14.4379997253418,14.4840002059937,484,14.4840002059937,2022-05-06
14,14,13.996000289917,13.706000328064,769,13.706000328064,2022-05-09
13.5559997558594,13.5860004425049,13.5559997558594,13.2980003356934,2412,13.2980003356934,2022-05-10
13.6199998855591,13.6199998855591,13.423999786377,13.4399995803833,2507,13.4399995803833,2022-05-11
13.1260004043579,13.3079996109009,13.1260004043579,13.4980001449585,4020,13.4980001449585,2022-05-12
13.6960000991821,14.076000213623,13.6960000991821,13.9860000610352,2592,13.9860000610352,2022-05-13
14.1379995346069,14.1379995346069,14.1379995346069,14.003999710083,10,14.003999710083,2022-05-16
14.1579999923706,14.1579999923706,14.1579999923706,14.1280002593994,1028,14.1280002593994,2022-05-17
14.1219997406006,14.1219997406006,14.1219997406006,14.0979995727539,1028,14.0979995727539,2022-05-18
14.1280002593994,14.1280002593994,14.1280002593994,14.0620002746582,200,14.0620002746582,2022-05-19
14.0620002746582,14.0620002746582,14.0620002746582,14.0620002746582,0,14.0620002746582,2022-05-20
14.0620002746582,14.0620002746582,14.0620002746582,14.0620002746582,0,14.0620002746582,2022-05-23
14.0620002746582,14.0620002746582,14.0620002746582,14.0620002746582,0,14.0620002746582,2022-05-24
14.0620002746582,14.0620002746582,14.0620002746582,14.0620002746582,0,14.0620002746582,2022-05-25
14.0620002746582,14.0620002746582,14.0620002746582,14.0620002746582,0,14.0620002746582,2022-05-26
14.1079998016357,14.1079998016357,14.1079998016357,14.3439998626709,624,14.3439998626709,2022-05-27
14.753999710083,14.753999710083,14.753999710083,14.6759996414185,340,14.6759996414185,2022-05-30
14.503999710083,14.503999710083,14.503999710083,14.5240001678467,8,14.5240001678467,2022-05-31
14.7519998550415,14.7519998550415,14.7519998550415,14.4219999313354,7,14.4219999313354,2022-06-01
14.4359998703003,14.4359998703003,14.4359998703003,14.6520004272461,15,14.6520004272461,2022-06-02
14.6520004272461,14.6520004272461,14.6520004272461,14.6520004272461,0,14.6520004272461,2022-06-03
14.5620002746582,14.5620002746582,14.5620002746582,14.6059999465942,10,14.6059999465942,2022-06-06
14.4460000991821,14.5,14.4460000991821,14.5179996490479,50,14.5179996490479,2022-06-07
14.5179996490479,14.5179996490479,14.5179996490479,14.5179996490479,0,14.5179996490479,2022-06-08
14.5799999237061,14.5799999237061,14.5799999237061,14.3999996185303,100,14.3999996185303,2022-06-09
14.2580003738403,14.2580003738403,14.0819997787476,13.8660001754761,80,13.8660001754761,2022-06-10
13.8660001754761,13.8660001754761,13.8660001754761,13.8660001754761,0,13.8660001754761,2022-06-13
13.1999998092651,13.1999998092651,13.1339998245239,13.1300001144409,304,13.1300001144409,2022-06-14
13.1199998855591,13.2259998321533,13.1199998855591,13.2360000610352,43,13.2360000610352,2022-06-15
12.7600002288818,12.7600002288818,12.7600002288818,12.8299999237061,804,12.8299999237061,2022-06-16
12.8299999237061,12.8299999237061,12.8299999237061,12.8299999237061,0,12.8299999237061,2022-06-17
12.8959999084473,12.8959999084473,12.8959999084473,12.8699998855591,1,12.8699998855591,2022-06-20
12.9899997711182,12.9899997711182,12.9899997711182,13.0640001296997,3,13.0640001296997,2022-06-21
12.8079996109009,12.8079996109009,12.793999671936,13.003999710083,480,13.003999710083,2022-06-22
12.9320001602173,12.9320001602173,12.9320001602173,13.003999710083,4,13.003999710083,2022-06-23
13.003999710083,13.003999710083,13.003999710083,13.003999710083,0,13.003999710083,2022-06-24
13.2559995651245,13.4720001220703,13.2559995651245,13.3140001296997,5133,13.3140001296997,2022-06-27
13.2220001220703,13.2220001220703,13.2220001220703,13.2399997711182,804,13.2399997711182,2022-06-28
12.8959999084473,12.8959999084473,12.8579998016357,12.8800001144409,883,12.8800001144409,2022-06-29
12.8800001144409,12.8800001144409,12.8800001144409,12.8800001144409,0,12.8800001144409,2022-06-30
12.8819999694824,12.8819999694824,12.8819999694824,12.7600002288818,5,12.7600002288818,2022-07-01
12.8879995346069,12.8879995346069,12.8879995346069,12.8159999847412,5,12.8159999847412,2022-07-04
12.8159999847412,12.8159999847412,12.8159999847412,12.8159999847412,0,12.8159999847412,2022-07-05
13.326000213623,13.3360004425049,13.3219995498657,13.3199996948242,2597,13.3199996948242,2022-07-06
13.4919996261597,13.6000003814697,13.4919996261597,13.6020002365112,1459,13.6020002365112,2022-07-07
13.7679996490479,13.7679996490479,13.5699996948242,13.7379999160767,3357,13.7379999160767,2022-07-08
13.4820003509521,13.4820003509521,13.4499998092651,13.4519996643066,1623,13.4519996643066,2022-07-11
13.2720003128052,13.3680000305176,13.2320003509521,13.2740001678467,5014,13.2740001678467,2022-07-12
13,13,13,13.1000003814697,40,13.1000003814697,2022-07-13
13.1440000534058,13.1440000534058,13.1440000534058,13.0059995651245,8,13.0059995651245,2022-07-14
13.2700004577637,13.2700004577637,13.2700004577637,13.2220001220703,3,13.2220001220703,2022-07-15
13.4340000152588,13.4340000152588,13.4340000152588,13.4340000152588,193,13.4340000152588,2022-07-18
13.4340000152588,13.4340000152588,13.4340000152588,13.4340000152588,0,13.4340000152588,2022-07-19
13.7340002059937,13.8020000457764,13.6780004501343,14.0179996490479,21,14.0179996490479,2022-07-20
14.0179996490479,14.0179996490479,14.0179996490479,14.0179996490479,0,14.0179996490479,2022-07-21
14.2279996871948,14.25,14.2279996871948,14.0860004425049,10,14.0860004425049,2022-07-22
13.923999786377,13.9860000610352,13.923999786377,13.8459997177124,31,13.8459997177124,2022-07-25
13.71399974823,13.71399974823,13.71399974823,13.6899995803833,804,13.6899995803833,2022-07-26
13.6899995803833,13.6899995803833,13.6899995803833,13.6899995803833,0,13.6899995803833,2022-07-27
14.1560001373291,14.1560001373291,14.0319995880127,14.0959997177124,3216,14.0959997177124,2022-07-28
14.3120002746582,14.3120002746582,14.3000001907349,14.2519998550415,519,14.2519998550415,2022-07-29
14.4499998092651,14.5080003738403,14.3680000305176,14.4700002670288,1594,14.4700002670288,2022-08-01
14.5019998550415,14.5019998550415,14.5019998550415,14.5480003356934,70,14.5480003356934,2022-08-02
14.4180002212524,14.4460000991821,14.4180002212524,14.7119998931885,1608,14.7119998931885,2022-08-03
14.75,14.8039999008179,14.75,14.7159996032715,446,14.7159996032715,2022-08-04
14.7159996032715,14.7159996032715,14.7159996032715,14.7159996032715,0,14.7159996032715,2022-08-05
14.8920001983643,14.8940000534058,14.8319997787476,14.7919998168945,3421,14.7919998168945,2022-08-08
14.6199998855591,14.6199998855591,14.6199998855591,14.3699998855591,57,14.3699998855591,2022-08-09
14.3699998855591,14.3699998855591,14.3699998855591,14.3699998855591,0,14.3699998855591,2022-08-10
14.8179998397827,14.8479995727539,14.7959995269775,14.8000001907349,653,14.8000001907349,2022-08-11
14.8000001907349,14.8000001907349,14.8000001907349,14.8000001907349,0,14.8000001907349,2022-08-12
15.293999671936,15.293999671936,14.9879999160767,15.0480003356934,1392,15.0480003356934,2022-08-16
15.0480003356934,15.0480003356934,15.0480003356934,15.0480003356934,0,15.0480003356934,2022-08-17
14.8000001907349,14.8000001907349,14.8000001907349,14.8719997406006,804,14.8719997406006,2022-08-18
14.8199996948242,14.8199996948242,14.5920000076294,14.5380001068115,88,14.5380001068115,2022-08-19
14.5380001068115,14.5380001068115,14.5380001068115,14.5380001068115,0,14.5380001068115,2022-08-22
14.2080001831055,14.2080001831055,14.2080001831055,14.1999998092651,25,14.1999998092651,2022-08-23
14.1999998092651,14.1999998092651,14.1999998092651,14.1999998092651,0,14.1999998092651,2022-08-24
14.1999998092651,14.1999998092651,14.1999998092651,14.1999998092651,0,14.1999998092651,2022-08-25
14.1999998092651,14.1999998092651,14.1999998092651,14.1999998092651,0,14.1999998092651,2022-08-26
13.7320003509521,13.7320003509521,13.7320003509521,13.6859998703003,45,13.6859998703003,2022-08-29
13.8459997177124,13.8459997177124,13.8459997177124,13.5200004577637,290,13.5200004577637,2022-08-30
13.5200004577637,13.5200004577637,13.5200004577637,13.5200004577637,0,13.5200004577637,2022-08-31
13.1899995803833,13.2679996490479,13.039999961853,13.2159996032715,860,13.2159996032715,2022-09-01
13.1719999313354,13.1719999313354,13.1719999313354,13.2620000839233,2,13.2620000839233,2022-09-02
13.2620000839233,13.2620000839233,13.2620000839233,13.2620000839233,0,13.2620000839233,2022-09-05
13.1999998092651,13.2200002670288,13.0880002975464,13.1700000762939,1617,13.1700000762939,2022-09-06
12.9659996032715,13,12.9119997024536,12.9820003509521,2397,12.9820003509521,2022-09-07
13.1899995803833,13.3360004425049,13.1000003814697,13.3540000915527,1961,13.3540000915527,2022-09-08
13.4160003662109,13.5819997787476,13.4160003662109,13.5839996337891,1154,13.5839996337891,2022-09-09
13.5,13.5,13.5,13.6579999923706,57,13.6579999923706,2022-09-12
13.6579999923706,13.6579999923706,13.6579999923706,13.6579999923706,0,13.6579999923706,2022-09-13
13.6579999923706,13.6579999923706,13.6579999923706,13.6579999923706,0,13.6579999923706,2022-09-14
13.6579999923706,13.6579999923706,13.6579999923706,13.6579999923706,0,13.6579999923706,2022-09-15
13.6579999923706,13.6579999923706,13.6579999923706,13.6579999923706,0,13.6579999923706,2022-09-16
13.6579999923706,13.6579999923706,13.6579999923706,13.6579999923706,0,13.6579999923706,2022-09-19
13.6579999923706,13.6579999923706,13.6579999923706,13.6579999923706,0,13.6579999923706,2022-09-20
12.7119998931885,12.8380002975464,12.7119998931885,12.8400001525879,939,12.8400001525879,2022-09-21
12.6120004653931,12.6120004653931,12.4359998703003,12.5600004196167,2616,12.5600004196167,2022-09-22
12.2720003128052,12.3660001754761,12.1459999084473,12.3459997177124,1572,12.3459997177124,2022-09-23
12.3859996795654,12.3979997634888,12.3859996795654,12.6719999313354,626,12.6719999313354,2022-09-26
12.5539999008179,12.5979995727539,12.53600025177,12.4820003509521,1264,12.4820003509521,2022-09-27
12.4820003509521,12.4820003509521,12.4820003509521,12.4820003509521,0,12.4820003509521,2022-09-28
12.3380002975464,12.3680000305176,12.1359996795654,12.1300001144409,2128,12.1300001144409,2022-09-29
12.1300001144409,12.1300001144409,12.1300001144409,12.1300001144409,0,12.1300001144409,2022-09-30
12.3660001754761,12.3660001754761,12.3660001754761,12.3360004425049,2,12.3360004425049,2022-10-03
12.710000038147,12.710000038147,12.710000038147,12.7440004348755,90,12.7440004348755,2022-10-04
12.7440004348755,12.7440004348755,12.7440004348755,12.7440004348755,0,12.7440004348755,2022-10-05
12.9200000762939,12.9200000762939,12.789999961853,12.8640003204346,4021,12.8640003204346,2022-10-06
12.8240003585815,12.8240003585815,12.7299995422363,12.5380001068115,315,12.5380001068115,2022-10-07
12.503999710083,12.503999710083,12.4399995803833,12.3859996795654,966,12.3859996795654,2022-10-10
12.1120004653931,12.1979999542236,12.1120004653931,12.1899995803833,1056,12.1899995803833,2022-10-11
12.2600002288818,12.2600002288818,12.2600002288818,12.1479997634888,150,12.1479997634888,2022-10-12
11.8540000915527,11.8680000305176,11.8540000915527,12.1420001983643,74,12.1420001983643,2022-10-13
12.2700004577637,12.2700004577637,12.2440004348755,12.0480003356934,193,12.0480003356934,2022-10-14
12.0699996948242,12.0699996948242,12.0699996948242,12.1820001602173,3,12.1820001602173,2022-10-17
12.4119997024536,12.4799995422363,12.3459997177124,12.2840003967285,2482,12.2840003967285,2022-10-18
12.423999786377,12.423999786377,12.423999786377,12.4320001602173,401,12.4320001602173,2022-10-19
12.4320001602173,12.4320001602173,12.4320001602173,12.4320001602173,0,12.4320001602173,2022-10-20
12.2080001831055,12.2080001831055,12.2080001831055,12.246000289917,88,12.246000289917,2022-10-21
12.3739995956421,12.3739995956421,12.3739995956421,12.3360004425049,969,12.3360004425049,2022-10-24
12.5019998550415,12.5200004577637,12.5019998550415,12.9399995803833,500,12.9399995803833,2022-10-25
12.7399997711182,12.9580001831055,12.7399997711182,12.9720001220703,5563,12.9720001220703,2022-10-26
12.7399997711182,12.8979997634888,12.7320003509521,12.8540000915527,1767,12.8540000915527,2022-10-27
13,13,12.6759996414185,12.8699998855591,815,12.8699998855591,2022-10-28
12.9779996871948,12.9899997711182,12.9659996032715,13.0279998779297,808,13.0279998779297,2022-10-31
13.2480001449585,13.2480001449585,13.1920003890991,13.1619997024536,399,13.1619997024536,2022-11-01
13.0340003967285,13.0340003967285,13.0340003967285,12.8640003204346,240,12.8640003204346,2022-11-02
12.6619997024536,12.7740001678467,12.6619997024536,12.75,414,12.75,2022-11-03
12.7760000228882,12.7760000228882,12.7700004577637,12.7040004730225,280,12.7040004730225,2022-11-04
12.7779998779297,12.7779998779297,12.7779998779297,12.8360004425049,616,12.8360004425049,2022-11-07
12.9399995803833,12.9399995803833,12.9399995803833,13.0340003967285,311,13.0340003967285,2022-11-08
12.9280004501343,12.9720001220703,12.9280004501343,12.8240003585815,415,12.8240003585815,2022-11-09
13.1940002441406,13.1940002441406,13.1940002441406,13.2360000610352,341,13.2360000610352,2022-11-10
13.5979995727539,13.7340002059937,13.5419998168945,13.6800003051758,2068,13.6800003051758,2022-11-11
13.6840000152588,13.6840000152588,13.5719995498657,13.53600025177,4301,13.53600025177,2022-11-14
13.5959997177124,13.7440004348755,13.5819997787476,13.7360000610352,260,13.7360000610352,2022-11-15
13.7559995651245,13.7559995651245,13.5080003738403,13.4359998703003,442,13.4359998703003,2022-11-16
13.3819999694824,13.3819999694824,13.2519998550415,13.2480001449585,1658,13.2480001449585,2022-11-17
13.2159996032715,13.3120002746582,13.2159996032715,13.2159996032715,1179,13.2159996032715,2022-11-18
13.25,13.25,13.2299995422363,13.2419996261597,650,13.2419996261597,2022-11-21
13.0279998779297,13.2519998550415,13.0279998779297,13.2519998550415,641,13.2519998550415,2022-11-22
13.326000213623,13.3999996185303,13.326000213623,13.4259996414185,857,13.4259996414185,2022-11-23
13.4499998092651,13.4820003509521,13.4499998092651,13.5240001678467,437,13.5240001678467,2022-11-24
13.4119997024536,13.4259996414185,13.3859996795654,13.3940000534058,1241,13.3940000534058,2022-11-25
13.2399997711182,13.3219995498657,13.2399997711182,13.28600025177,1188,13.28600025177,2022-11-28
13.2019996643066,13.2340002059937,13.1140003204346,13.1280002593994,797,13.1280002593994,2022-11-29
13.1160001754761,13.1160001754761,13.1160001754761,13.1319999694824,800,13.1319999694824,2022-11-30
13.4680004119873,13.4680004119873,13.4379997253418,13.4499998092651,410,13.4499998092651,2022-12-01
13.5260000228882,13.5939998626709,13.4340000152588,13.4739999771118,1644,13.4739999771118,2022-12-02
13.5220003128052,13.5220003128052,13.3360004425049,13.3760004043579,426,13.3760004043579,2022-12-05
13.1840000152588,13.1840000152588,13.0740003585815,13.1140003204346,2405,13.1140003204346,2022-12-06
13.0699996948242,13.0699996948242,12.956000328064,13.0019998550415,467,13.0019998550415,2022-12-07
12.9720001220703,12.9720001220703,12.9720001220703,13.0959997177124,311,13.0959997177124,2022-12-08
13.2440004348755,13.2440004348755,13.2440004348755,13.3280000686646,933,13.3280000686646,2022-12-09
13.1319999694824,13.1800003051758,13.1180000305176,13.2239999771118,656,13.2239999771118,2022-12-12
13.2600002288818,13.6400003433228,13.2600002288818,13.5640001296997,1773,13.5640001296997,2022-12-13
13.4680004119873,13.4820003509521,13.4680004119873,13.5159997940063,1503,13.5159997940063,2022-12-14
13.2019996643066,13.21399974823,12.9460000991821,12.9420003890991,1100,12.9420003890991,2022-12-15
12.9200000762939,12.9700002670288,12.7959995269775,12.9359998703003,3273,12.9359998703003,2022-12-16
13.0139999389648,13.0139999389648,12.9119997024536,12.8599996566772,1551,12.8599996566772,2022-12-19
12.7600002288818,12.7600002288818,12.7600002288818,12.7779998779297,10,12.7779998779297,2022-12-20
12.8780002593994,12.8780002593994,12.8339996337891,13.0220003128052,904,13.0220003128052,2022-12-21
12.9280004501343,12.9280004501343,12.7279996871948,12.6920003890991,1526,12.6920003890991,2022-12-22
12.6800003051758,12.7299995422363,12.5979995727539,12.6280002593994,556,12.6280002593994,2022-12-23
12.6000003814697,12.6000003814697,12.5,12.5579996109009,166,12.5579996109009,2022-12-27
12.5100002288818,12.5100002288818,12.4919996261597,12.4440002441406,196,12.4440002441406,2022-12-28
12.5959997177124,12.5959997177124,12.5959997177124,12.6560001373291,300,12.6560001373291,2022-12-29
12.6560001373291,12.6560001373291,12.6560001373291,12.6560001373291,0,12.6560001373291,2022-12-30
12.7819995880127,12.7819995880127,12.7819995880127,12.7840003967285,11,12.7840003967285,2023-01-02
12.8559999465942,12.9820003509521,12.8140001296997,12.7980003356934,526,12.7980003356934,2023-01-03
12.8780002593994,12.8999996185303,12.8140001296997,12.8719997406006,1421,12.8719997406006,2023-01-04
12.8020000457764,12.8020000457764,12.8020000457764,12.8420000076294,195,12.8420000076294,2023-01-05
12.8819999694824,12.9540004730225,12.8640003204346,12.9700002670288,707,12.9700002670288,2023-01-06
13.0659999847412,13.2559995651245,13.0659999847412,13.2480001449585,665,13.2480001449585,2023-01-09
13.1140003204346,13.1579999923706,13.0799999237061,13.1199998855591,1332,13.1199998855591,2023-01-10
13.1199998855591,13.1199998855591,13.1199998855591,13.1199998855591,0,13.1199998855591,2023-01-11
13.4420003890991,13.4700002670288,13.4420003890991,13.4119997024536,18,13.4119997024536,2023-01-12
13.4479999542236,13.4700002670288,13.4479999542236,13.5019998550415,486,13.5019998550415,2023-01-13
13.5139999389648,13.5799999237061,13.4700002670288,13.4799995422363,480,13.4799995422363,2023-01-16
13.6000003814697,13.6079998016357,13.5679998397827,13.6840000152588,460,13.6840000152588,2023-01-17
13.8059997558594,13.9440002441406,13.8059997558594,13.8240003585815,1479,13.8240003585815,2023-01-18
13.6879997253418,13.6879997253418,13.5900001525879,13.5659999847412,2427,13.5659999847412,2023-01-19
13.5299997329712,13.5299997329712,13.5299997329712,13.6160001754761,300,13.6160001754761,2023-01-20
13.7279996871948,13.8699998855591,13.7279996871948,13.9280004501343,386,13.9280004501343,2023-01-23
14.0459995269775,14.0459995269775,13.9680004119873,14.0299997329712,1862,14.0299997329712,2023-01-24
13.9700002670288,13.9700002670288,13.8020000457764,13.8420000076294,1004,13.8420000076294,2023-01-25
14.0200004577637,14.03600025177,13.9919996261597,13.9479999542236,518,13.9479999542236,2023-01-26
14.1160001754761,14.2320003509521,14.0979995727539,14.2419996261597,1216,14.2419996261597,2023-01-27
14.21399974823,14.21399974823,14.21399974823,14.2580003738403,46,14.2580003738403,2023-01-30
14.2959995269775,14.2959995269775,14.03600025177,14.21399974823,263,14.21399974823,2023-01-31
14.2959995269775,14.4799995422363,14.2679996490479,14.3819999694824,3259,14.3819999694824,2023-02-01
14.5939998626709,14.8540000915527,14.543999671936,14.8360004425049,1415,14.8360004425049,2023-02-02
14.8579998016357,14.8739995956421,14.7559995651245,14.9659996032715,2916,14.9659996032715,2023-02-03
14.9700002670288,14.9700002670288,14.6999998092651,14.8280000686646,1202,14.8280000686646,2023-02-06
14.8599996566772,14.8959999084473,14.7919998168945,14.8159999847412,3574,14.8159999847412,2023-02-07
14.9499998092651,14.9519996643066,14.9060001373291,14.8400001525879,3314,14.8400001525879,2023-02-08
14.6520004272461,14.9340000152588,14.6520004272461,14.8059997558594,2017,14.8059997558594,2023-02-09
14.6280002593994,14.6560001373291,14.5780000686646,14.6140003204346,3433,14.6140003204346,2023-02-10
14.6059999465942,14.6219997406006,14.5600004196167,14.6059999465942,1875,14.6059999465942,2023-02-13
14.6020002365112,14.6879997253418,14.5979995727539,14.6300001144409,1630,14.6300001144409,2023-02-14
14.6099996566772,14.7399997711182,14.6099996566772,14.7519998550415,3517,14.7519998550415,2023-02-15
14.8380002975464,14.8380002975464,14.6800003051758,14.7799997329712,6390,14.7799997329712,2023-02-16
15.1000003814697,15.1000003814697,14.3819999694824,14.3900003433228,3244,14.3900003433228,2023-02-17
14.4280004501343,14.4300003051758,14.4280004501343,14.4379997253418,1109,14.4379997253418,2023-02-20
14.2239999771118,14.2840003967285,14.210000038147,14.1719999313354,1712,14.1719999313354,2023-02-21
14.043999671936,14.1359996795654,14.043999671936,14.1140003204346,3176,14.1140003204346,2023-02-22
14,14.4460000991821,14,14.3400001525879,3601,14.3400001525879,2023-02-23
14.5100002288818,14.5299997329712,14.3339996337891,14.3620004653931,1284,14.3620004653931,2023-02-24
14.5620002746582,14.6160001754761,14.5340003967285,14.5539999008179,1077,14.5539999008179,2023-02-27
14.5539999008179,14.5539999008179,14.5539999008179,14.5539999008179,0,14.5539999008179,2023-02-28
14.6420001983643,14.6680002212524,14.5139999389648,14.4739999771118,1202,14.4739999771118,2023-03-01
14.3620004653931,14.3979997634888,14.3620004653931,14.460000038147,1803,14.460000038147,2023-03-02
14.6400003433228,14.8339996337891,14.6400003433228,14.8579998016357,7178,14.8579998016357,2023-03-03
15.0139999389648,15.0200004577637,14.9659996032715,14.9940004348755,1474,14.9940004348755,2023-03-06
14.9119997024536,14.9820003509521,14.8380002975464,14.8839998245239,3068,14.8839998245239,2023-03-07
15,15,14.8540000915527,14.9379997253418,1608,14.9379997253418,2023-03-08
14.9879999160767,15.0539999008179,14.9879999160767,15.0139999389648,747,15.0139999389648,2023-03-09
14.8500003814697,14.8500003814697,14.3800001144409,14.5559997558594,1338,14.5559997558594,2023-03-10
14.3719997406006,14.3719997406006,14.0780000686646,14.2480001449585,1627,14.2480001449585,2023-03-13
14.293999671936,14.4280004501343,14.2419996261597,14.4180002212524,1670,14.4180002212524,2023-03-14
14.2620000839233,14.2620000839233,14.1780004501343,14.210000038147,173,14.210000038147,2023-03-15
14.4659996032715,14.6359996795654,14.4139995574951,14.6379995346069,1210,14.6379995346069,2023-03-16
14.8100004196167,14.8319997787476,14.5520000457764,14.576000213623,1855,14.576000213623,2023-03-17
14.6420001983643,14.6440000534058,14.5740003585815,14.5719995498657,678,14.5719995498657,2023-03-20
14.7399997711182,14.7620000839233,14.7399997711182,14.753999710083,1084,14.753999710083,2023-03-21
14.8599996566772,14.8760004043579,14.826000213623,14.8020000457764,1685,14.8020000457764,2023-03-22
14.6599998474121,14.8439998626709,14.6339998245239,14.7919998168945,1696,14.7919998168945,2023-03-23
14.7399997711182,14.7519998550415,14.6979999542236,14.6979999542236,1077,14.6979999542236,2023-03-24
14.8380002975464,14.8920001983643,14.8380002975464,14.8079996109009,669,14.8079996109009,2023-03-27
14.8680000305176,14.8680000305176,14.6879997253418,14.6859998703003,1310,14.6859998703003,2023-03-28
14.8400001525879,14.8780002593994,14.8400001525879,14.8459997177124,466,14.8459997177124,2023-03-29
15,15.0080003738403,14.9619998931885,14.9799995422363,904,14.9799995422363,2023-03-30
14.9919996261597,15.3039999008179,14.9919996261597,15.3039999008179,5202,15.3039999008179,2023-03-31
15.3000001907349,15.5019998550415,15.1859998703003,15.2119998931885,3768,15.2119998931885,2023-04-03
15.1000003814697,15.2679996490479,15.0299997329712,15.0159997940063,2906,15.0159997940063,2023-04-04
15.0120000839233,15.0120000839233,14.7480001449585,14.7340002059937,4717,14.7340002059937,2023-04-05
14.6599998474121,14.6940002441406,14.6120004653931,14.6599998474121,1136,14.6599998474121,2023-04-06
14,14.8559999465942,14,14.826000213623,5451,14.826000213623,2023-04-11
14.8319997787476,14.9619998931885,14.7519998550415,14.7600002288818,1620,14.7600002288818,2023-04-12
14.8159999847412,14.8159999847412,14.7700004577637,14.7720003128052,2028,14.7720003128052,2023-04-13
14.8000001907349,14.8059997558594,14.7679996490479,14.8100004196167,1725,14.8100004196167,2023-04-14
14.8999996185303,14.9700002670288,14.8640003204346,14.9479999542236,6638,14.9479999542236,2023-04-17
14.9280004501343,15.03600025177,14.9200000762939,14.960000038147,1887,14.960000038147,2023-04-18
14.8879995346069,14.9479999542236,14.8879995346069,14.9420003890991,3108,14.9420003890991,2023-04-19
14.96399974823,14.96399974823,14.8839998245239,14.9320001602173,306,14.9320001602173,2023-04-20
15.1099996566772,15.1099996566772,14.9079999923706,14.9379997253418,1382,14.9379997253418,2023-04-21
15.1199998855591,15.1199998855591,14.8439998626709,14.8579998016357,673,14.8579998016357,2023-04-24
14.9379997253418,14.9379997253418,14.8240003585815,14.826000213623,1803,14.826000213623,2023-04-25
14.826000213623,14.826000213623,14.5139999389648,14.6140003204346,2851,14.6140003204346,2023-04-26
14.7559995651245,14.8199996948242,14.7259998321533,14.7399997711182,1345,14.7399997711182,2023-04-27
14.71399974823,14.71399974823,14.6639995574951,14.673999786377,2478,14.673999786377,2023-04-28
14.6960000991821,14.956000328064,14.6960000991821,14.6840000152588,4350,14.6840000152588,2023-05-02
14.7200002670288,14.7220001220703,14.7200002670288,14.6780004501343,331,14.6780004501343,2023-05-03
14.6759996414185,14.8439998626709,14.6759996414185,14.7740001678467,1667,14.7740001678467,2023-05-04
14.8319997787476,14.8360004425049,14.7880001068115,14.8900003433228,280,14.8900003433228,2023-05-05
14.8999996185303,14.9040002822876,14.8999996185303,14.9499998092651,867,14.9499998092651,2023-05-08
15.0719995498657,15.0920000076294,15.0620002746582,15.0920000076294,576,15.0920000076294,2023-05-09
15.1440000534058,15.1440000534058,15.1440000534058,15.1260004043579,20,15.1260004043579,2023-05-10
15.8500003814697,15.8500003814697,15.2419996261597,15.2419996261597,879,15.2419996261597,2023-05-11
15.2779998779297,15.3339996337891,15.2620000839233,15.2480001449585,1402,15.2480001449585,2023-05-12
15.3400001525879,15.4440002441406,15.2419996261597,15.3339996337891,7013,15.3339996337891,2023-05-15
15.5260000228882,15.5260000228882,15.3999996185303,15.423999786377,2128,15.423999786377,2023-05-16
15.4320001602173,15.4700002670288,15.423999786377,15.456000328064,1286,15.456000328064,2023-05-17
15.7299995422363,15.8500003814697,15.7299995422363,15.9139995574951,2666,15.9139995574951,2023-05-18
15.9420003890991,16.1299991607666,15.9420003890991,16.0540008544922,3792,16.0540008544922,2023-05-19
16.1000003814697,16.2280006408691,15.8579998016357,16.2180004119873,11149,16.2180004119873,2023-05-22
16.1919994354248,16.2119998931885,16.0559997558594,16.1159992218018,5464,16.1159992218018,2023-05-23
15.8640003204346,15.8959999084473,15.7779998779297,15.7880001068115,6424,15.7880001068115,2023-05-24
16.318000793457,16.5739994049072,16.318000793457,16.431999206543,10625,16.431999206543,2023-05-25
16.3239994049072,16.5860004425049,16.3099994659424,16.5820007324219,5680,16.5820007324219,2023-05-26
16.9659996032715,16.9659996032715,16.6060009002686,16.6580009460449,3075,16.6580009460449,2023-05-29
17.4899997711182,17.4899997711182,16.7059993743896,16.8379993438721,6277,16.8379993438721,2023-05-30
16.7259998321533,16.8659992218018,16.6420001983643,16.7019996643066,8458,16.7019996643066,2023-05-31
16.7520008087158,16.9260005950928,16.6100006103516,16.7019996643066,2905,16.7019996643066,2023-06-01
17.0400009155273,17.2339992523193,17.0400009155273,17.2140007019043,3765,17.2140007019043,2023-06-02
17.3680000305176,17.3680000305176,17.2059993743896,17.2919998168945,6399,17.2919998168945,2023-06-05
17.4039993286133,17.5620002746582,17.3999996185303,17.4839992523193,4735,17.4839992523193,2023-06-06
17.4340000152588,17.6219997406006,17.3120002746582,17.3120002746582,9045,17.3120002746582,2023-06-07
16.9519996643066,17.1520004272461,16.75,17.0219993591309,3660,17.0219993591309,2023-06-08
17.2000007629395,17.3460006713867,17.1359996795654,17.246000289917,11744,17.246000289917,2023-06-09
17.2819995880127,17.6180000305176,17.2819995880127,17.3880004882812,6731,17.3880004882812,2023-06-12
17.5699996948242,17.6800003051758,17.4640007019043,17.6879997253418,7173,17.6879997253418,2023-06-13
18.2520008087158,18.2520008087158,17.6499996185303,17.7900009155273,16761,17.7900009155273,2023-06-14
17.8040008544922,17.8040008544922,17.5459995269775,17.746000289917,13352,17.746000289917,2023-06-15
17.742000579834,17.8519992828369,17.5219993591309,17.7479991912842,11357,17.7479991912842,2023-06-16
17.9039993286133,17.9039993286133,17.6019992828369,17.6280002593994,2504,17.6280002593994,2023-06-19
17.6000003814697,17.6299991607666,17.4160003662109,17.4379997253418,5898,17.4379997253418,2023-06-20
17.3999996185303,17.6140003204346,17.2859992980957,17.2759990692139,1867,17.2759990692139,2023-06-21
17.3360004425049,17.3360004425049,17.0200004577637,17.1079998016357,5733,17.1079998016357,2023-06-22
16.988000869751,17.0200004577637,16.7919998168945,16.7940006256104,5149,16.7940006256104,2023-06-23
16.9099998474121,16.9099998474121,16.75,16.7759990692139,2493,16.7759990692139,2023-06-26
16.6560001373291,16.6560001373291,16.5580005645752,16.6480007171631,2566,16.6480007171631,2023-06-27
16.7320003509521,17.0259990692139,16.7320003509521,16.9419994354248,3330,16.9419994354248,2023-06-28
17.0259990692139,17.0380001068115,17.0259990692139,17.0659999847412,825,17.0659999847412,2023-06-29
17.0580005645752,17.2679996490479,17.0559997558594,17.2520008087158,2006,17.2520008087158,2023-06-30
17.3799991607666,17.3819999694824,17.2999992370605,17.3540000915527,2988,17.3540000915527,2023-07-03
17.32200050354,17.3320007324219,17.2199993133545,17.2259998321533,4881,17.2259998321533,2023-07-04
17.2000007629395,17.2639999389648,17.0599994659424,17.1840000152588,7698,17.1840000152588,2023-07-05
17.0279998779297,17.0279998779297,16.7399997711182,16.742000579834,13167,16.742000579834,2023-07-06
16.8360004425049,16.8360004425049,16.7980003356934,16.9099998474121,510,16.9099998474121,2023-07-07
17.2000007629395,17.2000007629395,16.7360000610352,16.8799991607666,366,16.8799991607666,2023-07-10
17.1200008392334,17.1200008392334,17.0359992980957,17.1359996795654,464,17.1359996795654,2023-07-11
17.1340007781982,17.181999206543,17.0979995727539,17.2099990844727,1641,17.2099990844727,2023-07-12
17.3299999237061,17.3540000915527,17.3099994659424,17.3400001525879,494,17.3400001525879,2023-07-13
17.5799999237061,17.5799999237061,17.2840003967285,17.2940006256104,769,17.2940006256104,2023-07-14
17.2660007476807,17.2660007476807,17.1520004272461,17.2740001678467,7672,17.2740001678467,2023-07-17
17.3999996185303,17.4820003509521,17.3560009002686,17.4440002441406,3083,17.4440002441406,2023-07-18
17.7280006408691,17.7280006408691,17.5559997558594,17.6319999694824,12765,17.6319999694824,2023-07-19
17.3700008392334,17.4200000762939,17.2299995422363,17.3640003204346,8050,17.3640003204346,2023-07-20
17.1860008239746,17.2439994812012,17.1140003204346,17.1580009460449,1378,17.1580009460449,2023-07-21
17.1459999084473,17.1679992675781,17.0580005645752,17.0860004425049,1051,17.0860004425049,2023-07-24
17.17799949646,17.1979999542236,17.0419998168945,17.2040004730225,1938,17.2040004730225,2023-07-25
17.3400001525879,17.3400001525879,17.1700000762939,17.2019996643066,4475,17.2019996643066,2023-07-26
17.3519992828369,17.6100006103516,17.3519992828369,17.5179996490479,4483,17.5179996490479,2023-07-27
17.3500003814697,17.3500003814697,17.1599998474121,17.3139991760254,8405,17.3139991760254,2023-07-28
17.2220001220703,17.2679996490479,17.1140003204346,17.2779998779297,2111,17.2779998779297,2023-07-31
17.261999130249,17.261999130249,17.0879993438721,17.0960006713867,5101,17.0960006713867,2023-08-01
16.9260005950928,16.9580001831055,16.6760005950928,16.7080001831055,5104,16.7080001831055,2023-08-02
16.6620006561279,16.6620006561279,16.4500007629395,16.576000213623,2880,16.576000213623,2023-08-03
16.4939994812012,17,16.4500007629395,16.5160007476807,1363,16.5160007476807,2023-08-04
16.6040000915527,16.6040000915527,16.4120006561279,16.4060001373291,494,16.4060001373291,2023-08-07
16.4120006561279,16.4120006561279,16,16.1660003662109,1057,16.1660003662109,2023-08-08
16.25,16.2840003967285,15.8100004196167,15.8219995498657,2219,15.8219995498657,2023-08-09
16.0480003356934,16.0480003356934,15.8940000534058,15.8900003433228,2673,15.8900003433228,2023-08-10
15.8979997634888,15.8979997634888,15.7200002670288,15.710000038147,922,15.710000038147,2023-08-11
15.7200002670288,15.8299999237061,15.6499996185303,15.826000213623,2229,15.826000213623,2023-08-14
15.6660003662109,15.7180004119873,15.6400003433228,15.6700000762939,3268,15.6700000762939,2023-08-16
15.6379995346069,15.6379995346069,15.3739995956421,15.3839998245239,4491,15.3839998245239,2023-08-17
15.2740001678467,15.2740001678467,15.1160001754761,15.2299995422363,9199,15.2299995422363,2023-08-18
15.326000213623,15.326000213623,15.2720003128052,15.2659997940063,582,15.2659997940063,2023-08-21
15.539999961853,15.6079998016357,15.4399995803833,15.4619998931885,5636,15.4619998931885,2023-08-22
15.5959997177124,15.706000328064,15.5640001296997,15.7040004730225,4350,15.7040004730225,2023-08-23
16.2339992523193,16.2339992523193,15.6780004501343,15.6339998245239,11516,15.6339998245239,2023-08-24
15.6160001754761,15.6160001754761,15.4659996032715,15.5139999389648,3444,15.5139999389648,2023-08-25
15.7019996643066,15.8000001907349,15.7019996643066,15.7779998779297,2753,15.7779998779297,2023-08-28
15.8999996185303,16.1499996185303,15.7480001449585,15.9919996261597,1471,15.9919996261597,2023-08-29
16.0100002288818,16.0160007476807,15.9399995803833,16.0639991760254,1130,16.0639991760254,2023-08-30
16.2040004730225,16.2360000610352,16.1599998474121,16.2220001220703,2546,16.2220001220703,2023-08-31
16.0599994659424,16.2560005187988,16.0599994659424,16.2000007629395,1999,16.2000007629395,2023-09-01
16.1060009002686,16.238000869751,16.1060009002686,16.2019996643066,2731,16.2019996643066,2023-09-04
16.1979999542236,16.2520008087158,16.1700000762939,16.2520008087158,822,16.2520008087158,2023-09-05
16.1800003051758,16.2099990844727,16.1660003662109,16.181999206543,2764,16.181999206543,2023-09-06
16.1660003662109,16.1660003662109,15.9399995803833,15.9919996261597,2810,15.9919996261597,2023-09-07
15.9399995803833,15.9399995803833,15.8839998245239,15.9040002822876,4691,15.9040002822876,2023-09-08
15.7600002288818,15.8780002593994,15.6420001983643,15.8140001296997,1817,15.8140001296997,2023-09-11
15.8380002975464,15.9060001373291,15.7700004577637,15.7880001068115,2721,15.7880001068115,2023-09-12
15.6479997634888,15.7799997329712,15.5880002975464,15.6979999542236,2165,15.6979999542236,2023-09-13
15.8540000915527,15.8599996566772,15.6040000915527,15.8240003585815,1427,15.8240003585815,2023-09-14
16.0300006866455,16.0300006866455,15.6440000534058,15.6260004043579,1038,15.6260004043579,2023-09-15
15.7440004348755,15.7440004348755,15.5559997558594,15.6040000915527,966,15.6040000915527,2023-09-18
15.6020002365112,15.6199998855591,15.576000213623,15.4799995422363,1359,15.4799995422363,2023-09-19
15.6540002822876,15.6540002822876,15.5780000686646,15.5600004196167,2161,15.5600004196167,2023-09-20
15.1840000152588,15.2340002059937,15.1319999694824,15.1180000305176,1257,15.1180000305176,2023-09-21
15.1319999694824,15.1599998474121,15.1239995956421,15.1540002822876,1884,15.1540002822876,2023-09-22
15.2320003509521,15.2320003509521,15.0559997558594,15.1979999542236,437,15.1979999542236,2023-09-25
15.039999961853,15.0679998397827,14.9779996871948,15.0059995651245,3226,15.0059995651245,2023-09-26
15.0979995727539,15.2419996261597,15.0979995727539,15.206000328064,808,15.206000328064,2023-09-27
15.1859998703003,15.2019996643066,15.1859998703003,15.2760000228882,233,15.2760000228882,2023-09-28
15.3760004043579,15.4440002441406,15.3760004043579,15.4020004272461,1083,15.4020004272461,2023-09-29
15.4460000991821,15.4860000610352,15.3020000457764,15.5220003128052,2541,15.5220003128052,2023-10-02
15.3540000915527,15.4020004272461,15.1339998245239,15.1560001373291,639,15.1560001373291,2023-10-03
15.0780000686646,15.0799999237061,15.0179996490479,15.0500001907349,623,15.0500001907349,2023-10-04
15.1759996414185,15.1780004501343,15.1599998474121,15.0959997177124,221,15.0959997177124,2023-10-05
15.1599998474121,15.1599998474121,15.0959997177124,15.1800003051758,2540,15.1800003051758,2023-10-06
15.1680002212524,15.2239999771118,15.1540002822876,15.1820001602173,3428,15.1820001602173,2023-10-09
15.3299999237061,15.4079999923706,15.2740001678467,15.4379997253418,1991,15.4379997253418,2023-10-10
15.2480001449585,15.3859996795654,15.2480001449585,15.2779998779297,2485,15.2779998779297,2023-10-11
15.4540004730225,15.5120000839233,15.4540004730225,15.4379997253418,2078,15.4379997253418,2023-10-12
15.3299999237061,15.3299999237061,15.2480001449585,15.1960000991821,1200,15.1960000991821,2023-10-13
14.4399995803833,15.0799999237061,14.4399995803833,15.1899995803833,4338,15.1899995803833,2023-10-16
15.1899995803833,15.206000328064,15.1300001144409,15.1780004501343,2393,15.1780004501343,2023-10-17
15.1300001144409,15.1639995574951,14.8520002365112,14.8380002975464,11852,14.8380002975464,2023-10-18
14.6859998703003,14.6999998092651,14.6339998245239,14.71399974823,2201,14.71399974823,2023-10-19
14.4119997024536,14.4119997024536,14.21399974823,14.2279996871948,3589,14.2279996871948,2023-10-20
14.2620000839233,14.293999671936,14.0939998626709,14.2799997329712,642,14.2799997329712,2023-10-23
14.3559999465942,14.3559999465942,14.3400001525879,14.4139995574951,2192,14.4139995574951,2023-10-24
14.3059997558594,14.3059997558594,14.3059997558594,14.3179998397827,17,14.3179998397827,2023-10-25
14.3059997558594,14.3059997558594,13.8699998855591,13.9879999160767,565,13.9879999160767,2023-10-26
14.6800003051758,14.6800003051758,13.8699998855591,13.9259996414185,4171,13.9259996414185,2023-10-27
14.1359996795654,14.1400003433228,13.8699998855591,13.8819999694824,744,13.8819999694824,2023-10-30
13.9200000762939,14.0500001907349,13.9200000762939,14.043999671936,8631,14.043999671936,2023-10-31
14.0500001907349,14.2399997711182,14.0459995269775,14.2259998321533,802,14.2259998321533,2023-11-01
14.4779996871948,14.6400003433228,14.4759998321533,14.6020002365112,1686,14.6020002365112,2023-11-02
14.8059997558594,14.8999996185303,14.7299995422363,14.8739995956421,1056,14.8739995956421,2023-11-03
14.9919996261597,15.1639995574951,14.9099998474121,14.9259996414185,14902,14.9259996414185,2023-11-06
14.8400001525879,14.8400001525879,14.8400001525879,14.9720001220703,7,14.9720001220703,2023-11-07
14.9060001373291,14.923999786377,14.8660001754761,14.8579998016357,4569,14.8579998016357,2023-11-08
15.0240001678467,15.0240001678467,14.9980001449585,15.0200004577637,2013,15.0200004577637,2023-11-09
14.8000001907349,14.8319997787476,14.7799997329712,14.9119997024536,217,14.9119997024536,2023-11-10
15.0059995651245,15.0059995651245,14.9540004730225,15.0600004196167,713,15.0600004196167,2023-11-13
15.0500001907349,15.3680000305176,15.0500001907349,15.3459997177124,1642,15.3459997177124,2023-11-14
15.5640001296997,15.5860004425049,15.4359998703003,15.5719995498657,3711,15.5719995498657,2023-11-15
15.4680004119873,15.4680004119873,15.3439998626709,15.3540000915527,903,15.3540000915527,2023-11-16
15.6040000915527,15.6040000915527,15.5319995880127,15.5100002288818,239,15.5100002288818,2023-11-17
15.5340003967285,15.6800003051758,15.5340003967285,15.6420001983643,13421,15.6420001983643,2023-11-20
15.6920003890991,15.7580003738403,15.5120000839233,15.6859998703003,2408,15.6859998703003,2023-11-21
15.7399997711182,15.8280000686646,15.7399997711182,15.7760000228882,1300,15.7760000228882,2023-11-22
15.9479999542236,15.9479999542236,15.8020000457764,15.7600002288818,1237,15.7600002288818,2023-11-23
15.7299995422363,15.746000289917,15.6759996414185,15.7239999771118,2192,15.7239999771118,2023-11-24
15.6599998474121,15.7239999771118,15.6099996566772,15.6859998703003,2082,15.6859998703003,2023-11-27
15.6199998855591,15.6999998092651,15.5860004425049,15.6300001144409,4377,15.6300001144409,2023-11-28
15.71399974823,15.8959999084473,15.71399974823,15.8079996109009,1884,15.8079996109009,2023-11-29
15.8999996185303,16.0480003356934,15.8999996185303,15.9099998474121,3026,15.9099998474121,2023-11-30
15.8999996185303,16.1660003662109,15.8979997634888,16.1359996795654,1574,16.1359996795654,2023-12-01
16.0580005645752,16.1800003051758,16.0580005645752,16.0919990539551,4042,16.0919990539551,2023-12-04
15.9799995422363,16.0340003967285,15.9799995422363,16.07200050354,1404,16.07200050354,2023-12-05
16.2940006256104,16.2940006256104,16.2299995422363,16.2299995422363,1623,16.2299995422363,2023-12-06
15.9820003509521,16.0400009155273,15.9820003509521,16.0219993591309,923,16.0219993591309,2023-12-07
16.1140003204346,16.261999130249,16.0699996948242,16.261999130249,539,16.261999130249,2023-12-08
16.6200008392334,16.6200008392334,16.2520008087158,16.2900009155273,4759,16.2900009155273,2023-12-11
16.2299995422363,16.4379997253418,16.2299995422363,16.2759990692139,616,16.2759990692139,2023-12-12
16.3460006713867,16.5020008087158,16.2999992370605,16.2999992370605,2725,16.2999992370605,2023-12-13
16.6599998474121,16.7080001831055,16.5440006256104,16.5900001525879,6421,16.5900001525879,2023-12-14
16.9640007019043,16.9899997711182,16.8619995117188,16.9599990844727,8932,16.9599990844727,2023-12-15
17.2479991912842,17.25,16.7560005187988,16.8780002593994,2744,16.8780002593994,2023-12-18
17.0100002288818,17.0580005645752,16.9559993743896,16.9619998931885,2427,16.9619998931885,2023-12-19
17.1299991607666,17.1299991607666,17.0139999389648,17.0340003967285,1660,17.0340003967285,2023-12-20
16.923999786377,16.9340000152588,16.8460006713867,16.9340000152588,1054,16.9340000152588,2023-12-21
16.931999206543,16.931999206543,16.8040008544922,16.8740005493164,1013,16.8740005493164,2023-12-22
16.9500007629395,17.0259990692139,16.9060001373291,16.8939990997314,1171,16.8939990997314,2023-12-27
17.0419998168945,17.0419998168945,16.9260005950928,17.0219993591309,2540,17.0219993591309,2023-12-28
16.9260005950928,17.0699996948242,16.82200050354,16.8419990539551,843,16.8419990539551,2023-12-29
17.0559997558594,17.0559997558594,16.6520004272461,16.7320003509521,2218,16.7320003509521,2024-01-02
16.746000289917,16.746000289917,16.3120002746582,16.3780002593994,3419,16.3780002593994,2024-01-03
16.2299995422363,16.2339992523193,16.1660003662109,16.2140007019043,1035,16.2140007019043,2024-01-04
16.0639991760254,16.1499996185303,15.9180002212524,16.1100006103516,5867,16.1100006103516,2024-01-05
16.0979995727539,16.3819999694824,16.0300006866455,16.3560009002686,1056,16.3560009002686,2024-01-08
16.5160007476807,16.5839996337891,16.5160007476807,16.5900001525879,1070,16.5900001525879,2024-01-09
16.7940006256104,16.9419994354248,16.7940006256104,16.9060001373291,3470,16.9060001373291,2024-01-10
17.2240009307861,17.2240009307861,16.9500007629395,17.0259990692139,5228,17.0259990692139,2024-01-11
17.2339992523193,17.3099994659424,17.1900005340576,17.2360000610352,1040,17.2360000610352,2024-01-12
17.2479991912842,17.2999992370605,17.1919994354248,17.2600002288818,1809,17.2600002288818,2024-01-15
17.2479991912842,17.2479991912842,17.1180000305176,17.2360000610352,3024,17.2360000610352,2024-01-16
17,17.0900001525879,16.9400005340576,16.9720001220703,3961,16.9720001220703,2024-01-17
16.8939990997314,17.0879993438721,16.8939990997314,17.1299991607666,786,17.1299991607666,2024-01-18
17.1040000915527,17.1399993896484,17,17.0459995269775,3269,17.0459995269775,2024-01-19
17.3400001525879,17.5240001678467,17.257999420166,17.5200004577637,13962,17.5200004577637,2024-01-22
17.5100002288818,17.5259990692139,17.4500007629395,17.4939994812012,3197,17.4939994812012,2024-01-23
17.6560001373291,17.67799949646,17.503999710083,17.5060005187988,3799,17.5060005187988,2024-01-24
17.4580001831055,17.6319999694824,17.4580001831055,17.6200008392334,7358,17.6200008392334,2024-01-25
17.4479999542236,17.5900001525879,17.4479999542236,17.6359996795654,8820,17.6359996795654,2024-01-26
17.57200050354,17.67799949646,17.5419998168945,17.6480007171631,3236,17.6480007171631,2024-01-29
17.7819995880127,17.8199996948242,17.7819995880127,17.742000579834,1305,17.742000579834,2024-01-30
17.6520004272461,17.6520004272461,17.3500003814697,17.3999996185303,11252,17.3999996185303,2024-01-31
17.3980007171631,17.5219993591309,17.2660007476807,17.3339996337891,3002,17.3339996337891,2024-02-01
17.5259990692139,17.7059993743896,17.503999710083,17.7059993743896,11440,17.7059993743896,2024-02-02
17.8999996185303,17.9619998931885,17.7399997711182,17.7759990692139,5714,17.7759990692139,2024-02-05
17.6259994506836,17.9699993133545,17.6259994506836,17.7280006408691,2113,17.7280006408691,2024-02-06
17.6539993286133,17.75,17.6399993896484,17.7280006408691,5268,17.7280006408691,2024-02-07
17.8799991607666,17.923999786377,17.75,17.8199996948242,13826,17.8199996948242,2024-02-08
17.9340000152588,18.1000003814697,17.9340000152588,18.0559997558594,5301,18.0559997558594,2024-02-09
18.1979999542236,18.4020004272461,18.1319999694824,18.3999996185303,7658,18.3999996185303,2024-02-12
18.2320003509521,18.2439994812012,17.9200000762939,18.1079998016357,13272,18.1079998016357,2024-02-13
18.0400009155273,18.2280006408691,18.0400009155273,18.0779991149902,2061,18.0779991149902,2024-02-14
18.3859996795654,18.4120006561279,18.3400001525879,18.3500003814697,3360,18.3500003814697,2024-02-15
18.4599990844727,18.4979991912842,18.2639999389648,18.3439998626709,9586,18.3439998626709,2024-02-16
18.3279991149902,18.4179992675781,18.3279991149902,18.3500003814697,3547,18.3500003814697,2024-02-19
18.3840007781982,18.3840007781982,18.0060005187988,18.0200004577637,3564,18.0200004577637,2024-02-20
18.1240005493164,18.1240005493164,17.8840007781982,17.923999786377,8008,17.923999786377,2024-02-21
18.5,18.6560001373291,18.4020004272461,18.6079998016357,6230,18.6079998016357,2024-02-22
18.6299991607666,18.8339996337891,18.5240001678467,18.6359996795654,4349,18.6359996795654,2024-02-23
18.6639995574951,18.757999420166,18.6299991607666,18.742000579834,8427,18.742000579834,2024-02-26
18.9379997253418,18.9379997253418,18.7959995269775,18.8339996337891,8161,18.8339996337891,2024-02-27
18.8400001525879,18.8400001525879,18.6299991607666,18.7199993133545,4247,18.7199993133545,2024-02-28
18.8560009002686,18.9899997711182,18.6800003051758,18.8759994506836,14249,18.8759994506836,2024-02-29
19.0060005187988,19.1380004882812,18.8999996185303,19.1439990997314,8550,19.1439990997314,2024-03-01
19.2560005187988,19.3939990997314,19.2140007019043,19.3239994049072,11049,19.3239994049072,2024-03-04
19.3959999084473,19.4799995422363,19.1119995117188,19.2339992523193,10722,19.2339992523193,2024-03-05
19.2059993743896,19.5,19.2000007629395,19.5,11415,19.5,2024-03-06
19.4519996643066,19.6280002593994,19.3959999084473,19.7140007019043,4331,19.7140007019043,2024-03-07
19.9060001373291,20.0699996948242,19.5879993438721,19.6760005950928,15997,19.6760005950928,2024-03-08
19.3059997558594,19.3959999084473,18.8320007324219,19.17799949646,15337,19.17799949646,2024-03-11
19.1700000762939,19.2019996643066,19.0779991149902,19.326000213623,3378,19.326000213623,2024-03-12
19.7220001220703,19.7220001220703,19.2000007629395,19.2320003509521,3610,19.2320003509521,2024-03-13
19.2940006256104,19.3680000305176,18.9500007629395,19,3777,19,2024-03-14
19.076000213623,19.1700000762939,19.0300006866455,19.0639991760254,1529,19.0639991760254,2024-03-15
19.2959995269775,19.4060001373291,19.1079998016357,19.2299995422363,35478,19.2299995422363,2024-03-18
19.2259998321533,19.2800006866455,18.9799995422363,19.1979999542236,99363,19.1979999542236,2024-03-19
19.2779998779297,19.3500003814697,19.2299995422363,19.2479991912842,5322,19.2479991912842,2024-03-20
19.3840007781982,19.5179996490479,19.3840007781982,19.5440006256104,4255,19.5440006256104,2024-03-21
19.5960006713867,19.5960006713867,19.4379997253418,19.4799995422363,7303,19.4799995422363,2024-03-22
19.4459991455078,19.4799995422363,19.2800006866455,19.3500003814697,5442,19.3500003814697,2024-03-25
19.3799991607666,19.4759998321533,19.3799991607666,19.4500007629395,6493,19.4500007629395,2024-03-26
19.2999992370605,19.3680000305176,19.1620006561279,19.2000007629395,5748,19.2000007629395,2024-03-27
19.3199996948242,19.3999996185303,19.2719993591309,19.4039993286133,5253,19.4039993286133,2024-03-28
19.3859996795654,19.3859996795654,18.8439998626709,18.9540004730225,10285,18.9540004730225,2024-04-02
18.757999420166,18.8999996185303,18.75,18.931999206543,3103,18.931999206543,2024-04-03
18.8519992828369,18.9300003051758,18.82200050354,18.8859996795654,2369,18.8859996795654,2024-04-04
18.6180000305176,18.6359996795654,18.4200000762939,18.576000213623,10917,18.576000213623,2024-04-05
18.4979991912842,18.738000869751,18.4979991912842,18.6299991607666,649,18.6299991607666,2024-04-08
18.6299991607666,18.7360000610352,18.6180000305176,18.6119995117188,8063,18.6119995117188,2024-04-09
18.8400001525879,18.8400001525879,18.4220008850098,18.6959991455078,1178,18.6959991455078,2024-04-10
18.7520008087158,18.7759990692139,18.6499996185303,18.7639999389648,3551,18.7639999389648,2024-04-11
18.9300003051758,18.9300003051758,18.6800003051758,18.7080001831055,1401,18.7080001831055,2024-04-12
18.6620006561279,18.6979999542236,18.5,18.496000289917,5140,18.496000289917,2024-04-15
18.2339992523193,18.2339992523193,18.1000003814697,18.17799949646,3360,18.17799949646,2024-04-16
17.9580001831055,18.1879997253418,17.9580001831055,18,5256,18,2024-04-17
17.988000869751,18.2199993133545,17.9200000762939,18.2199993133545,1231,18.2199993133545,2024-04-18
17.8999996185303,17.9120006561279,17.8139991760254,17.8500003814697,3107,17.8500003814697,2024-04-19
17.8099994659424,17.8579998016357,17.7859992980957,17.75,2557,17.75,2024-04-22
17.8320007324219,18.1499996185303,17.8239994049072,18.1359996795654,2525,18.1359996795654,2024-04-23
18.3799991607666,18.3799991607666,18.1700000762939,18.1800003051758,9399,18.1800003051758,2024-04-24
18.0820007324219,18.0820007324219,17.75,17.8099994659424,3384,17.8099994659424,2024-04-25
18.1439990997314,18.4419994354248,18.1439990997314,18.4300003051758,6825,18.4300003051758,2024-04-26
18.5160007476807,18.5960006713867,18.5,18.507999420166,10268,18.507999420166,2024-04-29
18.6359996795654,18.6439990997314,18.5319995880127,18.4899997711182,778,18.4899997711182,2024-04-30
18.5,18.576000213623,18.5,18.4899997711182,4380,18.4899997711182,2024-05-02
18.5960006713867,18.746000289917,18.5900001525879,18.7140007019043,3462,18.7140007019043,2024-05-03
18.8999996185303,18.9820003509521,18.826000213623,18.9720001220703,4345,18.9720001220703,2024-05-06
19.1060009002686,19.1499996185303,19.0380001068115,19.1520004272461,8457,19.1520004272461,2024-05-07
19.1340007781982,19.1340007781982,18.9099998474121,18.988000869751,7773,18.988000869751,2024-05-08
18.9300003051758,19.0540008544922,18.9300003051758,19.0300006866455,996,19.0300006866455,2024-05-09
19.0540008544922,19.1459999084473,19.0200004577637,19.0259990692139,7770,19.0259990692139,2024-05-10
19.1340007781982,19.1340007781982,18.9260005950928,19.0799999237061,2784,19.0799999237061,2024-05-13
18.992000579834,19.1319999694824,18.8780002593994,19.1319999694824,15335,19.1319999694824,2024-05-14
18.9979991912842,19.1620006561279,18.9500007629395,19.1420001983643,10706,19.1420001983643,2024-05-15
19.242000579834,19.3560009002686,19.242000579834,19.2819995880127,3799,19.2819995880127,2024-05-16
19.1700000762939,19.1700000762939,19.0540008544922,19.0779991149902,6014,19.0779991149902,2024-05-17
19.4799995422363,19.4799995422363,19.1119995117188,19.2080001831055,16517,19.2080001831055,2024-05-20
19.1439990997314,19.1439990997314,19.0620002746582,19.0699996948242,3708,19.0699996948242,2024-05-21
19,19.068000793457,18.92799949646,18.9780006408691,6931,18.9780006408691,2024-05-22
19.1560001373291,19.2019996643066,19.0639991760254,19.0939998626709,6782,19.0939998626709,2024-05-23
19.003999710083,19.0599994659424,18.923999786377,19.0340003967285,4059,19.0340003967285,2024-05-24
19.1060009002686,19.1919994354248,18.9799995422363,19.1979999542236,5603,19.1979999542236,2024-05-27
19.1200008392334,19.2040004730225,19,19.011999130249,13107,19.011999130249,2024-05-28
19.0960006713867,19.0960006713867,18.7660007476807,18.9080009460449,10571,18.9080009460449,2024-05-29
18.7740001678467,18.7740001678467,18.6079998016357,18.6679992675781,11662,18.6679992675781,2024-05-30
18.6060009002686,18.6620006561279,18.5219993591309,18.5219993591309,2135,18.5219993591309,2024-05-31
18.8059997558594,18.9080009460449,18.6919994354248,18.7180004119873,8039,18.7180004119873,2024-06-03
18.8239994049072,18.8239994049072,18.6760005950928,18.757999420166,12551,18.757999420166,2024-06-04
18.8600006103516,18.8880004882812,18.6979999542236,18.92799949646,6975,18.92799949646,2024-06-05
18.9680004119873,19.0440006256104,18.9179992675781,18.9360008239746,4747,18.9360008239746,2024-06-06
19.0900001525879,19.0900001525879,18.8799991607666,18.8999996185303,2000,18.8999996185303,2024-06-07
19.3999996185303,19.3999996185303,18.8479995727539,19.0359992980957,13282,19.0359992980957,2024-06-10
19.0779991149902,19.0779991149902,19,18.9740009307861,63,18.9740009307861,2024-06-11
18.9899997711182,19.3619995117188,18.9899997711182,19.3579998016357,5111,19.3579998016357,2024-06-12
19.2679996490479,19.3519992828369,19.2240009307861,19.253999710083,3847,19.253999710083,2024-06-13
19.3859996795654,19.3859996795654,19.2040004730225,19.2199993133545,5978,19.2199993133545,2024-06-14
19.3460006713867,19.3460006713867,19.0979995727539,19.076000213623,8659,19.076000213623,2024-06-17
19.25,19.25,19.1299991607666,19.2259998321533,2853,19.2259998321533,2024-06-18
19.326000213623,19.326000213623,19.2299995422363,19.2399997711182,3860,19.2399997711182,2024-06-19
19.3980007171631,19.3980007171631,19.173999786377,19.2339992523193,4109,19.2339992523193,2024-06-20
19.0739994049072,19.1439990997314,18.7919998168945,18.8719997406006,9203,18.8719997406006,2024-06-21
18.8759994506836,18.9099998474121,18.7339992523193,18.7660007476807,4405,18.7660007476807,2024-06-24
18.6180000305176,18.7600002288818,18.6180000305176,18.7600002288818,4215,18.7600002288818,2024-06-25
19.1359996795654,19.1359996795654,18.8859996795654,18.8740005493164,1459,18.8740005493164,2024-06-26
18.7999992370605,18.818000793457,18.7019996643066,18.746000289917,1365,18.746000289917,2024-06-27
18.92799949646,19.007999420166,18.9139995574951,18.9820003509521,4607,18.9820003509521,2024-06-28
18.8059997558594,19.0219993591309,18.6060009002686,18.826000213623,4270,18.826000213623,2024-07-01
19.2800006866455,19.2800006866455,18.7040004730225,18.7479991912842,2152,18.7479991912842,2024-07-02
18.8600006103516,18.8680000305176,18.7660007476807,18.8279991149902,10057,18.8279991149902,2024-07-03
18.9479999542236,18.9479999542236,18.8640003204346,18.8740005493164,1375,18.8740005493164,2024-07-04
18.9519996643066,19.0200004577637,18.8799991607666,18.8899993896484,1723,18.8899993896484,2024-07-05
18.9519996643066,19.0440006256104,18.7880001068115,18.9839992523193,16119,18.9839992523193,2024-07-08
19.0400009155273,19.1380004882812,18.9979991912842,18.9939994812012,4106,18.9939994812012,2024-07-09
19.1060009002686,19.1060009002686,19.0300006866455,19.0879993438721,1686,19.0879993438721,2024-07-10
19.1439990997314,19.3159999847412,19.1319999694824,19.2140007019043,3147,19.2140007019043,2024-07-11
19.2299995422363,19.4479999542236,19.2280006408691,19.3959999084473,2161,19.3959999084473,2024-07-12
19.4939994812012,19.4939994812012,19.3519992828369,19.3899993896484,2063,19.3899993896484,2024-07-15
19.2859992980957,19.3999996185303,19.2800006866455,19.3500003814697,1775,19.3500003814697,2024-07-16
19.2040004730225,19.2040004730225,18.992000579834,18.9799995422363,4836,18.9799995422363,2024-07-17
18.8279991149902,18.9220008850098,18.67799949646,18.6319999694824,3711,18.6319999694824,2024-07-18
18.6079998016357,18.7000007629395,18.6079998016357,18.5699996948242,5716,18.5699996948242,2024-07-19
18.7080001831055,18.8899993896484,18.57200050354,18.7180004119873,3699,18.7180004119873,2024-07-22
18.8040008544922,18.9500007629395,18.7959995269775,18.8999996185303,14521,18.8999996185303,2024-07-23
18.7199993133545,18.7740001678467,18.5620002746582,18.5699996948242,4129,18.5699996948242,2024-07-24
18.3059997558594,18.3059997558594,17.9860000610352,18.1679992675781,7510,18.1679992675781,2024-07-25
18.242000579834,18.3980007171631,18.242000579834,18.3339996337891,7397,18.3339996337891,2024-07-26
18.4379997253418,18.5139999389648,18.4020004272461,18.3120002746582,514,18.3120002746582,2024-07-29
18.32200050354,18.431999206543,18.1760005950928,18.2180004119873,2938,18.2180004119873,2024-07-30
18.5279998779297,18.6399993896484,18.4860000610352,18.6299991607666,4400,18.6299991607666,2024-07-31
18.5240001678467,18.6159992218018,18.1420001983643,18.1560001373291,2219,18.1560001373291,2024-08-01
18.1019992828369,18.1019992828369,16.9699993133545,17.0400009155273,22965,17.0400009155273,2024-08-02
16.3159999847412,16.6900005340576,15.8459997177124,16.6879997253418,28545,16.6879997253418,2024-08-05
17.2000007629395,17.4440002441406,16.7700004577637,16.9160003662109,34691,16.9160003662109,2024-08-06
17.2140007019043,17.5300006866455,17.1480007171631,17.4400005340576,13426,17.4400005340576,2024-08-07
17.0440006256104,17.4160003662109,16.9720001220703,17.4080009460449,38628,17.4080009460449,2024-08-08
17.5559997558594,17.5559997558594,17.3419990539551,17.4120006561279,600,17.4120006561279,2024-08-09
17.5160007476807,17.5860004425049,17.4519996643066,17.5259990692139,1071,17.5259990692139,2024-08-12
17.8059997558594,17.8159999847412,17.568000793457,17.8479995727539,2405,17.8479995727539,2024-08-13
17.8780002593994,17.923999786377,17.757999420166,17.8460006713867,299,17.8460006713867,2024-08-14
18.32200050354,18.32200050354,18.2220001220703,18.1620006561279,1795,18.1620006561279,2024-08-16
18.1660003662109,18.2240009307861,18.0820007324219,18.3099994659424,769,18.3099994659424,2024-08-19
18.5300006866455,18.5419998168945,18.3020000457764,18.3239994049072,1059,18.3239994049072,2024-08-20
18.4659996032715,18.5520000457764,18.4659996032715,18.5939998626709,690,18.5939998626709,2024-08-21
18.6639995574951,18.7560005187988,18.6639995574951,18.6760005950928,1475,18.6760005950928,2024-08-22
18.6259994506836,18.6580009460449,18.6100006103516,18.6620006561279,3796,18.6620006561279,2024-08-23
18.6840000152588,18.7719993591309,18.576000213623,18.5839996337891,1743,18.5839996337891,2024-08-26
18.5860004425049,18.6420001983643,18.5,18.6180000305176,3535,18.6180000305176,2024-08-27
18.6679992675781,18.7299995422363,18.6019992828369,18.5259990692139,3399,18.5259990692139,2024-08-28
18.5340003967285,18.8139991760254,18.5340003967285,18.7719993591309,1906,18.7719993591309,2024-08-29
18.7159996032715,18.7719993591309,18.6979999542236,18.6639995574951,905,18.6639995574951,2024-08-30
18.6580009460449,18.6580009460449,18.6240005493164,18.6919994354248,883,18.6919994354248,2024-09-02
18.7159996032715,18.7159996032715,18.1800003051758,18.2180004119873,4195,18.2180004119873,2024-09-03
17.8339996337891,17.9780006408691,17.75,17.8759994506836,1043,17.8759994506836,2024-09-04
17.7140007019043,17.7600002288818,17.6520004272461,17.6159992218018,3471,17.6159992218018,2024-09-05
17.673999786377,17.673999786377,17.4120006561279,17.1000003814697,3531,17.1000003814697,2024-09-06
17.4160003662109,17.6480007171631,17.4160003662109,17.5,5347,17.5,2024-09-09
17.4820003509521,17.5620002746582,17.4120006561279,17.4820003509521,716,17.4820003509521,2024-09-10
17.4820003509521,17.5520000457764,17.3999996185303,17.4899997711182,360,17.4899997711182,2024-09-11
18,18.003999710083,17.931999206543,18.0300006866455,1629,18.0300006866455,2024-09-12
18.1040000915527,18.1040000915527,18.0480003356934,18.1319999694824,1713,18.1319999694824,2024-09-13
18.1340007781982,18.1439990997314,17.9759998321533,18.0259990692139,1813,18.0259990692139,2024-09-16
17.9759998321533,18.1599998474121,17.9759998321533,18.1060009002686,3762,18.1060009002686,2024-09-17
18.0520000457764,18.0520000457764,17.9580001831055,17.9640007019043,2057,17.9640007019043,2024-09-18
18.1679992675781,18.3500003814697,18.1639995574951,18.3400001525879,4022,18.3400001525879,2024-09-19
18.2000007629395,18.3379993438721,18.1900005340576,18.2019996643066,273,18.2019996643066,2024-09-20
18.3419990539551,18.3600006103516,18.318000793457,18.2980003356934,6147,18.2980003356934,2024-09-23
18.4220008850098,18.4379997253418,18.3579998016357,18.3939990997314,6159,18.3939990997314,2024-09-24
18.5020008087158,18.5219993591309,18.4740009307861,18.6760005950928,1119,18.6760005950928,2024-09-25
18.6019992828369,19.0939998626709,18.6019992828369,18.8640003204346,11931,18.8640003204346,2024-09-26
18.9619998931885,19.007999420166,18.9400005340576,18.9720001220703,4205,18.9720001220703,2024-09-27
18.9200000762939,18.9860000610352,18.7700004577637,18.9759998321533,1470,18.9759998321533,2024-09-30
18.9780006408691,19.2339992523193,18.8120002746582,18.8099994659424,3078,18.8099994659424,2024-10-01
19.1760005950928,19.1760005950928,18.738000869751,18.9200000762939,3379,18.9200000762939,2024-10-02
18.6439990997314,18.8780002593994,18.6439990997314,18.8659992218018,915,18.8659992218018,2024-10-03
18.8819999694824,19.1800003051758,18.8819999694824,19.0960006713867,2679,19.0960006713867,2024-10-04
19.3199996948242,19.3199996948242,19.0659999847412,19.1200008392334,2417,19.1200008392334,2024-10-07
19.0200004577637,19.1159992218018,18.8759994506836,19.07200050354,2516,19.07200050354,2024-10-08
19.17799949646,19.17799949646,19.0020008087158,19.1720008850098,1903,19.1720008850098,2024-10-09
19.1359996795654,19.1459999084473,19,19.1040000915527,4791,19.1040000915527,2024-10-10
19.1040000915527,19.2999992370605,19.1040000915527,19.3020000457764,1543,19.3020000457764,2024-10-11
19.4060001373291,19.5160007476807,19.2740001678467,19.4839992523193,24819,19.4839992523193,2024-10-14
19.4740009307861,19.4740009307861,19.2080001831055,19.2059993743896,1107,19.2059993743896,2024-10-15
19.1520004272461,19.1520004272461,18.9400005340576,19.0419998168945,6726,19.0419998168945,2024-10-16
19.0939998626709,19.25,19.0939998626709,19.173999786377,2660,19.173999786377,2024-10-17
19.3519992828369,19.3819999694824,19.2840003967285,19.3619995117188,2263,19.3619995117188,2024-10-18
19.4500007629395,19.5,19.3339996337891,19.3339996337891,7537,19.3339996337891,2024-10-21
19.3479995727539,19.3479995727539,19.238000869751,19.2660007476807,3485,19.2660007476807,2024-10-22
19.2959995269775,19.2959995269775,19,19,525,19,2024-10-23
19.2099990844727,19.2099990844727,19.0559997558594,19.068000793457,1185,19.068000793457,2024-10-24
19.2940006256104,19.326000213623,19.1879997253418,19.326000213623,3671,19.326000213623,2024-10-25
19.5459995269775,19.5459995269775,19.4220008850098,19.4979991912842,721,19.4979991912842,2024-10-28
19.6720008850098,19.6720008850098,19.5,19.6359996795654,1977,19.6359996795654,2024-10-29
19.8419990539551,19.8419990539551,19.6599998474121,19.6580009460449,344,19.6580009460449,2024-10-30
19.6240005493164,19.6240005493164,19.2140007019043,19.2479991912842,5163,19.2479991912842,2024-10-31
19.2740001678467,19.4979991912842,19.25,19.5,196,19.5,2024-11-01
19.5,19.5300006866455,19.4060001373291,19.511999130249,2185,19.511999130249,2024-11-04
19.4500007629395,19.7000007629395,19.4500007629395,19.7000007629395,2012,19.7000007629395,2024-11-05
20.2649993896484,20.4599990844727,20.1849994659424,20.2600002288818,29259,20.2600002288818,2024-11-06
20.3050003051758,20.3150005340576,20.2199993133545,20.2999992370605,6674,20.2999992370605,2024-11-07
20.4750003814697,20.5750007629395,20.4400005340576,20.6049995422363,3715,20.6049995422363,2024-11-08
20.8549995422363,20.9500007629395,20.7999992370605,20.9349994659424,4902,20.9349994659424,2024-11-11
20.7399997711182,20.7900009155273,20.5799999237061,20.6049995422363,4825,20.6049995422363,2024-11-12
20.5650005340576,20.5849990844727,20.4899997711182,20.6499996185303,2608,20.6499996185303,2024-11-13
20.6299991607666,20.6350002288818,20.4650001525879,20.4899997711182,2318,20.4899997711182,2024-11-14
20.2849998474121,20.2849998474121,20.1550006866455,20.1299991607666,2685,20.1299991607666,2024-11-15
20.2199993133545,20.2199993133545,19.9699993133545,20.1149997711182,7564,20.1149997711182,2024-11-18
20.2350006103516,20.2350006103516,19.923999786377,20.2250003814697,2680,20.2250003814697,2024-11-19
20.4950008392334,20.5,20.25,20.2849998474121,7915,20.2849998474121,2024-11-20
20.5400009155273,20.7450008392334,20.2999992370605,20.7450008392334,685,20.7450008392334,2024-11-21
20.8199996948242,21.0200004577637,20.8050003051758,21.0349998474121,4212,21.0349998474121,2024-11-22
21.2150001525879,21.2150001525879,20.9500007629395,20.9899997711182,7492,20.9899997711182,2024-11-25
20.9150009155273,20.9449996948242,20.7999992370605,20.9449996948242,721,20.9449996948242,2024-11-26
20.8250007629395,20.8250007629395,20.3999996185303,20.3600006103516,1154,20.3600006103516,2024-11-27
20.6499996185303,20.6499996185303,20.6299991607666,20.6350002288818,133,20.6350002288818,2024-11-28
20.6149997711182,20.7250003814697,20.6149997711182,20.7399997711182,1670,20.7399997711182,2024-11-29
20.9150009155273,20.9850006103516,20.8150005340576,20.9099998474121,2113,20.9099998474121,2024-12-02
20.9150009155273,21.1849994659424,20.8999996185303,20.9400005340576,1761,20.9400005340576,2024-12-03
21.0650005340576,21.2250003814697,21.0650005340576,21.2549991607666,2687,21.2549991607666,2024-12-04
21.2800006866455,21.2800006866455,21.0949993133545,21.1900005340576,16012,21.1900005340576,2024-12-05
21.1399993896484,21.2649993896484,21.1000003814697,21.2600002288818,3293,21.2600002288818,2024-12-06
21.2299995422363,21.2700004577637,20.8950004577637,21.0200004577637,2838,21.0200004577637,2024-12-09
21.1550006866455,21.1800003051758,21.1049995422363,21.0200004577637,2288,21.0200004577637,2024-12-10
21,21.0750007629395,20.9850006103516,21.1399993896484,1524,21.1399993896484,2024-12-11
21.0400009155273,21.0750007629395,20.9500007629395,21.0100002288818,5701,21.0100002288818,2024-12-12
20.9200000762939,20.9200000762939,20.6350002288818,20.6900005340576,16547,20.6900005340576,2024-12-13
20.75,20.9950008392334,20.6599998474121,20.7199993133545,2773,20.7199993133545,2024-12-16
20.7600002288818,20.7600002288818,20.6000003814697,20.6499996185303,1085,20.6499996185303,2024-12-17
20.8099994659424,20.9249992370605,20.8099994659424,20.9099998474121,3610,20.9099998474121,2024-12-18
20.3500003814697,20.4349994659424,20.1599998474121,20.2199993133545,9156,20.2199993133545,2024-12-19
20,20.3850002288818,19.7919998168945,20.3850002288818,6545,20.3850002288818,2024-12-20
20.4699993133545,20.4699993133545,20.2950000762939,20.3099994659424,4392,20.3099994659424,2024-12-23
20.4699993133545,20.7749996185303,20.4699993133545,20.4699993133545,850,20.4699993133545,2024-12-27
20.4750003814697,20.6749992370605,20.3850002288818,20.3549995422363,901,20.3549995422363,2024-12-30
20.5750007629395,20.8199996948242,20.5,20.8150005340576,4446,20.8150005340576,2025-01-02
20.8199996948242,20.9500007629395,20.6399993896484,20.9500007629395,1334,20.9500007629395,2025-01-03
20.9799995422363,21.1399993896484,20.8099994659424,21.1550006866455,3561,21.1550006866455,2025-01-06
21.0750007629395,21.1399993896484,20.75,20.8600006103516,6265,20.8600006103516,2025-01-07
20.7700004577637,20.8199996948242,20.4950008392334,20.6350002288818,3543,20.6350002288818,2025-01-08
20.5499992370605,20.6049995422363,20.5499992370605,20.5949993133545,3629,20.5949993133545,2025-01-09
20.6650009155273,20.6650009155273,20.2999992370605,20.3600006103516,1304,20.3600006103516,2025-01-10
20.4750003814697,20.4750003814697,20.0300006866455,20.0750007629395,7528,20.0750007629395,2025-01-13
20.3950004577637,20.3950004577637,20.0900001525879,20.1049995422363,6795,20.1049995422363,2025-01-14
20.0949993133545,20.6650009155273,20.0949993133545,20.5900001525879,4215,20.5900001525879,2025-01-15
20.8700008392334,20.875,20.7600002288818,20.8299999237061,2148,20.8299999237061,2025-01-16
21.0149993896484,21.1849994659424,21.0149993896484,21.1550006866455,5984,21.1550006866455,2025-01-17
21.2849998474121,21.2849998474121,21.0450000762939,21.1399993896484,6846,21.1399993896484,2025-01-20
21.2099990844727,21.2600002288818,21.1550006866455,21.2749996185303,3666,21.2749996185303,2025-01-21
21.6450004577637,21.7199993133545,21.5499992370605,21.6650009155273,8727,21.6650009155273,2025-01-22
21.7250003814697,21.9699993133545,21.5100002288818,21.6650009155273,9121,21.6650009155273,2025-01-23
21.8400001525879,21.8400001525879,21.6499996185303,21.7350006103516,9712,21.7350006103516,2025-01-24
21.0949993133545,21.0949993133545,20.5349998474121,20.7299995422363,22245,20.7299995422363,2025-01-27
20.9300003051758,21.0799999237061,20.9300003051758,21,6998,21,2025-01-28
21.5049991607666,21.5049991607666,21.0900001525879,21.0599994659424,1496,21.0599994659424,2025-01-29
21.1849994659424,21.1949996948242,20.9099998474121,20.9750003814697,5106,20.9750003814697,2025-01-30
21.2450008392334,21.3799991607666,21.125,21.3449993133545,3159,21.3449993133545,2025-01-31
20.75,20.8799991607666,20.5499992370605,20.8600006103516,11806,20.8600006103516,2025-02-03
20.8649997711182,21.0900001525879,20.75,21.0550003051758,2831,21.0550003051758,2025-02-04
20.8400001525879,21.0550003051758,20.7999992370605,21.0450000762939,2599,21.0450000762939,2025-02-05
21.2649993896484,21.3400001525879,21.2649993896484,21.3150005340576,3206,21.3150005340576,2025-02-06
21.4050006866455,21.5100002288818,21.3250007629395,21.3700008392334,1767,21.3700008392334,2025-02-07
21.5949993133545,21.8400001525879,21.4349994659424,21.7299995422363,7230,21.7299995422363,2025-02-10
21.7749996185303,21.7950000762939,21.6350002288818,21.6550006866455,2114,21.6550006866455,2025-02-11
21.6800003051758,21.6900005340576,21.4400005340576,21.4899997711182,5561,21.4899997711182,2025-02-12
21.5149993896484,21.7749996185303,21.3600006103516,21.4150009155273,1493,21.4150009155273,2025-02-13
21.2600002288818,21.3799991607666,21.1350002288818,21.125,2164,21.125,2025-02-14
21.4750003814697,21.5100002288818,21.3400001525879,21.5100002288818,1507,21.5100002288818,2025-02-17
21.5300006866455,21.6149997711182,21.5249996185303,21.6599998474121,2397,21.6599998474121,2025-02-18
21.6599998474121,21.8700008392334,21.6100006103516,21.7350006103516,4555,21.7350006103516,2025-02-19
21.6299991607666,21.6450004577637,21.4249992370605,21.4599990844727,1659,21.4599990844727,2025-02-20
21.4650001525879,21.6650009155273,21.4500007629395,21.4799995422363,1829,21.4799995422363,2025-02-21
21.1900005340576,21.1900005340576,20.7450008392334,20.8299999237061,6988,20.8299999237061,2025-02-24
20.8299999237061,20.8449993133545,20.4400005340576,20.4099998474121,1752,20.4099998474121,2025-02-25
20.7000007629395,20.9950008392334,20.7000007629395,20.9650001525879,2457,20.9650001525879,2025-02-26
20.9750003814697,21.0300006866455,20.7700004577637,20.8250007629395,6692,20.8250007629395,2025-02-27
20.1650009155273,20.1749992370605,20,20.1200008392334,3547,20.1200008392334,2025-02-28
20.2700004577637,20.3799991607666,20.0400009155273,20.0400009155273,6676,20.0400009155273,2025-03-03
19.6000003814697,19.6000003814697,19.0440006256104,19.0499992370605,28978,19.0499992370605,2025-03-04
19.4780006408691,19.5,19.1499996185303,19.2220001220703,1580,19.2220001220703,2025-03-05
19.2779998779297,19.2779998779297,19.0620002746582,19.1480007171631,3049,19.1480007171631,2025-03-06
18.8899993896484,18.9820003509521,18.5960006713867,18.6060009002686,3880,18.6060009002686,2025-03-07
18.8199996948242,18.9799995422363,18.3020000457764,18.3659992218018,4720,18.3659992218018,2025-03-10
18.1520004272461,18.2819995880127,17.9340000152588,18.1240005493164,5327,18.1240005493164,2025-03-11
18.2360000610352,18.6259994506836,18.2360000610352,18.4559993743896,1339,18.4559993743896,2025-03-12
18.2220001220703,18.2800006866455,18.0879993438721,18.07200050354,1094,18.07200050354,2025-03-13
18.1399993896484,18.4839992523193,18.1399993896484,18.4599990844727,1665,18.4599990844727,2025-03-14
18.4659996032715,18.5839996337891,18.4340000152588,18.4799995422363,4816,18.4799995422363,2025-03-17
18.7220001220703,18.7220001220703,18.3500003814697,18.3980007171631,1118,18.3980007171631,2025-03-18
18.3980007171631,18.5440006256104,18.3980007171631,18.5739994049072,3098,18.5739994049072,2025-03-19
18.7220001220703,18.7220001220703,18.5499992370605,18.5839996337891,3421,18.5839996337891,2025-03-20
18.4599990844727,18.4599990844727,18.25,18.4080009460449,600,18.4080009460449,2025-03-21
18.0240001678467,18.6560001373291,18.0240001678467,18.6539993286133,2579,18.6539993286133,2025-03-24
18.67799949646,18.7099990844727,18.5900001525879,18.6639995574951,3749,18.6639995574951,2025-03-25
18.7000007629395,18.7000007629395,18.4080009460449,18.4099998474121,120,18.4099998474121,2025-03-26
18.3880004882812,18.3880004882812,18.173999786377,18.2779998779297,2483,18.2779998779297,2025-03-27
18,18.0179996490479,17.5839996337891,17.5259990692139,1578,17.5259990692139,2025-03-28
17.5020008087158,17.5020008087158,16.9939994812012,17.173999786377,10934,17.173999786377,2025-03-31
17.4979991912842,17.4979991912842,17.1000003814697,17.3320007324219,1518,17.3320007324219,2025-04-01
17.4740009307861,17.4740009307861,17.1679992675781,17.4300003051758,3636,17.4300003051758,2025-04-02
16.7700004577637,16.9360008239746,16.2339992523193,16.2700004577637,10550,16.2700004577637,2025-04-03
16.1720008850098,16.1720008850098,15.2200002670288,15.3940000534058,9671,15.3940000534058,2025-04-04
14.0220003128052,15.293999671936,14,14.8240003585815,116440,14.8240003585815,2025-04-07
15.3079996109009,15.6359996795654,15.1579999923706,15.3819999694824,4878,15.3819999694824,2025-04-08
14.8179998397827,14.8420000076294,14.3839998245239,14.6759996414185,1141,14.6759996414185,2025-04-09
16.5520000457764,16.5520000457764,15.496000289917,15.4720001220703,21615,15.4720001220703,2025-04-10
14.8500003814697,15.46399974823,14.8500003814697,15.2239999771118,3753,15.2239999771118,2025-04-11
15.7580003738403,15.8380002975464,15.6260004043579,15.710000038147,2034,15.710000038147,2025-04-14
15.7259998321533,15.8299999237061,15.6680002212524,15.7840003967285,7582,15.7840003967285,2025-04-15
15.4399995803833,15.4940004348755,15.289999961853,15.4940004348755,2223,15.4940004348755,2025-04-16
15.6359996795654,15.6359996795654,15.3339996337891,15.3760004043579,159,15.3760004043579,2025-04-17
15.2080001831055,15.2799997329712,15.0860004425049,15.2559995651245,414,15.2559995651245,2025-04-22
15.8159999847412,16.2719993591309,15.8079996109009,15.9840002059937,3132,15.9840002059937,2025-04-23
15.78600025177,16.1340007781982,15.75,16.1359996795654,7853,16.1359996795654,2025-04-24
16.5499992370605,16.5499992370605,16.2800006866455,16.3920001983643,4483,16.3920001983643,2025-04-25
16.4619998931885,16.4619998931885,16.3500003814697,16.3080005645752,3102,16.3080005645752,2025-04-28
16.3999996185303,16.5240001678467,16.3999996185303,16.4759998321533,1222,16.4759998321533,2025-04-29
16.5179996490479,16.5279998779297,16.2859992980957,16.4220008850098,2327,16.4220008850098,2025-04-30
16.9479999542236,17.0160007476807,16.7840003967285,16.9860000610352,2826,16.9860000610352,2025-05-02
17.0620002746582,17.0620002746582,16.92799949646,17.0480003356934,2804,17.0480003356934,2025-05-05
17.0300006866455,17.0300006866455,16.8500003814697,16.9440002441406,753,16.9440002441406,2025-05-06
16.9139995574951,16.9139995574951,16.7679996490479,16.7740001678467,8700,16.7740001678467,2025-05-07
17.1180000305176,17.2220001220703,17.1000003814697,17.246000289917,329,17.246000289917,2025-05-08
17.181999206543,17.2080001831055,17.17799949646,17.0860004425049,1128,17.0860004425049,2025-05-09
17.5520000457764,18.0440006256104,17.5520000457764,17.9740009307861,13522,17.9740009307861,2025-05-12
18.0440006256104,18.2880001068115,18.0440006256104,18.2479991912842,1856,18.2479991912842,2025-05-13
18.2019996643066,18.3120002746582,18.1459999084473,18.2719993591309,7233,18.2719993591309,2025-05-14
18.2759990692139,18.2759990692139,18.0779991149902,18.2040004730225,3706,18.2040004730225,2025-05-15
18.3020000457764,18.3479995727539,18.2520008087158,18.2859992980957,3943,18.2859992980957,2025-05-16
18.068000793457,18.068000793457,17.7980003356934,17.9559993743896,2348,17.9559993743896,2025-05-19
18.0380001068115,18.2059993743896,18.0380001068115,18.1420001983643,976,18.1420001983643,2025-05-20
18.0219993591309,18.0219993591309,17.9260005950928,18.0359992980957,819,18.0359992980957,2025-05-21
17.8379993438721,17.8799991607666,17.6340007781982,17.8540000915527,2219,17.8540000915527,2025-05-22
17.7800006866455,17.8700008392334,17.4440002441406,17.6480007171631,2850,17.6480007171631,2025-05-23
17.9580001831055,17.9580001831055,17.8500003814697,17.9080009460449,2322,17.9080009460449,2025-05-26
18.0839996337891,18.2399997711182,18.0419998168945,18.2399997711182,837,18.2399997711182,2025-05-27
18.076000213623,18.1040000915527,18.076000213623,18.1040000915527,62,18.1040000915527,2025-05-28
18.5520000457764,18.5520000457764,18.1860008239746,18.1940002441406,5326,18.1940002441406,2025-05-29
18.1259994506836,18.1259994506836,17.9599990844727,17.9020004272461,5849,17.9020004272461,2025-05-30
17.7159996032715,17.7360000610352,17.5939998626709,17.6860008239746,1105,17.6860008239746,2025-06-02
17.7080001831055,18.011999130249,17.7080001831055,17.9939994812012,442,17.9939994812012,2025-06-03
18.0459995269775,18.1040000915527,18,18.0179996490479,807,18.0179996490479,2025-06-04
17.988000869751,18.0620002746582,17.9440002441406,18.1299991607666,1836,18.1299991607666,2025-06-05
18.007999420166,18.1700000762939,17.9580001831055,18.1200008392334,1018,18.1200008392334,2025-06-06
17.9839992523193,18.1299991607666,17.9839992523193,18.0459995269775,2899,18.0459995269775,2025-06-09
18.2220001220703,18.2220001220703,18.1399993896484,18.1219997406006,2934,18.1219997406006,2025-06-10
18.2220001220703,18.2220001220703,18.181999206543,18.1219997406006,161,18.1219997406006,2025-06-11
18.0300006866455,18.0300006866455,17.7199993133545,17.8759994506836,2451,17.8759994506836,2025-06-12
17.6599998474121,17.7299995422363,17.6159992218018,17.6459999084473,266,17.6459999084473,2025-06-13
17.6399993896484,17.7719993591309,17.6019992828369,17.7660007476807,922,17.7660007476807,2025-06-16
17.6380004882812,17.6459999084473,17.5939998626709,17.681999206543,6691,17.681999206543,2025-06-17
17.6679992675781,17.761999130249,17.6280002593994,17.7159996032715,1058,17.7159996032715,2025-06-18
17.5020008087158,17.6019992828369,17.4699993133545,17.4559993743896,1055,17.4559993743896,2025-06-19
17.5419998168945,17.6520004272461,17.5240001678467,17.42799949646,3142,17.42799949646,2025-06-20
17.5480003356934,17.5499992370605,17.3999996185303,17.4619998931885,2688,17.4619998931885,2025-06-23
17.7000007629395,17.7000007629395,17.6280002593994,17.7159996032715,546,17.7159996032715,2025-06-24
17.7959995269775,17.9419994354248,17.7800006866455,17.8080005645752,891,17.8080005645752,2025-06-25
17.8339996337891,17.8360004425049,17.8199996948242,18.0060005187988,7899,18.0060005187988,2025-06-26
18.2240009307861,18.3059997558594,18.2240009307861,18.3020000457764,2359,18.3020000457764,2025-06-27
18.3460006713867,18.3460006713867,18.2639999389648,18.2240009307861,1796,18.2240009307861,2025-06-30
18.1340007781982,18.1340007781982,17.9400005340576,18.0540008544922,4657,18.0540008544922,2025-07-01
18,18.0200004577637,17.8999996185303,18.0559997558594,2411,18.0559997558594,2025-07-02
18.1340007781982,18.3920001983643,18.1340007781982,18.3740005493164,705,18.3740005493164,2025-07-03
18.2980003356934,18.2980003356934,18.1499996185303,18.2099990844727,2742,18.2099990844727,2025-07-04
18.1480007171631,18.1539993286133,18.0520000457764,18.068000793457,7652,18.068000793457,2025-07-07
18.1359996795654,18.2819995880127,18.1060009002686,18.1539993286133,1030,18.1539993286133,2025-07-08
18.1900005340576,18.3799991607666,18.1900005340576,18.2999992370605,423,18.2999992370605,2025-07-09
18.2679996490479,18.3920001983643,18.25,18.3279991149902,11621,18.3279991149902,2025-07-10
18.2080001831055,18.3500003814697,18.2080001831055,18.2639999389648,279,18.2639999389648,2025-07-11
18.1520004272461,18.1660003662109,18,18.173999786377,1831,18.173999786377,2025-07-14
18.2919998168945,18.4160003662109,18.2919998168945,18.3880004882812,3493,18.3880004882812,2025-07-15
18.253999710083,18.3999996185303,18.2000007629395,18.1760005950928,2359,18.1760005950928,2025-07-16
18.6720008850098,18.8680000305176,18.6040000915527,18.8299999237061,2441,18.8299999237061,2025-07-17
18.8619995117188,18.8700008392334,18.681999206543,18.7240009307861,6582,18.7240009307861,2025-07-18
18.9080009460449,18.9659996032715,18.8299999237061,18.7980003356934,7408,18.7980003356934,2025-07-21
18.6359996795654,18.6359996795654,18.4120006561279,18.4200000762939,3204,18.4200000762939,2025-07-22
18.8479995727539,19.2099990844727,18.8479995727539,19.1700000762939,3919,19.1700000762939,2025-07-23
19.3999996185303,19.4979991912842,19.2660007476807,19.3099994659424,9555,19.3099994659424,2025-07-24
19.1359996795654,19.2479991912842,19.1359996795654,19.173999786377,3476,19.173999786377,2025-07-25
19.4400005340576,19.4799995422363,19.3519992828369,19.3719997406006,8505,19.3719997406006,2025-07-28
19.576000213623,19.6019992828369,19.318000793457,19.3020000457764,11906,19.3020000457764,2025-07-29
19.2679996490479,19.4340000152588,19.2360000610352,19.3780002593994,5563,19.3780002593994,2025-07-30
19.5520000457764,19.6100006103516,19.4020004272461,19.4260005950928,3980,19.4260005950928,2025-07-31
19.3460006713867,19.3479995727539,18.6140003204346,18.8120002746582,9500,18.8120002746582,2025-08-01
19.3980007171631,19.3999996185303,19.0499992370605,19.1959991455078,1203,19.1959991455078,2025-08-04
19.3999996185303,19.4759998321533,19.3799991607666,19.238000869751,3201,19.238000869751,2025-08-05
19.3439998626709,19.3460006713867,18.9820003509521,19.0540008544922,10557,19.0540008544922,2025-08-06
18.9599990844727,19.1539993286133,18.9599990844727,18.9580001831055,3659,18.9580001831055,2025-08-07
18.9619998931885,19.07200050354,18.9619998931885,18.9799995422363,1551,18.9799995422363,2025-08-08
18.931999206543,19.0219993591309,18.8980007171631,18.9939994812012,1325,18.9939994812012,2025-08-11
18.9379997253418,18.988000869751,18.826000213623,18.9820003509521,2384,18.9820003509521,2025-08-12
19.1620006561279,19.1620006561279,19.0659999847412,19.0839996337891,6855,19.0839996337891,2025-08-13
19.2299995422363,19.2900009155273,19.1000003814697,19.1100006103516,5574,19.1100006103516,2025-08-14
19.1560001373291,19.1979999542236,19.0820007324219,19.17799949646,5098,19.17799949646,2025-08-18
19.1280002593994,19.1919994354248,19.0400009155273,19.0200004577637,766,19.0200004577637,2025-08-19
18.8819999694824,18.8920001983643,18.507999420166,18.75,1110,18.75,2025-08-20
18.7600002288818,18.7600002288818,18.6639995574951,18.6800003051758,474,18.6800003051758,2025-08-21
18.6700000762939,18.988000869751,18.6700000762939,18.988000869751,5684,18.988000869751,2025-08-22
19.0160007476807,19.1079998016357,19,19.1100006103516,1678,19.1100006103516,2025-08-25
19.0440006256104,19.1100006103516,18.9799995422363,19.1060009002686,295,19.1060009002686,2025-08-26
19.0599994659424,19.1580009460449,19.0319995880127,19.1359996795654,880,19.1359996795654,2025-08-27
19.173999786377,19.25,19.1040000915527,19.25,483,19.25,2025-08-28
19.2000007629395,19.2000007629395,18.8719997406006,18.9440002441406,6517,18.9440002441406,2025-08-29
18.9979991912842,18.9979991912842,18.9039993286133,18.9580001831055,624,18.9580001831055,2025-09-01
19,19,18.7000007629395,18.6919994354248,1503,18.6919994354248,2025-09-02
18.8999996185303,18.9419994354248,18.8859996795654,18.7819995880127,1706,18.7819995880127,2025-09-03
18.7119998931885,18.7320003509521,18.681999206543,18.7560005187988,45,18.7560005187988,2025-09-04
18.8360004425049,18.8640003204346,18.6639995574951,18.7220001220703,618,18.7220001220703,2025-09-05
18.9939994812012,19.0340003967285,18.9559993743896,19.1079998016357,3220,19.1079998016357,2025-09-08
18.9680004119873,19.0540008544922,18.9680004119873,18.9619998931885,2051,18.9619998931885,2025-09-09
19.1380004882812,19.1800003051758,19.0499992370605,19.0580005645752,810,19.0580005645752,2025-09-10
19.0900001525879,19.2000007629395,19.0900001525879,19.2199993133545,2940,19.2199993133545,2025-09-11
19.2059993743896,19.2140007019043,19.1259994506836,19.1539993286133,1640,19.1539993286133,2025-09-12
19.2320003509521,19.25,19.1000003814697,19.25,1883,19.25,2025-09-15
19.25,19.2660007476807,19.0499992370605,19.0599994659424,3503,19.0599994659424,2025-09-16
19.2140007019043,19.2140007019043,19.0799999237061,19.1499996185303,1426,19.1499996185303,2025-09-17
19.3939990997314,19.5,19.3939990997314,19.511999130249,6025,19.511999130249,2025-09-18
19.3999996185303,19.5879993438721,19.3999996185303,19.5799999237061,4602,19.5799999237061,2025-09-19
19.7759990692139,19.7999992370605,19.7019996643066,19.8479995727539,3468,19.8479995727539,2025-09-22
20.0149993896484,20.1049995422363,19.9459991455078,20.0599994659424,2538,20.0599994659424,2025-09-23
19.8500003814697,19.8999996185303,19.8040008544922,19.8959999084473,4141,19.8959999084473,2025-09-24
19.8379993438721,19.8379993438721,19.5,19.7560005187988,1869,19.7560005187988,2025-09-25
19.6700000762939,19.6800003051758,19.503999710083,19.5739994049072,2432,19.5739994049072,2025-09-26
19.6000003814697,19.757999420166,19.6000003814697,19.6840000152588,2960,19.6840000152588,2025-09-29
19.7959995269775,19.8980007171631,19.7140007019043,19.7859992980957,7498,19.7859992980957,2025-09-30
23.4699096679688,23.4699096679688,23.4699096679688,23.4699096679688,0,23.4699096679688,2025-10-01
20.0450000762939,20.3150005340576,20.0450000762939,20.3199996948242,11625,20.3199996948242,2025-10-02
