"DFNS.MI.Open","DFNS.MI.High","DFNS.MI.Low","DFNS.MI.Close","DFNS.MI.Volume","DFNS.MI.Adjusted","Date"
18.8700008392334,18.8999996185303,18.8700008392334,18.8920001983643,101,18.8920001983643,2023-05-17
19.2299995422363,19.4400005340576,19.2000007629395,19.3519992828369,2034,19.3519992828369,2023-05-18
19.9699993133545,19.9699993133545,19.4699993133545,19.4099998474121,1082,19.4099998474121,2023-05-19
19.4440002441406,19.507999420166,19.3500003814697,19.3939990997314,1072,19.3939990997314,2023-05-22
19.5599994659424,19.6679992675781,19.4500007629395,19.5659999847412,4687,19.5659999847412,2023-05-23
19.4360008239746,19.4360008239746,19.2199993133545,19.1499996185303,2273,19.1499996185303,2023-05-24
19.4640007019043,19.4640007019043,19.2000007629395,19.1520004272461,1816,19.1520004272461,2023-05-25
19.2080001831055,19.6380004882812,19.1380004882812,19.5380001068115,1822,19.5380001068115,2023-05-26
20.0499992370605,20.0499992370605,19.6900005340576,19.7080001831055,3475,19.7080001831055,2023-05-29
19.7180004119873,19.818000793457,19.7000007629395,19.7159996032715,2522,19.7159996032715,2023-05-30
19.7900009155273,19.8700008392334,19.6000003814697,19.6040000915527,2861,19.6040000915527,2023-05-31
19.8659992218018,20.0650005340576,19.7600002288818,19.6040000915527,1385,19.6040000915527,2023-06-01
19.8500003814697,20.0799999237061,19.8500003814697,20.0300006866455,1421,20.0300006866455,2023-06-02
20.1700000762939,20.25,20.0149993896484,20.1550006866455,5261,20.1550006866455,2023-06-05
20.2199993133545,20.7600002288818,19.996000289917,20.1949996948242,2434,20.1949996948242,2023-06-06
20.3850002288818,20.3999996185303,20.1550006866455,20.3400001525879,1699,20.3400001525879,2023-06-07
20.2600002288818,20.4549999237061,20,20.2150001525879,5151,20.2150001525879,2023-06-08
20.6900005340576,20.6900005340576,20.4500007629395,20.3899993896484,970,20.3899993896484,2023-06-09
20.5750007629395,20.6200008392334,20.5,20.5750007629395,3044,20.5750007629395,2023-06-12
20.7250003814697,20.7749996185303,20.6000003814697,20.6550006866455,4767,20.6550006866455,2023-06-13
20.7800006866455,20.8449993133545,20.6499996185303,20.6650009155273,4892,20.6650009155273,2023-06-14
20.5049991607666,20.6149997711182,20.4950008392334,20.5550003051758,1620,20.5550003051758,2023-06-15
20.7800006866455,20.8999996185303,20.7800006866455,20.7250003814697,1274,20.7250003814697,2023-06-16
21.0450000762939,21.3600006103516,20.8999996185303,20.875,8891,20.875,2023-06-19
20.8799991607666,21.2099990844727,20.8799991607666,20.8799991607666,3665,20.8799991607666,2023-06-20
20.9400005340576,21.0499992370605,20.875,20.7549991607666,1989,20.7549991607666,2023-06-21
20.6700000762939,20.6900005340576,20.6499996185303,20.6299991607666,2662,20.6299991607666,2023-06-22
20.6350002288818,20.7399997711182,20.3500003814697,20.5149993896484,1124,20.5149993896484,2023-06-23
20.3850002288818,20.3850002288818,20.1000003814697,20.2199993133545,2846,20.2199993133545,2023-06-26
20.3700008392334,20.3700008392334,20.3050003051758,20.2700004577637,155,20.2700004577637,2023-06-27
20.5400009155273,20.6800003051758,20.5400009155273,20.5450000762939,500,20.5450000762939,2023-06-28
20.6800003051758,20.9249992370605,20.6800003051758,20.8250007629395,794,20.8250007629395,2023-06-29
20.8199996948242,21.3999996185303,20.8099994659424,20.9549999237061,20246,20.9549999237061,2023-06-30
21.1949996948242,21.1949996948242,21.0699996948242,21.0650005340576,4542,21.0650005340576,2023-07-03
21.1049995422363,21.1049995422363,21,20.9200000762939,3414,20.9200000762939,2023-07-04
21.0450000762939,21.0650005340576,21.0349998474121,20.9750003814697,827,20.9750003814697,2023-07-05
20.9549999237061,20.9549999237061,20.8099994659424,20.5900001525879,1095,20.5900001525879,2023-07-06
20.6700000762939,20.7800006866455,20.6700000762939,20.7000007629395,600,20.7000007629395,2023-07-07
20.6900005340576,20.8099994659424,20.5650005340576,20.7399997711182,981,20.7399997711182,2023-07-10
20.9150009155273,20.9699993133545,20.9150009155273,20.9449996948242,470,20.9449996948242,2023-07-11
21.0599994659424,21.2950000762939,20.9799995422363,21.0949993133545,4067,21.0949993133545,2023-07-12
21.0450000762939,21.2450008392334,21.0450000762939,21.0650005340576,5000,21.0650005340576,2023-07-13
21,21,20.8799991607666,20.7600002288818,4809,20.7600002288818,2023-07-14
20.8099994659424,20.9950008392334,20.7600002288818,20.9500007629395,1463,20.9500007629395,2023-07-17
21,21.125,20.9500007629395,21.1550006866455,350,21.1550006866455,2023-07-18
21.2549991607666,21.375,21.1550006866455,21.2250003814697,10300,21.2250003814697,2023-07-19
21.2250003814697,21.3400001525879,21.0599994659424,21.2849998474121,9975,21.2849998474121,2023-07-20
21.3349990844727,21.3349990844727,21.1650009155273,21.2099990844727,3290,21.2099990844727,2023-07-21
21.0650005340576,21.2450008392334,21.0599994659424,21.1650009155273,3572,21.1650009155273,2023-07-24
21.1399993896484,21.2450008392334,21.0650005340576,21.1399993896484,3409,21.1399993896484,2023-07-25
21.2849998474121,21.3050003051758,21.1100006103516,21.125,3255,21.125,2023-07-26
21.1499996185303,21.5499992370605,21.1499996185303,21.2600002288818,3438,21.2600002288818,2023-07-27
21.25,21.3099994659424,21.1550006866455,21.3850002288818,1508,21.3850002288818,2023-07-28
21.6149997711182,21.875,21.6000003814697,21.8199996948242,3888,21.8199996948242,2023-07-31
22.0249996185303,22.0300006866455,21.8600006103516,22.0149993896484,3608,22.0149993896484,2023-08-01
22.0249996185303,22.2000007629395,21.7700004577637,21.9400005340576,6582,21.9400005340576,2023-08-02
21.9500007629395,21.9599990844727,21.7900009155273,21.875,2930,21.875,2023-08-03
22.0699996948242,22.1049995422363,21.8050003051758,21.9699993133545,1175,21.9699993133545,2023-08-04
22.2000007629395,22.2000007629395,21.8700008392334,22.0650005340576,4639,22.0650005340576,2023-08-07
22.2199993133545,22.2199993133545,21.8700008392334,21.9099998474121,12604,21.9099998474121,2023-08-08
21.9850006103516,22.0499992370605,21.7900009155273,21.7199993133545,2563,21.7199993133545,2023-08-09
21.7800006866455,21.7800006866455,21.5599994659424,21.6149997711182,1492,21.6149997711182,2023-08-10
21.5699996948242,21.5799999237061,21.5599994659424,21.4950008392334,1163,21.4950008392334,2023-08-11
21.6900005340576,21.6900005340576,21.5900001525879,21.625,490,21.625,2023-08-14
21.3999996185303,21.4500007629395,21.3449993133545,21.4099998474121,1420,21.4099998474121,2023-08-16
21.4099998474121,21.4099998474121,21.1650009155273,21.2000007629395,1054,21.2000007629395,2023-08-17
20.9750003814697,20.9750003814697,20.6000003814697,20.9249992370605,4411,20.9249992370605,2023-08-18
20.9750003814697,21.1450004577637,20.9750003814697,21.0200004577637,284,21.0200004577637,2023-08-21
21.1049995422363,21.2049999237061,21.1049995422363,21.1650009155273,891,21.1650009155273,2023-08-22
21.2099990844727,21.4750003814697,21.2099990844727,21.3799991607666,413,21.3799991607666,2023-08-23
21.5900001525879,21.5900001525879,21.2299995422363,21.3050003051758,3269,21.3050003051758,2023-08-24
21.4150009155273,21.4150009155273,21.4150009155273,21.1049995422363,100,21.1049995422363,2023-08-25
21.3400001525879,21.6049995422363,21.3400001525879,21.5650005340576,1971,21.5650005340576,2023-08-28
21.6599998474121,21.6599998474121,21.4599990844727,21.5750007629395,1316,21.5750007629395,2023-08-29
21.6499996185303,21.6849994659424,21.5499992370605,21.625,889,21.625,2023-08-30
21.7099990844727,21.7099990844727,21.6849994659424,21.6350002288818,426,21.6350002288818,2023-08-31
21.6100006103516,21.8600006103516,21.6100006103516,21.7549991607666,311,21.7549991607666,2023-09-01
21.9050006866455,21.9050006866455,21.7250003814697,21.7549991607666,5593,21.7549991607666,2023-09-04
21.8850002288818,22.0550003051758,21.7999992370605,21.8549995422363,2304,21.8549995422363,2023-09-05
21.7999992370605,21.8250007629395,21.7700004577637,21.8400001525879,4703,21.8400001525879,2023-09-06
21.7549991607666,21.7999992370605,21.4599990844727,21.6399993896484,369,21.6399993896484,2023-09-07
21.7350006103516,21.7350006103516,21.5400009155273,21.6450004577637,1042,21.6450004577637,2023-09-08
21.7399997711182,21.9599990844727,21.7399997711182,21.7049999237061,2605,21.7049999237061,2023-09-11
21.7450008392334,21.7600002288818,21.7000007629395,21.6949996948242,899,21.6949996948242,2023-09-12
21.7250003814697,21.7250003814697,21.7250003814697,21.625,100,21.625,2023-09-13
21.7649993896484,21.7649993896484,21.6800003051758,21.7399997711182,1156,21.7399997711182,2023-09-14
21.8500003814697,22.0949993133545,21.7999992370605,21.8500003814697,2772,21.8500003814697,2023-09-15
21.8400001525879,21.8400001525879,21.7399997711182,21.7450008392334,1156,21.7450008392334,2023-09-18
21.6299991607666,21.8500003814697,21.6299991607666,21.6900005340576,325,21.6900005340576,2023-09-19
21.7000007629395,21.7150001525879,21.5750007629395,21.6650009155273,1464,21.6650009155273,2023-09-20
21.3400001525879,21.4599990844727,21.2800006866455,21.2450008392334,591,21.2450008392334,2023-09-21
21.2150001525879,21.2150001525879,21.1599998474121,21.1650009155273,126,21.1650009155273,2023-09-22
20.9650001525879,21.1149997711182,20.9599990844727,21.1350002288818,284,21.1350002288818,2023-09-25
21.1450004577637,21.1450004577637,21,21.0699996948242,511,21.0699996948242,2023-09-26
21.1849994659424,21.4599990844727,21.1849994659424,21.3899993896484,2102,21.3899993896484,2023-09-27
21.5750007629395,21.6000003814697,21.5100002288818,21.4950008392334,2365,21.4950008392334,2023-09-28
21.6100006103516,21.6749992370605,21.6100006103516,21.6149997711182,272,21.6149997711182,2023-09-29
21.6949996948242,21.6949996948242,21.4050006866455,21.6149997711182,686,21.6149997711182,2023-10-02
21.6149997711182,21.6149997711182,21.4599990844727,21.4200000762939,217,21.4200000762939,2023-10-03
21.1800003051758,21.3600006103516,21.1599998474121,21.1200008392334,2046,21.1200008392334,2023-10-04
21.2600002288818,21.3050003051758,21.0650005340576,21.1599998474121,2177,21.1599998474121,2023-10-05
21.1200008392334,21.2700004577637,21.1049995422363,21.2700004577637,477,21.2700004577637,2023-10-06
21.5849990844727,22.1000003814697,21.5799999237061,22.1100006103516,5659,22.1100006103516,2023-10-09
22.4599990844727,22.5,22.3199996948242,22.4449996948242,3396,22.4449996948242,2023-10-10
22.3400001525879,22.8449993133545,22.3400001525879,22.7299995422363,7576,22.7299995422363,2023-10-11
22.8400001525879,22.9650001525879,22.7299995422363,22.8600006103516,8227,22.8600006103516,2023-10-12
22.9150009155273,22.9400005340576,22.6499996185303,22.7299995422363,6318,22.7299995422363,2023-10-13
23.2999992370605,23.2999992370605,22.6399993896484,22.7900009155273,14850,22.7900009155273,2023-10-16
22.8500003814697,22.9699993133545,22.6100006103516,22.8899993896484,3584,22.8899993896484,2023-10-17
22.8850002288818,22.8850002288818,22.5799999237061,22.6800003051758,4302,22.6800003051758,2023-10-18
22.4699993133545,22.4699993133545,22.2150001525879,22.3150005340576,2654,22.3150005340576,2023-10-19
22.1100006103516,22.1450004577637,21.9500007629395,22.0200004577637,4181,22.0200004577637,2023-10-20
21.9850006103516,21.9850006103516,21.6700000762939,21.8649997711182,6398,21.8649997711182,2023-10-23
21.6450004577637,22.1650009155273,21.6450004577637,21.9249992370605,3242,21.9249992370605,2023-10-24
21.8850002288818,22.0249996185303,21.8850002288818,21.9449996948242,7433,21.9449996948242,2023-10-25
21.8799991607666,21.9799995422363,21.7749996185303,21.8850002288818,3510,21.8850002288818,2023-10-26
21.9650001525879,21.9650001525879,21.625,21.5799999237061,3054,21.5799999237061,2023-10-27
21.7649993896484,21.7849998474121,21.5,21.4750003814697,1910,21.4750003814697,2023-10-30
21.4249992370605,21.7849998474121,21.3050003051758,21.6949996948242,496,21.6949996948242,2023-10-31
21.9150009155273,22.1450004577637,21.7849998474121,22.0599994659424,935,22.0599994659424,2023-11-01
22.2549991607666,22.5,22.1749992370605,22.5,2001,22.5,2023-11-02
22.5300006866455,22.5949993133545,22.4699993133545,22.4950008392334,6667,22.4950008392334,2023-11-03
22.6350002288818,22.6350002288818,22.2900009155273,22.3999996185303,1138,22.3999996185303,2023-11-06
22.5499992370605,22.6399993896484,22.5450000762939,22.5799999237061,510,22.5799999237061,2023-11-07
22.6100006103516,22.6450004577637,22.2649993896484,22.3700008392334,1940,22.3700008392334,2023-11-08
22.3649997711182,22.5799999237061,22.3250007629395,22.4850006103516,951,22.4850006103516,2023-11-09
22.5900001525879,22.6350002288818,22.4950008392334,22.7099990844727,1595,22.7099990844727,2023-11-10
22.7749996185303,22.9050006866455,22.7049999237061,22.8999996185303,1010,22.8999996185303,2023-11-13
22.9549999237061,23.1200008392334,22.8099994659424,22.8999996185303,2600,22.8999996185303,2023-11-14
23.2950000762939,23.2950000762939,22.8449993133545,23,4483,23,2023-11-15
22.9200000762939,22.9249992370605,22.7049999237061,22.6650009155273,4459,22.6650009155273,2023-11-16
22.9150009155273,22.9500007629395,22.6900005340576,22.8400001525879,10979,22.8400001525879,2023-11-17
22.7950000762939,23.0599994659424,22.7250003814697,22.9850006103516,3365,22.9850006103516,2023-11-20
23.0450000762939,23.0849990844727,23,22.9500007629395,2418,22.9500007629395,2023-11-21
22.8999996185303,23.1049995422363,22.8999996185303,23.0249996185303,802,23.0249996185303,2023-11-22
23.0149993896484,23.0699996948242,22.9899997711182,23.0249996185303,1417,23.0249996185303,2023-11-23
22.8999996185303,23.1049995422363,22.8500003814697,22.9349994659424,1228,22.9349994659424,2023-11-24
22.9549999237061,22.9549999237061,22.6700000762939,22.7199993133545,3545,22.7199993133545,2023-11-27
22.8400001525879,22.8400001525879,22.5049991607666,22.7099990844727,726,22.7099990844727,2023-11-28
22.7849998474121,23.1700000762939,22.7849998474121,23.1700000762939,983,23.1700000762939,2023-11-29
22.7700004577637,22.7950000762939,22.7350006103516,22.7049999237061,430,22.7049999237061,2023-11-30
23,23.0599994659424,22.9549999237061,23.0349998474121,1865,23.0349998474121,2023-12-01
23.0699996948242,23.3349990844727,23.0699996948242,23.1599998474121,3385,23.1599998474121,2023-12-04
23.0650005340576,23.2649993896484,23.0049991607666,23.1350002288818,1999,23.1350002288818,2023-12-05
23.25,23.25,23.0499992370605,23.0450000762939,31993,23.0450000762939,2023-12-06
23.0049991607666,23.0049991607666,22.7049999237061,22.7950000762939,2011,22.7950000762939,2023-12-07
22.9850006103516,22.9850006103516,22.8050003051758,22.9249992370605,430,22.9249992370605,2023-12-08
23.2000007629395,23.2000007629395,22.8050003051758,23.0400009155273,3721,23.0400009155273,2023-12-11
23.0699996948242,23.0900001525879,22.5,22.9699993133545,20634,22.9699993133545,2023-12-12
23.2199993133545,23.2199993133545,23.0450000762939,23.1599998474121,1206,23.1599998474121,2023-12-13
23.3649997711182,23.3649997711182,22.9249992370605,22.6849994659424,4598,22.6849994659424,2023-12-14
22.9400005340576,23.1000003814697,22.8099994659424,22.9599990844727,4239,22.9599990844727,2023-12-15
22.9500007629395,23.0100002288818,22.7299995422363,22.8600006103516,1040,22.8600006103516,2023-12-18
22.75,22.9349994659424,22.7049999237061,22.7999992370605,902,22.7999992370605,2023-12-19
22.7549991607666,22.9750003814697,22.7299995422363,22.8549995422363,4738,22.8549995422363,2023-12-20
23.2649993896484,23.2649993896484,22.7999992370605,22.7450008392334,308,22.7450008392334,2023-12-21
22.7999992370605,22.8299999237061,22.5849990844727,22.8250007629395,818,22.8250007629395,2023-12-22
23.4099998474121,23.4099998474121,22.7000007629395,22.75,2745,22.75,2023-12-27
22.625,22.8999996185303,22.625,22.7950000762939,180,22.7950000762939,2023-12-28
22.7099990844727,22.9650001525879,22.7099990844727,22.7950000762939,3330,22.7950000762939,2023-12-29
23.1000003814697,23.1000003814697,22.7700004577637,22.9599990844727,1996,22.9599990844727,2024-01-02
23.0599994659424,23.0599994659424,22.6650009155273,22.8250007629395,2407,22.8250007629395,2024-01-03
22.8999996185303,23.0400009155273,22.8449993133545,23.0100002288818,7127,23.0100002288818,2024-01-04
22.9850006103516,22.9850006103516,22.7199993133545,22.8150005340576,1735,22.8150005340576,2024-01-05
22.7749996185303,22.9950008392334,22.6800003051758,22.8999996185303,2734,22.8999996185303,2024-01-08
23.0949993133545,23.3549995422363,22.8999996185303,23.0450000762939,2190,23.0450000762939,2024-01-09
23.1299991607666,23.2950000762939,23.1299991607666,23.2649993896484,3295,23.2649993896484,2024-01-10
23.3600006103516,23.4249992370605,23.2600002288818,23.1450004577637,3765,23.1450004577637,2024-01-11
23.4699993133545,23.5849990844727,23.3600006103516,23.4850006103516,3830,23.4850006103516,2024-01-12
23.625,23.6399993896484,23.5599994659424,23.6399993896484,5582,23.6399993896484,2024-01-15
23.4599990844727,23.6450004577637,23.375,23.6149997711182,9539,23.6149997711182,2024-01-16
23.4050006866455,23.4150009155273,23.2999992370605,23.3549995422363,13181,23.3549995422363,2024-01-17
23.3050003051758,23.5499992370605,23.2549991607666,23.3999996185303,6269,23.3999996185303,2024-01-18
23.5650005340576,23.6350002288818,23.3899993896484,23.3400001525879,14676,23.3400001525879,2024-01-19
23.5949993133545,23.9249992370605,23.5400009155273,23.7649993896484,6364,23.7649993896484,2024-01-22
23.8449993133545,23.8449993133545,23.6299991607666,23.6749992370605,4857,23.6749992370605,2024-01-23
23.5949993133545,23.8050003051758,23.5349998474121,23.6599998474121,3989,23.6599998474121,2024-01-24
23.6200008392334,23.7549991607666,23.4099998474121,23.5699996948242,5614,23.5699996948242,2024-01-25
23.6049995422363,23.75,23.4050006866455,23.7399997711182,1956,23.7399997711182,2024-01-26
23.8299999237061,24.3099994659424,23.7549991607666,23.9050006866455,7141,23.9050006866455,2024-01-29
24,24.0300006866455,23.8999996185303,23.8999996185303,6608,23.8999996185303,2024-01-30
23.9349994659424,24.0400009155273,23.7950000762939,23.7549991607666,5377,23.7549991607666,2024-01-31
23.7399997711182,23.7849998474121,23.6000003814697,23.6149997711182,2399,23.6149997711182,2024-02-01
23.7950000762939,23.8600006103516,23.7549991607666,23.8500003814697,4908,23.8500003814697,2024-02-02
23.9549999237061,24.0949993133545,23.7999992370605,23.8649997711182,46106,23.8649997711182,2024-02-05
24.2749996185303,24.7350006103516,24.2749996185303,24.6100006103516,4969,24.6100006103516,2024-02-06
24.7199993133545,24.9200000762939,24.6000003814697,24.8549995422363,6653,24.8549995422363,2024-02-07
24.8850002288818,25,24.8400001525879,24.7950000762939,4395,24.7950000762939,2024-02-08
25.1450004577637,25.2049999237061,24.9850006103516,25,6497,25,2024-02-09
25.2800006866455,25.5699996948242,25.2749996185303,25.4850006103516,20867,25.4850006103516,2024-02-12
25.4549999237061,25.4750003814697,25.1100006103516,25.3449993133545,8044,25.3449993133545,2024-02-13
25.5049991607666,26,25.5049991607666,25.8799991607666,17940,25.8799991607666,2024-02-14
26.2150001525879,26.3999996185303,26.1299991607666,26.3150005340576,26460,26.3150005340576,2024-02-15
26.3150005340576,26.5450000762939,26.1450004577637,26.4400005340576,32191,26.4400005340576,2024-02-16
26.3850002288818,26.3899993896484,26.2150001525879,26.3050003051758,13861,26.3050003051758,2024-02-19
26.3449993133545,26.3899993896484,26.0049991607666,26.1800003051758,33005,26.1800003051758,2024-02-20
25.9950008392334,26.2700004577637,25.9950008392334,26.1049995422363,9816,26.1049995422363,2024-02-21
26.3600006103516,26.4650001525879,26.1849994659424,26.3199996948242,12338,26.3199996948242,2024-02-22
26.3150005340576,26.4500007629395,26.3150005340576,26.3050003051758,9998,26.3050003051758,2024-02-23
26.4200000762939,26.7549991607666,26.3250007629395,26.6599998474121,25149,26.6599998474121,2024-02-26
26.7099990844727,26.7950000762939,26.6000003814697,26.6650009155273,27232,26.6650009155273,2024-02-27
26.8349990844727,27.0149993896484,26.6450004577637,26.9349994659424,22619,26.9349994659424,2024-02-28
26.9050006866455,27.1849994659424,26.7549991607666,27,23583,27,2024-02-29
27.1650009155273,27.2999992370605,27.0900001525879,27.25,49015,27.25,2024-03-01
27.0550003051758,27.3349990844727,27,27.3150005340576,26613,27.3150005340576,2024-03-04
27.5349998474121,27.6499996185303,27.4050006866455,27.5100002288818,38110,27.5100002288818,2024-03-05
27.6149997711182,27.8500003814697,27.5100002288818,27.7999992370605,35219,27.7999992370605,2024-03-06
27.8250007629395,28.0300006866455,27.75,27.75,31382,27.75,2024-03-07
27.8449993133545,28.1550006866455,27.5,27.5499992370605,31990,27.5499992370605,2024-03-08
27.4349994659424,27.4349994659424,26.9699993133545,27.0949993133545,21571,27.0949993133545,2024-03-11
27.2350006103516,27.2700004577637,26.8299999237061,26.9850006103516,29747,26.9850006103516,2024-03-12
27.0349998474121,27.2900009155273,26.9899997711182,27.2199993133545,101764,27.2199993133545,2024-03-13
27.3649997711182,27.5049991607666,27.125,27.2450008392334,16742,27.2450008392334,2024-03-14
27.2099990844727,27.3050003051758,27.1000003814697,27.2950000762939,16755,27.2950000762939,2024-03-15
27.2099990844727,27.3449993133545,27.1000003814697,27.2999992370605,65672,27.2999992370605,2024-03-18
27.2649993896484,27.3500003814697,27.1000003814697,27.3500003814697,15105,27.3500003814697,2024-03-19
27.3600006103516,27.6149997711182,27.3250007629395,27.5,16586,27.5,2024-03-20
27.625,27.8500003814697,27.4050006866455,27.6849994659424,25612,27.6849994659424,2024-03-21
27.7900009155273,28.0900001525879,27.7900009155273,27.9050006866455,29282,27.9050006866455,2024-03-22
28.0900001525879,28.2299995422363,28.0499992370605,28.2000007629395,58225,28.2000007629395,2024-03-25
28.2849998474121,28.4549999237061,28.2099990844727,28.3899993896484,41020,28.3899993896484,2024-03-26
28.4449996948242,28.6049995422363,28.3950004577637,28.4349994659424,48757,28.4349994659424,2024-03-27
28.4300003051758,28.5550003051758,28.4200000762939,28.4200000762939,48586,28.4200000762939,2024-03-28
28.5599994659424,28.9500007629395,28.0100002288818,28.4050006866455,56767,28.4050006866455,2024-04-02
28.2549991607666,28.3099994659424,28,28.2849998474121,33108,28.2849998474121,2024-04-03
28.2800006866455,28.3799991607666,28.1049995422363,28.2800006866455,22473,28.2800006866455,2024-04-04
28.0100002288818,28.1299991607666,27.7950000762939,28.0349998474121,30758,28.0349998474121,2024-04-05
28.0900001525879,28.375,28.0249996185303,28.3349990844727,19415,28.3349990844727,2024-04-08
28.3549995422363,28.3549995422363,27.1299991607666,27.3899993896484,33983,27.3899993896484,2024-04-09
27.4449996948242,27.625,26.9750003814697,27.4249992370605,17385,27.4249992370605,2024-04-10
27.4799995422363,27.6000003814697,27.2049999237061,27.5849990844727,18338,27.5849990844727,2024-04-11
27.7549991607666,28.0499992370605,27.625,27.9300003051758,18661,27.9300003051758,2024-04-12
28.0750007629395,28.2350006103516,27.8150005340576,27.9349994659424,22633,27.9349994659424,2024-04-15
27.5149993896484,27.6599998474121,27.3099994659424,27.5550003051758,15099,27.5550003051758,2024-04-16
27.7150001525879,27.8050003051758,27.5,27.5,9689,27.5,2024-04-17
27.4150009155273,27.5400009155273,27.125,27.4699993133545,15046,27.4699993133545,2024-04-18
27.3349990844727,27.4750003814697,27.0599994659424,27.3649997711182,37746,27.3649997711182,2024-04-19
27.3999996185303,27.5900001525879,27.2800006866455,27.4349994659424,26359,27.4349994659424,2024-04-22
27.6650009155273,28,27.6100006103516,27.9500007629395,18106,27.9500007629395,2024-04-23
28.0699996948242,28.2299995422363,27.9349994659424,27.9549999237061,31717,27.9549999237061,2024-04-24
28.0499992370605,28.0499992370605,27.5149993896484,27.7450008392334,3969,27.7450008392334,2024-04-25
28.0200004577637,28.1700000762939,27.7000007629395,28.1049995422363,9832,28.1049995422363,2024-04-26
28.1800003051758,28.2800006866455,28.0300006866455,28.2199993133545,15203,28.2199993133545,2024-04-29
28.1000003814697,28.2950000762939,28.0049991607666,28.1399993896484,15224,28.1399993896484,2024-04-30
28.2099990844727,28.2999992370605,28,28.2250003814697,19079,28.2250003814697,2024-05-02
28.125,28.3500003814697,28.0049991607666,28.1700000762939,21475,28.1700000762939,2024-05-03
28.4650001525879,28.7999992370605,28.2049999237061,28.7049999237061,14230,28.7049999237061,2024-05-06
28.7299995422363,28.8349990844727,28.3999996185303,28.6000003814697,27134,28.6000003814697,2024-05-07
28.4799995422363,28.6149997711182,28.3050003051758,28.4599990844727,20899,28.4599990844727,2024-05-08
28.6100006103516,28.6700000762939,28.4599990844727,28.6100006103516,17377,28.6100006103516,2024-05-09
28.9099998474121,28.9500007629395,28.6700000762939,28.8600006103516,22404,28.8600006103516,2024-05-10
28.7950000762939,28.8250007629395,28.5349998474121,28.6100006103516,11210,28.6100006103516,2024-05-13
28.4850006103516,28.5300006866455,28.3549995422363,28.4300003051758,16648,28.4300003051758,2024-05-14
28.5699996948242,28.8850002288818,28.5100002288818,28.8850002288818,26879,28.8850002288818,2024-05-15
28.8099994659424,29,28.6000003814697,29,11537,29,2024-05-16
28.7199993133545,28.8299999237061,28.6599998474121,28.7250003814697,12082,28.7250003814697,2024-05-17
28.8099994659424,28.9899997711182,28.7299995422363,28.9750003814697,12313,28.9750003814697,2024-05-20
28.9850006103516,29.1599998474121,28.8600006103516,29.1399993896484,18944,29.1399993896484,2024-05-21
29.0499992370605,29.1949996948242,29,29.0249996185303,8760,29.0249996185303,2024-05-22
29.0699996948242,29.3500003814697,29.0699996948242,29.2199993133545,21261,29.2199993133545,2024-05-23
29.0650005340576,29.2600002288818,29.0300006866455,29.2250003814697,15196,29.2250003814697,2024-05-24
29.2600002288818,29.3700008392334,29.2549991607666,29.3099994659424,24144,29.3099994659424,2024-05-27
29.4150009155273,29.5949993133545,29.0550003051758,29.1049995422363,28842,29.1049995422363,2024-05-28
28.8549995422363,28.9750003814697,28.5699996948242,28.7350006103516,10755,28.7350006103516,2024-05-29
28.6700000762939,28.8199996948242,28.6650009155273,28.7549991607666,15211,28.7549991607666,2024-05-30
28.7999992370605,29.0450000762939,28.7700004577637,28.9099998474121,10246,28.9099998474121,2024-05-31
29.25,29.3850002288818,28.8999996185303,28.9500007629395,28680,28.9500007629395,2024-06-03
28.7999992370605,28.8500003814697,28.5849990844727,28.6100006103516,12179,28.6100006103516,2024-06-04
28.7649993896484,28.8600006103516,28.6399993896484,28.7800006866455,11855,28.7800006866455,2024-06-05
28.9899997711182,29.0799999237061,28.7849998474121,28.8899993896484,15947,28.8899993896484,2024-06-06
28.9249992370605,29.0900001525879,28.7049999237061,28.9750003814697,12186,28.9750003814697,2024-06-07
28.8449993133545,29.0550003051758,28.7999992370605,29,9389,29,2024-06-10
29.0049991607666,29.1299991607666,28.6499996185303,28.8099994659424,12956,28.8099994659424,2024-06-11
28.8850002288818,28.9099998474121,28.7049999237061,28.7399997711182,11409,28.7399997711182,2024-06-12
28.8250007629395,28.9699993133545,28.4750003814697,28.5,12466,28.5,2024-06-13
28.5200004577637,28.5849990844727,27.9200000762939,28.0100002288818,20436,28.0100002288818,2024-06-14
28.1650009155273,28.3449993133545,28.1000003814697,28.3400001525879,10563,28.3400001525879,2024-06-17
28.6299991607666,28.7649993896484,28.5200004577637,28.6800003051758,7169,28.6800003051758,2024-06-18
28.9349994659424,28.9899997711182,28.8250007629395,28.9200000762939,18683,28.9200000762939,2024-06-19
28.9899997711182,29.1450004577637,28.9850006103516,29.1049995422363,8255,29.1049995422363,2024-06-20
29,29.0100002288818,28.6849994659424,28.7549991607666,16960,28.7549991607666,2024-06-21
28.7549991607666,29.1049995422363,28.6599998474121,29.0400009155273,13673,29.0400009155273,2024-06-24
28.8250007629395,28.9099998474121,28.6900005340576,28.7999992370605,6617,28.7999992370605,2024-06-25
28.9200000762939,28.9549999237061,28.7000007629395,28.7549991607666,5764,28.7549991607666,2024-06-26
28.7600002288818,28.8199996948242,28.6800003051758,28.6800003051758,6848,28.6800003051758,2024-06-27
29.0349998474121,29.0799999237061,28.8999996185303,28.9249992370605,7921,28.9249992370605,2024-06-28
28.8449993133545,28.8850002288818,28.6499996185303,28.7049999237061,7961,28.7049999237061,2024-07-01
28.5699996948242,28.6450004577637,28.4300003051758,28.6049995422363,8562,28.6049995422363,2024-07-02
28.5750007629395,28.7950000762939,28.5750007629395,28.7600002288818,6448,28.7600002288818,2024-07-03
28.9099998474121,29.0200004577637,28.8400001525879,28.8999996185303,6667,28.8999996185303,2024-07-04
28.8999996185303,28.9699993133545,28.7150001525879,28.75,32377,28.75,2024-07-05
28.8349990844727,29.0400009155273,28.8349990844727,28.9850006103516,9104,28.9850006103516,2024-07-08
28.9799995422363,29.0900001525879,28.8150005340576,28.8649997711182,7970,28.8649997711182,2024-07-09
28.8950004577637,29.1599998474121,28.8649997711182,29.1599998474121,11521,29.1599998474121,2024-07-10
29.3500003814697,29.4799995422363,29.2800006866455,29.3950004577637,25970,29.3950004577637,2024-07-11
29.4150009155273,29.5499992370605,29.3050003051758,29.4950008392334,18371,29.4950008392334,2024-07-12
29.5799999237061,29.7299995422363,29.5,29.5949993133545,23202,29.5949993133545,2024-07-15
29.5450000762939,29.9249992370605,29.4549999237061,29.8799991607666,11214,29.8799991607666,2024-07-16
29.9300003051758,29.9300003051758,29.6900005340576,29.6800003051758,13971,29.6800003051758,2024-07-17
29.7000007629395,29.9449996948242,29.5499992370605,29.7150001525879,21667,29.7150001525879,2024-07-18
29.7199993133545,29.7849998474121,29.5149993896484,29.5149993896484,119621,29.5149993896484,2024-07-19
29.5,29.6550006866455,29.3799991607666,29.5650005340576,24094,29.5650005340576,2024-07-22
29.6900005340576,30.0400009155273,29.6450004577637,30,19575,30,2024-07-23
30.0100002288818,30.1650009155273,29.6049995422363,29.6700000762939,12129,29.6700000762939,2024-07-24
29.2350006103516,29.3799991607666,29,29.3299999237061,26653,29.3299999237061,2024-07-25
29.4099998474121,29.6499996185303,29.1399993896484,29.2199993133545,28040,29.2199993133545,2024-07-26
29.5599994659424,29.7900009155273,29.5300006866455,29.5300006866455,17635,29.5300006866455,2024-07-29
29.7099990844727,29.9799995422363,29.6350002288818,29.6350002288818,13359,29.6350002288818,2024-07-30
29.6299991607666,29.7600002288818,29.4650001525879,29.7600002288818,16287,29.7600002288818,2024-07-31
29.9950008392334,30.0400009155273,29.4500007629395,29.4500007629395,31853,29.4500007629395,2024-08-01
29.1399993896484,29.1900005340576,28.3199996948242,28.3850002288818,28243,28.3850002288818,2024-08-02
27.4599990844727,27.7049999237061,26.9300003051758,27.6900005340576,70647,27.6900005340576,2024-08-05
28.3050003051758,28.6599998474121,28.1949996948242,28.4799995422363,36628,28.4799995422363,2024-08-06
28.6200008392334,28.9850006103516,28.5550003051758,28.9449996948242,12356,28.9449996948242,2024-08-07
28.5650005340576,29.1399993896484,28.4500007629395,29.125,29624,29.125,2024-08-08
29.3649997711182,29.6350002288818,29.3449993133545,29.4799995422363,17914,29.4799995422363,2024-08-09
29.6399993896484,29.75,29.5550003051758,29.5550003051758,11030,29.5550003051758,2024-08-12
29.75,29.8500003814697,29.6049995422363,29.7199993133545,16468,29.7199993133545,2024-08-13
29.7800006866455,30.0750007629395,29.7800006866455,30.0750007629395,14062,30.0750007629395,2024-08-14
30.4699993133545,30.5149993896484,30.2000007629395,30.4650001525879,15913,30.4650001525879,2024-08-16
30.25,30.4099998474121,30.1450004577637,30.2600002288818,12874,30.2600002288818,2024-08-19
30.375,30.4150009155273,29.9400005340576,29.9850006103516,14164,29.9850006103516,2024-08-20
30.0599994659424,30.125,29.9950008392334,30.0100002288818,11108,30.0100002288818,2024-08-21
30.0900001525879,30.25,30.0900001525879,30.1949996948242,10024,30.1949996948242,2024-08-22
30.2049999237061,30.3299999237061,30.1450004577637,30.2199993133545,8625,30.2199993133545,2024-08-23
30.2250003814697,30.3400001525879,30.1800003051758,30.1700000762939,21670,30.1700000762939,2024-08-26
30.1550006866455,30.2250003814697,30.0400009155273,30.1499996185303,9975,30.1499996185303,2024-08-27
30.3050003051758,30.6650009155273,30.3050003051758,30.4650001525879,4840,30.4650001525879,2024-08-28
30.5300006866455,30.9899997711182,30.5049991607666,30.9699993133545,14125,30.9699993133545,2024-08-29
30.9699993133545,31.0849990844727,30.8199996948242,30.8199996948242,8234,30.8199996948242,2024-08-30
31.0149993896484,31.0900001525879,30.6749992370605,30.7549991607666,11803,30.7549991607666,2024-09-02
30.8449993133545,30.875,30.1900005340576,30.2900009155273,37648,30.2900009155273,2024-09-03
29.8299999237061,29.9699993133545,29.6599998474121,29.9349994659424,35110,29.9349994659424,2024-09-04
29.9099998474121,29.9349994659424,29.7049999237061,29.7250003814697,7435,29.7250003814697,2024-09-05
29.7000007629395,29.8449993133545,29.2000007629395,29.1700000762939,6827,29.1700000762939,2024-09-06
29.5599994659424,29.8549995422363,29.5599994659424,29.7999992370605,5155,29.7999992370605,2024-09-09
29.8250007629395,30.0149993896484,29.8199996948242,29.9549999237061,13059,29.9549999237061,2024-09-10
29.7950000762939,29.8600006103516,29.3500003814697,29.5849990844727,4970,29.5849990844727,2024-09-11
30.0249996185303,30.1399993896484,29.8999996185303,30.1049995422363,2824,30.1049995422363,2024-09-12
30.1599998474121,30.5200004577637,30.1450004577637,30.5200004577637,4770,30.5200004577637,2024-09-13
30.5100002288818,30.6350002288818,30.4500007629395,30.4500007629395,9302,30.4500007629395,2024-09-16
30.5349998474121,30.5900001525879,29.9899997711182,30.2299995422363,13994,30.2299995422363,2024-09-17
30.2350006103516,30.2649993896484,30.1499996185303,30.2299995422363,11098,30.2299995422363,2024-09-18
30.4950008392334,30.7800006866455,30.4750003814697,30.6200008392334,4648,30.6200008392334,2024-09-19
30.5400009155273,30.5650005340576,30.375,30.5699996948242,6757,30.5699996948242,2024-09-20
30.8250007629395,31.0300006866455,30.7250003814697,31.0599994659424,34422,31.0599994659424,2024-09-23
31.2450008392334,31.3099994659424,30.7099990844727,30.8250007629395,12246,30.8250007629395,2024-09-24
30.6650009155273,30.8349990844727,30.6650009155273,30.8349990844727,50722,30.8349990844727,2024-09-25
30.9549999237061,31.0200004577637,30.7600002288818,30.7900009155273,28071,30.7900009155273,2024-09-26
30.9200000762939,31.0200004577637,30.8600006103516,30.9899997711182,7366,30.9899997711182,2024-09-27
31.0100002288818,31.0949993133545,30.7049999237061,31.0550003051758,7709,31.0550003051758,2024-09-30
31.1049995422363,31.5,31.1000003814697,31.4799995422363,17266,31.4799995422363,2024-10-01
31.7299995422363,32.0149993896484,31.5400009155273,32,35033,32,2024-10-02
31.9950008392334,32.0950012207031,31.7950000762939,31.9349994659424,24330,31.9349994659424,2024-10-03
32.1300010681152,32.5449981689453,32.0999984741211,32.2900009155273,21820,32.2900009155273,2024-10-04
32.5299987792969,32.6599998474121,32.2249984741211,32.4249992370605,34296,32.4249992370605,2024-10-07
32.4049987792969,32.7000007629395,32.310001373291,32.5950012207031,31531,32.5950012207031,2024-10-08
32.6800003051758,32.9700012207031,32.5950012207031,32.9700012207031,23972,32.9700012207031,2024-10-09
32.9550018310547,33.0449981689453,32.4500007629395,32.564998626709,24680,32.564998626709,2024-10-10
32.4449996948242,32.7599983215332,32.2799987792969,32.7000007629395,21922,32.7000007629395,2024-10-11
32.8349990844727,33.0900001525879,32.814998626709,33.0550003051758,30259,33.0550003051758,2024-10-14
33.2150001525879,33.3450012207031,32.9550018310547,33.1399993896484,27178,33.1399993896484,2024-10-15
33.1349983215332,33.4900016784668,33.0550003051758,33.4150009155273,26291,33.4150009155273,2024-10-16
33.625,34.060001373291,33.4949989318848,33.7550010681152,27935,33.7550010681152,2024-10-17
33.6699981689453,33.8499984741211,33.6349983215332,33.7949981689453,34277,33.7949981689453,2024-10-18
33.9150009155273,34.0349998474121,33.685001373291,33.685001373291,29281,33.685001373291,2024-10-21
33.8450012207031,33.9949989318848,33.7649993896484,33.8650016784668,20876,33.8650016784668,2024-10-22
33.7599983215332,33.875,33.5349998474121,33.5349998474121,63606,33.5349998474121,2024-10-23
33.5999984741211,33.875,33.5400009155273,33.7649993896484,42010,33.7649993896484,2024-10-24
33.6699981689453,34.185001373291,33.6150016784668,34.0050010681152,40975,34.0050010681152,2024-10-25
34.0149993896484,34.1749992370605,33.9949989318848,34.185001373291,26060,34.185001373291,2024-10-28
34.310001373291,34.5,34.2050018310547,34.439998626709,41842,34.439998626709,2024-10-29
34.4150009155273,34.6049995422363,34.1549987792969,34.4550018310547,43878,34.4550018310547,2024-10-30
34.2449989318848,34.2449989318848,33.2649993896484,33.4449996948242,37691,33.4449996948242,2024-10-31
33.3250007629395,33.9049987792969,33.2849998474121,33.7249984741211,10719,33.7249984741211,2024-11-01
33.4550018310547,33.5400009155273,33.25,33.3650016784668,30819,33.3650016784668,2024-11-04
33.7099990844727,34.375,33.6749992370605,34.310001373291,21268,34.310001373291,2024-11-05
35.9650001525879,36.1949996948242,35.5900001525879,35.8050003051758,88243,35.8050003051758,2024-11-06
35.9749984741211,36.1949996948242,35.8400001525879,36.1349983215332,48104,36.1349983215332,2024-11-07
36.1949996948242,36.8800010681152,36.0299987792969,36.8349990844727,42654,36.8349990844727,2024-11-08
37.5499992370605,38.125,37.435001373291,38.0400009155273,52539,38.0400009155273,2024-11-11
37.9500007629395,38.2050018310547,37.6349983215332,37.7200012207031,59342,37.7200012207031,2024-11-12
37.6150016784668,38.0349998474121,37.4749984741211,38.0050010681152,44812,38.0050010681152,2024-11-13
37.6949996948242,37.7599983215332,36.0950012207031,36.1500015258789,67042,36.1500015258789,2024-11-14
35.4249992370605,35.6049995422363,34.7000007629395,35.3450012207031,64038,35.3450012207031,2024-11-15
35.4500007629395,35.4500007629395,34.439998626709,34.7299995422363,70897,34.7299995422363,2024-11-18
34.5200004577637,34.8950004577637,34.2200012207031,34.814998626709,51243,34.814998626709,2024-11-19
35.0849990844727,35.1100006103516,34.6349983215332,34.7849998474121,85256,34.7849998474121,2024-11-20
35.2350006103516,35.8800010681152,34.9650001525879,35.7999992370605,50305,35.7999992370605,2024-11-21
35.7400016784668,36.1749992370605,35.6800003051758,36.0849990844727,76607,36.0849990844727,2024-11-22
36.1100006103516,36.2449989318848,35.4700012207031,35.5149993896484,59168,35.5149993896484,2024-11-25
35.3549995422363,35.6949996948242,35.25,35.5849990844727,58823,35.5849990844727,2024-11-26
35.6399993896484,35.7350006103516,35.060001373291,35.0400009155273,20480,35.0400009155273,2024-11-27
35.2949981689453,35.3950004577637,35.2050018310547,35.314998626709,57783,35.314998626709,2024-11-28
35.2099990844727,35.3950004577637,35.1500015258789,35.314998626709,32200,35.314998626709,2024-11-29
35.6800003051758,35.7350006103516,35.439998626709,35.5950012207031,53328,35.5950012207031,2024-12-02
35.6300010681152,35.8849983215332,35.560001373291,35.7599983215332,31813,35.7599983215332,2024-12-03
36,36.0699996948242,35.7449989318848,35.935001373291,40838,35.935001373291,2024-12-04
35.7249984741211,35.9049987792969,35.4599990844727,35.6349983215332,18598,35.6349983215332,2024-12-05
35.5699996948242,36.0449981689453,35.5050010681152,35.814998626709,27672,35.814998626709,2024-12-06
36.0200004577637,36.0200004577637,34.5499992370605,34.7150001525879,64518,34.7150001525879,2024-12-09
34.939998626709,35.0099983215332,34.7400016784668,34.7550010681152,26900,34.7550010681152,2024-12-10
34.7900009155273,35.1500015258789,34.5849990844727,34.7350006103516,23696,34.7350006103516,2024-12-11
34.8499984741211,35,34.6800003051758,34.9500007629395,23715,34.9500007629395,2024-12-12
35.0400009155273,35.189998626709,34.7249984741211,34.8349990844727,34015,34.8349990844727,2024-12-13
35.0800018310547,35.1800003051758,34.9000015258789,35,38177,35,2024-12-16
35.1300010681152,35.1300010681152,34.439998626709,34.5900001525879,22257,34.5900001525879,2024-12-17
34.5950012207031,34.8600006103516,34.5499992370605,34.7900009155273,23380,34.7900009155273,2024-12-18
34.25,34.7750015258789,34.1500015258789,34.435001373291,20301,34.435001373291,2024-12-19
34.1749992370605,34.5950012207031,33.6500015258789,34.5950012207031,172534,34.5950012207031,2024-12-20
35.0999984741211,35.2050018310547,34.7249984741211,34.8250007629395,41540,34.8250007629395,2024-12-23
35.0499992370605,35.2200012207031,34.689998626709,34.810001373291,36115,34.810001373291,2024-12-27
34.7949981689453,34.9300003051758,34.5,34.8199996948242,20786,34.8199996948242,2024-12-30
35.2000007629395,35.4700012207031,35.0299987792969,35.4700012207031,40580,35.4700012207031,2025-01-02
35.1699981689453,35.5550003051758,35.0449981689453,35.5099983215332,21005,35.5099983215332,2025-01-03
35.5999984741211,35.689998626709,35.3250007629395,35.560001373291,34692,35.560001373291,2025-01-06
35.4099998474121,35.5099983215332,35.060001373291,35.2999992370605,28812,35.2999992370605,2025-01-07
35.3250007629395,35.6699981689453,35.1549987792969,35.4500007629395,53451,35.4500007629395,2025-01-08
35.4949989318848,35.7099990844727,35.435001373291,35.6199989318848,51965,35.6199989318848,2025-01-09
35.6199989318848,35.8199996948242,35.3899993896484,35.7900009155273,56577,35.7900009155273,2025-01-10
35.9700012207031,36.2849998474121,35.6749992370605,36.1549987792969,56302,36.1549987792969,2025-01-13
36.2900009155273,36.6100006103516,36.2449989318848,36.25,38315,36.25,2025-01-14
36.4949989318848,36.8899993896484,36.3549995422363,36.7400016784668,69477,36.7400016784668,2025-01-15
37,37.1800003051758,36.8549995422363,37.1549987792969,55127,37.1549987792969,2025-01-16
37.189998626709,37.3950004577637,37.0149993896484,37.2400016784668,286981,37.2400016784668,2025-01-17
37.2449989318848,37.3250007629395,37.0149993896484,37.0999984741211,85063,37.0999984741211,2025-01-20
37.2050018310547,37.689998626709,37.1699981689453,37.6800003051758,53015,37.6800003051758,2025-01-21
37.875,38,37.7750015258789,38,105808,38,2025-01-22
38.060001373291,38.3450012207031,37.060001373291,37.4700012207031,134035,37.4700012207031,2025-01-23
37.4599990844727,37.4599990844727,36.9850006103516,37,111829,37,2025-01-24
36.6549987792969,36.7350006103516,36.0400009155273,36.0400009155273,95014,36.0400009155273,2025-01-27
36.2799987792969,36.5250015258789,36.1349983215332,36.189998626709,99358,36.189998626709,2025-01-28
36.1500015258789,36.2849998474121,35.8899993896484,35.9049987792969,49960,35.9049987792969,2025-01-29
36.0800018310547,36.3450012207031,35.9199981689453,36.060001373291,89011,36.060001373291,2025-01-30
36.5,36.7999992370605,36.2999992370605,36.7700004577637,83261,36.7700004577637,2025-01-31
36.3800010681152,36.8800010681152,36.2550010681152,36.8800010681152,87449,36.8800010681152,2025-02-03
37.5750007629395,37.7949981689453,37.0950012207031,37.7150001525879,49486,37.7150001525879,2025-02-04
37.5149993896484,37.7599983215332,37.3349990844727,37.3899993896484,73765,37.3899993896484,2025-02-05
37.7449989318848,37.9500007629395,37.2849998474121,37.4300003051758,53475,37.4300003051758,2025-02-06
37.5849990844727,37.8499984741211,37.4650001525879,37.7949981689453,114528,37.7949981689453,2025-02-07
37.810001373291,38.0499992370605,37.6399993896484,38.0299987792969,61014,38.0299987792969,2025-02-10
38.4850006103516,38.5400009155273,37.8349990844727,37.9000015258789,122488,37.9000015258789,2025-02-11
37.9700012207031,37.9949989318848,37.5499992370605,37.7449989318848,88567,37.7449989318848,2025-02-12
37.4199981689453,38.0750007629395,37.3050003051758,37.4949989318848,96314,37.4949989318848,2025-02-13
37.2550010681152,37.7400016784668,37.2150001525879,37.2150001525879,52919,37.2150001525879,2025-02-14
38.0950012207031,38.4799995422363,37.6150016784668,38.4799995422363,177526,38.4799995422363,2025-02-17
39.2449989318848,39.9000015258789,39.0050010681152,39.2299995422363,284805,39.2299995422363,2025-02-18
39.5449981689453,39.8800010681152,39.3849983215332,39.7799987792969,171460,39.7799987792969,2025-02-19
38.9650001525879,39.2299995422363,37.7649993896484,38.0699996948242,139735,38.0699996948242,2025-02-20
38.560001373291,38.8349990844727,37.75,38.1349983215332,90241,38.1349983215332,2025-02-21
37.9000015258789,38.1399993896484,37.310001373291,37.6199989318848,83283,37.6199989318848,2025-02-24
37.6650009155273,38.0699996948242,37.4449996948242,37.6199989318848,66054,37.6199989318848,2025-02-25
38.0200004577637,38.3600006103516,37.9049987792969,38.2599983215332,133913,38.2599983215332,2025-02-26
38.2849998474121,38.7050018310547,38.064998626709,38.5900001525879,67701,38.5900001525879,2025-02-27
38.0550003051758,38.185001373291,37.4000015258789,37.7799987792969,100093,37.7799987792969,2025-02-28
39.6549987792969,41.3849983215332,39.0349998474121,39.9550018310547,245926,39.9550018310547,2025-03-03
40.9949989318848,41.1349983215332,39.3800010681152,39.6199989318848,233948,39.6199989318848,2025-03-04
40.375,40.7849998474121,40.1749992370605,40.4900016784668,174738,40.4900016784668,2025-03-05
41.310001373291,41.6100006103516,40.7400016784668,40.7449989318848,175416,40.7449989318848,2025-03-06
40.8549995422363,40.875,40.0299987792969,40.2150001525879,152739,40.2150001525879,2025-03-07
40.9850006103516,41.0999984741211,40.2299995422363,40.3650016784668,122868,40.3650016784668,2025-03-10
39.9000015258789,40.3349990844727,39.4599990844727,39.7649993896484,129457,39.7649993896484,2025-03-11
39.689998626709,40.3250007629395,39.3250007629395,40.1800003051758,96350,40.1800003051758,2025-03-12
40.4300003051758,40.5900001525879,40.1749992370605,40.2949981689453,71542,40.2949981689453,2025-03-13
40.5,41.7200012207031,40.4500007629395,41.5499992370605,139339,41.5499992370605,2025-03-14
41.9749984741211,42.564998626709,41.6650009155273,42.2000007629395,173835,42.2000007629395,2025-03-17
42.0099983215332,42.6049995422363,41.939998626709,42.5099983215332,110661,42.5099983215332,2025-03-18
42.7000007629395,42.8600006103516,42.0900001525879,42.4799995422363,133539,42.4799995422363,2025-03-19
42.4550018310547,42.689998626709,41.3899993896484,41.814998626709,171355,41.814998626709,2025-03-20
41.2799987792969,41.314998626709,40.685001373291,41.0099983215332,142820,41.0099983215332,2025-03-21
41.7949981689453,42.0900001525879,41.5099983215332,41.9749984741211,103309,41.9749984741211,2025-03-24
41.9700012207031,42.2799987792969,41.8950004577637,42.2050018310547,65827,42.2050018310547,2025-03-25
42.5,42.7000007629395,42.189998626709,42.2099990844727,60294,42.2099990844727,2025-03-26
41.935001373291,42.2400016784668,41.7400016784668,42.0699996948242,103278,42.0699996948242,2025-03-27
41.5950012207031,41.6650009155273,40.7200012207031,40.8899993896484,71939,40.8899993896484,2025-03-28
40.3400001525879,40.7150001525879,40.0950012207031,40.6150016784668,73352,40.6150016784668,2025-03-31
40.9650001525879,41.4500007629395,40.875,41.3600006103516,51380,41.3600006103516,2025-04-01
41.4049987792969,41.5,40.4900016784668,41.310001373291,56841,41.310001373291,2025-04-02
40.5550003051758,41.2550010681152,40.3549995422363,41.1549987792969,43253,41.1549987792969,2025-04-03
40.8849983215332,40.939998626709,38.2550010681152,38.7550010681152,198175,38.7550010681152,2025-04-04
35.1949996948242,38.8450012207031,34.2550010681152,36.9650001525879,224674,36.9650001525879,2025-04-07
38.7599983215332,40.3499984741211,38.5800018310547,39.7799987792969,71903,39.7799987792969,2025-04-08
38.5950012207031,38.9949989318848,37.439998626709,38.5699996948242,58294,38.5699996948242,2025-04-09
41.6949996948242,42,39.9650001525879,40.1349983215332,140899,40.1349983215332,2025-04-10
40.5,40.5999984741211,39.5449981689453,40.1049995422363,41688,40.1049995422363,2025-04-11
40.8050003051758,41.7350006103516,40.7849998474121,41.4799995422363,52340,41.4799995422363,2025-04-14
41.875,42.3199996948242,41.6199989318848,42.2150001525879,75412,42.2150001525879,2025-04-15
41.8600006103516,42.1500015258789,41.5349998474121,42.064998626709,47596,42.064998626709,2025-04-16
42.1199989318848,42.1399993896484,41.6749992370605,41.9000015258789,81282,41.9000015258789,2025-04-17
41.4749984741211,41.5699996948242,40.9850006103516,41.3300018310547,121351,41.3300018310547,2025-04-22
41.6500015258789,42.3549995422363,41.2799987792969,42.0050010681152,57433,42.0050010681152,2025-04-23
41.5750007629395,42.4500007629395,41.3549995422363,42.4150009155273,50524,42.4150009155273,2025-04-24
42.5750007629395,42.8899993896484,42.4099998474121,42.5,19664,42.5,2025-04-25
42.9500007629395,43.2299995422363,42.5800018310547,42.6450004577637,23258,42.6450004577637,2025-04-28
42.9550018310547,43.2400016784668,42.9500007629395,43.1650009155273,30414,43.1650009155273,2025-04-29
43.4449996948242,43.7000007629395,43,43.2400016784668,41963,43.2400016784668,2025-04-30
44.5050010681152,45.3349990844727,44.310001373291,45.0050010681152,113166,45.0050010681152,2025-05-02
45.3050003051758,45.4949989318848,45.0800018310547,45.4300003051758,76838,45.4300003051758,2025-05-05
44.9099998474121,45.0149993896484,44.1349983215332,44.9049987792969,63249,44.9049987792969,2025-05-06
45.2649993896484,45.4000015258789,44.7350006103516,44.9900016784668,29500,44.9900016784668,2025-05-07
45.5400009155273,46.2449989318848,45.375,46.1500015258789,45113,46.1500015258789,2025-05-08
46.2099990844727,46.2999992370605,45.4049987792969,45.6150016784668,74132,45.6150016784668,2025-05-09
45.9650001525879,46.1599998474121,44.8349990844727,45.1150016784668,81782,45.1150016784668,2025-05-12
45.0149993896484,45.4599990844727,44.8250007629395,45.2900009155273,44962,45.2900009155273,2025-05-13
45.6650009155273,45.6949996948242,45.1150016784668,45.2999992370605,85139,45.2999992370605,2025-05-14
45.3600006103516,46.2000007629395,45.3349990844727,46.2000007629395,76423,46.2000007629395,2025-05-15
46.4150009155273,46.8699989318848,46.3050003051758,46.7849998474121,75676,46.7849998474121,2025-05-16
46.5750007629395,46.9799995422363,46.2849998474121,46.9500007629395,37299,46.9500007629395,2025-05-19
46.935001373291,47.2249984741211,46.7999992370605,47.1500015258789,53305,47.1500015258789,2025-05-20
47.1450004577637,47.314998626709,46.9700012207031,47.0849990844727,65226,47.0849990844727,2025-05-21
46.7900009155273,46.9300003051758,46.4300003051758,46.8849983215332,47476,46.8849983215332,2025-05-22
46.8899993896484,46.9799995422363,45.560001373291,46.2550010681152,65216,46.2550010681152,2025-05-23
46.5050010681152,46.7949981689453,46.2599983215332,46.6599998474121,33063,46.6599998474121,2025-05-26
47.1349983215332,47.435001373291,46.8699989318848,47.3650016784668,80991,47.3650016784668,2025-05-27
47.5050010681152,47.8499984741211,47.4500007629395,47.564998626709,54440,47.564998626709,2025-05-28
47.8050003051758,47.875,46.8050003051758,47.064998626709,124874,47.064998626709,2025-05-29
46.7200012207031,47.060001373291,46.5900001525879,46.9799995422363,46271,46.9799995422363,2025-05-30
47.4799995422363,47.7449989318848,46.7150001525879,46.9650001525879,145867,46.9650001525879,2025-06-02
47.0299987792969,47.814998626709,46.9150009155273,47.7200012207031,69029,47.7200012207031,2025-06-03
48.060001373291,48.1800003051758,47.3800010681152,47.6450004577637,60291,47.6450004577637,2025-06-04
47.9300003051758,48.689998626709,47.9199981689453,48.4500007629395,183259,48.4500007629395,2025-06-05
48.3549995422363,48.4249992370605,47.9199981689453,48.1100006103516,71891,48.1100006103516,2025-06-06
47.9199981689453,48.0449981689453,47.3849983215332,47.6199989318848,80167,47.6199989318848,2025-06-09
47.6699981689453,47.8650016784668,46.8450012207031,46.8450012207031,62543,46.8450012207031,2025-06-10
46.8450012207031,47.064998626709,46.4049987792969,47.0449981689453,82829,47.0449981689453,2025-06-11
47.3699989318848,47.3699989318848,46.6699981689453,47.189998626709,101602,47.189998626709,2025-06-12
47.7000007629395,48.2000007629395,47.5200004577637,48.0750007629395,146854,48.0750007629395,2025-06-13
48.4150009155273,48.8400001525879,48.0750007629395,48.1399993896484,200481,48.1399993896484,2025-06-16
47.8199996948242,48.2150001525879,47.6300010681152,48.1599998474121,82180,48.1599998474121,2025-06-17
48.1749992370605,48.4150009155273,47.9599990844727,47.9749984741211,108656,47.9749984741211,2025-06-18
48.1500015258789,48.2150001525879,47.564998626709,47.564998626709,49238,47.564998626709,2025-06-19
47.685001373291,48.0149993896484,47.4599990844727,47.7799987792969,96730,47.7799987792969,2025-06-20
47.5200004577637,48.1749992370605,47.0699996948242,47.5149993896484,88766,47.5149993896484,2025-06-23
46.7900009155273,47.1699981689453,46.3499984741211,46.4550018310547,186390,46.4550018310547,2025-06-24
46.5250015258789,47.3950004577637,46.5,47.2099990844727,97745,47.2099990844727,2025-06-25
47.2750015258789,48.3600006103516,47.2150001525879,48.2900009155273,170622,48.2900009155273,2025-06-26
48.314998626709,48.3849983215332,47.5900001525879,47.810001373291,99496,47.810001373291,2025-06-27
47.810001373291,48.125,47.810001373291,48.125,73637,48.125,2025-06-30
47.9850006103516,48.0349998474121,46.8250007629395,46.8499984741211,155382,46.8499984741211,2025-07-01
46.9500007629395,47.0499992370605,46.5,46.7400016784668,133066,46.7400016784668,2025-07-02
46.9449996948242,47.4000015258789,46.7299995422363,47.3650016784668,85723,47.3650016784668,2025-07-03
46.814998626709,46.9749984741211,46.689998626709,46.939998626709,59141,46.939998626709,2025-07-04
47.2400016784668,47.7550010681152,47.1199989318848,47.75,89988,47.75,2025-07-07
47.8450012207031,47.9650001525879,47.4249992370605,47.5800018310547,52243,47.5800018310547,2025-07-08
47.935001373291,48.0050010681152,47.6699981689453,48.0050010681152,64261,48.0050010681152,2025-07-09
47.9449996948242,48.2849998474121,47.7999992370605,48.0550003051758,73670,48.0550003051758,2025-07-10
47.9249992370605,48.189998626709,47.5849990844727,48.0499992370605,73667,48.0499992370605,2025-07-11
48.0149993896484,48.7400016784668,47.8549995422363,48.7400016784668,122755,48.7400016784668,2025-07-14
48.9700012207031,49.0099983215332,48.6450004577637,48.6450004577637,99685,48.6450004577637,2025-07-15
48.4249992370605,48.6049995422363,48.0550003051758,48.1699981689453,126325,48.1699981689453,2025-07-16
48.8899993896484,49.4799995422363,48.8199996948242,49.4799995422363,106203,49.4799995422363,2025-07-17
49.685001373291,50.1399993896484,49.6599998474121,49.9249992370605,170861,49.9249992370605,2025-07-18
49.9449996948242,50.0499992370605,49.5,49.8549995422363,111534,49.8549995422363,2025-07-21
49.3950004577637,49.4550018310547,48.4650001525879,48.8950004577637,158123,48.8950004577637,2025-07-22
48.9000015258789,49.4000015258789,48.8199996948242,49.3899993896484,128453,49.3899993896484,2025-07-23
49.8400001525879,49.9300003051758,49.4500007629395,49.4500007629395,59593,49.4500007629395,2025-07-24
49.6949996948242,49.8450012207031,49.4500007629395,49.6749992370605,193242,49.6749992370605,2025-07-25
49.8199996948242,50,49.1199989318848,49.2350006103516,147116,49.2350006103516,2025-07-28
49.9000015258789,50.4500007629395,49.9000015258789,50.2700004577637,61318,50.2700004577637,2025-07-29
50.0499992370605,50.5699996948242,50,50.25,96583,50.25,2025-07-30
50.4700012207031,50.7900009155273,50.3600006103516,50.4900016784668,81049,50.4900016784668,2025-07-31
50.0200004577637,50.0400009155273,48.5,49.185001373291,225046,49.185001373291,2025-08-01
49.6549987792969,50.0699996948242,49.5999984741211,49.9850006103516,203175,49.9850006103516,2025-08-04
50.8400001525879,51.3300018310547,50.5999984741211,50.8499984741211,241868,50.8499984741211,2025-08-05
51.0699996948242,51.189998626709,50.4799995422363,50.939998626709,143252,50.939998626709,2025-08-06
50.6500015258789,50.8600006103516,50.060001373291,50.189998626709,145399,50.189998626709,2025-08-07
50.0099983215332,50.3899993896484,49.689998626709,49.7999992370605,169378,49.7999992370605,2025-08-08
49.125,49.75,48.9949989318848,49.6450004577637,122777,49.6450004577637,2025-08-11
49.5149993896484,49.75,49.3950004577637,49.6549987792969,183458,49.6549987792969,2025-08-12
50.3699989318848,50.5699996948242,49.7949981689453,49.8699989318848,141564,49.8699989318848,2025-08-13
50.310001373291,50.7700004577637,50.310001373291,50.3800010681152,56018,50.3800010681152,2025-08-14
49.9599990844727,50.4500007629395,49.8499984741211,50.3699989318848,45178,50.3699989318848,2025-08-18
49.6500015258789,49.8199996948242,48.2700004577637,48.3849983215332,335266,48.3849983215332,2025-08-19
47.6949996948242,48.0299987792969,47.3300018310547,47.8250007629395,253770,47.8250007629395,2025-08-20
48.5550003051758,48.8499984741211,48.4199981689453,48.8499984741211,205591,48.8499984741211,2025-08-21
49.2099990844727,49.689998626709,49.2099990844727,49.5750007629395,95741,49.5750007629395,2025-08-22
49.2350006103516,49.6450004577637,49.2200012207031,49.5449981689453,177895,49.5449981689453,2025-08-25
49.435001373291,50,49.2249984741211,49.939998626709,158605,49.939998626709,2025-08-26
50.25,50.439998626709,50.0800018310547,50.2000007629395,56553,50.2000007629395,2025-08-27
50.2099990844727,50.2200012207031,49.7999992370605,49.9249992370605,77790,49.9249992370605,2025-08-28
49.9150009155273,50.1100006103516,49.4300003051758,49.4949989318848,155756,49.4949989318848,2025-08-29
49.6650009155273,49.9650001525879,49.6049995422363,49.9650001525879,167455,49.9650001525879,2025-09-01
50.0099983215332,50.1300010681152,49.3849983215332,49.8499984741211,291442,49.8499984741211,2025-09-02
50.1100006103516,50.3400001525879,50.0200004577637,50.0200004577637,46949,50.0200004577637,2025-09-03
49.6500015258789,49.6500015258789,49.185001373291,49.25,223929,49.25,2025-09-04
49.2949981689453,49.4850006103516,48.5849990844727,48.814998626709,228001,48.814998626709,2025-09-05
49.5999984741211,49.6500015258789,49.2900009155273,49.5699996948242,102664,49.5699996948242,2025-09-08
49.0849990844727,49.3849983215332,49.0550003051758,49.2449989318848,132307,49.2449989318848,2025-09-09
49.9550018310547,50.5,49.8699989318848,50.3499984741211,138269,50.3499984741211,2025-09-10
50.7999992370605,51.6500015258789,50.7999992370605,51.6500015258789,99482,51.6500015258789,2025-09-11
51.5699996948242,51.9199981689453,51.4900016784668,51.8600006103516,137772,51.8600006103516,2025-09-12
51.7799987792969,52.2200012207031,51.7599983215332,52.0999984741211,84149,52.0999984741211,2025-09-15
52.560001373291,52.6399993896484,51.7999992370605,51.7999992370605,66403,51.7999992370605,2025-09-16
52.2299995422363,52.3499984741211,51.5299987792969,51.5400009155273,47640,51.5400009155273,2025-09-17
51.939998626709,52.3699989318848,51.5999984741211,52.189998626709,45628,52.189998626709,2025-09-18
52.4599990844727,52.75,52.2700004577637,52.6199989318848,76428,52.6199989318848,2025-09-19
52.7900009155273,52.9500007629395,52.7099990844727,52.9500007629395,59927,52.9500007629395,2025-09-22
52.9799995422363,53.3699989318848,52.810001373291,52.9199981689453,66531,52.9199981689453,2025-09-23
53.6100006103516,54.1599998474121,53.4599990844727,54.0699996948242,73560,54.0699996948242,2025-09-24
53.4799995422363,53.9300003051758,53.2799987792969,53.7200012207031,142239,53.7200012207031,2025-09-25
53.7299995422363,54.2400016784668,53.5999984741211,54.0200004577637,60096,54.0200004577637,2025-09-26
54.439998626709,55.0800018310547,54.3199996948242,54.8400001525879,85675,54.8400001525879,2025-09-29
54.9199981689453,55.3899993896484,54.6199989318848,55.3400001525879,75183,55.3400001525879,2025-09-30
NA,NA,NA,NA,NA,NA,2025-10-01
56.0499992370605,56.6399993896484,55.9599990844727,56.4300003051758,97485,56.4300003051758,2025-10-02
