"HEMA.MI.Open","HEMA.MI.High","HEMA.MI.Low","HEMA.MI.Close","HEMA.MI.Volume","HEMA.MI.Adjusted","Date"
9.79100036621094,9.79100036621094,9.79100036621094,9.77400016784668,974,9.77400016784668,2022-07-21
9.77400016784668,9.77400016784668,9.77400016784668,9.77400016784668,0,9.77400016784668,2022-07-22
9.77400016784668,9.77400016784668,9.77400016784668,9.77400016784668,0,9.77400016784668,2022-07-25
9.77400016784668,9.77400016784668,9.77400016784668,9.77400016784668,0,9.77400016784668,2022-07-26
9.77400016784668,9.77400016784668,9.77400016784668,9.77400016784668,0,9.77400016784668,2022-07-27
9.77400016784668,9.77400016784668,9.77400016784668,9.77400016784668,0,9.77400016784668,2022-07-28
9.77400016784668,9.77400016784668,9.77400016784668,9.77400016784668,0,9.77400016784668,2022-07-29
9.77400016784668,9.77400016784668,9.77400016784668,9.77400016784668,0,9.77400016784668,2022-08-01
9.77400016784668,9.77400016784668,9.77400016784668,9.77400016784668,0,9.77400016784668,2022-08-02
9.77400016784668,9.77400016784668,9.77400016784668,9.77400016784668,0,9.77400016784668,2022-08-03
9.77400016784668,9.77400016784668,9.77400016784668,9.77400016784668,0,9.77400016784668,2022-08-04
9.77400016784668,9.77400016784668,9.77400016784668,9.77400016784668,0,9.77400016784668,2022-08-05
9.77400016784668,9.77400016784668,9.77400016784668,9.77400016784668,0,9.77400016784668,2022-08-08
9.77400016784668,9.77400016784668,9.77400016784668,9.77400016784668,0,9.77400016784668,2022-08-09
9.77400016784668,9.77400016784668,9.77400016784668,9.77400016784668,0,9.77400016784668,2022-08-10
9.77400016784668,9.77400016784668,9.77400016784668,9.77400016784668,0,9.77400016784668,2022-08-11
9.77400016784668,9.77400016784668,9.77400016784668,9.77400016784668,0,9.77400016784668,2022-08-12
9.77400016784668,9.77400016784668,9.77400016784668,9.77400016784668,0,9.77400016784668,2022-08-16
9.77400016784668,9.77400016784668,9.77400016784668,9.77400016784668,0,9.77400016784668,2022-08-17
9.77400016784668,9.77400016784668,9.77400016784668,9.77400016784668,0,9.77400016784668,2022-08-18
9.77400016784668,9.77400016784668,9.77400016784668,9.77400016784668,0,9.77400016784668,2022-08-19
9.77400016784668,9.77400016784668,9.77400016784668,9.77400016784668,0,9.77400016784668,2022-08-22
9.77400016784668,9.77400016784668,9.77400016784668,9.77400016784668,0,9.77400016784668,2022-08-23
9.77400016784668,9.77400016784668,9.77400016784668,9.77400016784668,0,9.77400016784668,2022-08-24
10.2040004730225,10.21399974823,10.2040004730225,10.210000038147,11544,10.210000038147,2022-08-25
10.210000038147,10.210000038147,10.210000038147,10.210000038147,0,10.210000038147,2022-08-26
10.210000038147,10.210000038147,10.210000038147,10.210000038147,0,10.210000038147,2022-08-29
10.210000038147,10.210000038147,10.210000038147,10.210000038147,0,10.210000038147,2022-08-30
10.210000038147,10.210000038147,10.210000038147,10.210000038147,0,10.210000038147,2022-08-31
10.210000038147,10.210000038147,10.210000038147,10.210000038147,0,10.210000038147,2022-09-01
10.210000038147,10.210000038147,10.210000038147,10.210000038147,0,10.210000038147,2022-09-02
10.210000038147,10.210000038147,10.210000038147,10.210000038147,0,10.210000038147,2022-09-05
9.85000038146973,9.85000038146973,9.85000038146973,9.78499984741211,11,9.78499984741211,2022-09-06
9.78499984741211,9.78499984741211,9.78499984741211,9.78499984741211,0,9.78499984741211,2022-09-07
9.78499984741211,9.78499984741211,9.78499984741211,9.78499984741211,0,9.78499984741211,2022-09-08
9.78499984741211,9.78499984741211,9.78499984741211,9.78499984741211,0,9.78499984741211,2022-09-09
9.78499984741211,9.78499984741211,9.78499984741211,9.78499984741211,0,9.78499984741211,2022-09-12
9.78499984741211,9.78499984741211,9.78499984741211,9.78499984741211,0,9.78499984741211,2022-09-13
9.78499984741211,9.78499984741211,9.78499984741211,9.78499984741211,0,9.78499984741211,2022-09-14
9.78499984741211,9.78499984741211,9.78499984741211,9.78499984741211,0,9.78499984741211,2022-09-15
9.78499984741211,9.78499984741211,9.78499984741211,9.78499984741211,0,9.78499984741211,2022-09-16
9.78499984741211,9.78499984741211,9.78499984741211,9.78499984741211,0,9.78499984741211,2022-09-19
9.78499984741211,9.78499984741211,9.78499984741211,9.78499984741211,0,9.78499984741211,2022-09-20
9.78499984741211,9.78499984741211,9.78499984741211,9.78499984741211,0,9.78499984741211,2022-09-21
9.78499984741211,9.78499984741211,9.78499984741211,9.78499984741211,0,9.78499984741211,2022-09-22
9.78499984741211,9.78499984741211,9.78499984741211,9.78499984741211,0,9.78499984741211,2022-09-23
9.78499984741211,9.78499984741211,9.78499984741211,9.78499984741211,0,9.78499984741211,2022-09-26
9.78499984741211,9.78499984741211,9.78499984741211,9.78499984741211,0,9.78499984741211,2022-09-27
9.78499984741211,9.78499984741211,9.78499984741211,9.78499984741211,0,9.78499984741211,2022-09-28
9.78499984741211,9.78499984741211,9.78499984741211,9.78499984741211,0,9.78499984741211,2022-09-29
9.78499984741211,9.78499984741211,9.78499984741211,9.78499984741211,0,9.78499984741211,2022-09-30
9.78499984741211,9.78499984741211,9.78499984741211,9.78499984741211,0,9.78499984741211,2022-10-03
9.78499984741211,9.78499984741211,9.78499984741211,9.78499984741211,0,9.78499984741211,2022-10-04
9.32499980926514,9.32499980926514,9.32499980926514,9.27799987792969,974,9.27799987792969,2022-10-05
9.27799987792969,9.27799987792969,9.27799987792969,9.27799987792969,0,9.27799987792969,2022-10-06
9.29300022125244,9.29300022125244,9.29300022125244,9.22299957275391,11413,9.22299957275391,2022-10-07
9.19099998474121,9.19099998474121,9.19099998474121,9.13199996948242,300,9.13199996948242,2022-10-10
9.13199996948242,9.13199996948242,9.13199996948242,9.13199996948242,0,9.13199996948242,2022-10-11
9,9,9,8.97399997711182,974,8.97399997711182,2022-10-12
8.97399997711182,8.97399997711182,8.97399997711182,8.97399997711182,0,8.97399997711182,2022-10-13
8.97399997711182,8.97399997711182,8.97399997711182,8.97399997711182,0,8.97399997711182,2022-10-14
8.97399997711182,8.97399997711182,8.97399997711182,8.97399997711182,0,8.97399997711182,2022-10-17
9.05799961090088,9.06099987030029,9.05799961090088,8.97200012207031,18965,8.97200012207031,2022-10-18
8.97200012207031,8.97200012207031,8.97200012207031,8.97200012207031,0,8.97200012207031,2022-10-19
8.97200012207031,8.97200012207031,8.97200012207031,8.97200012207031,0,8.97200012207031,2022-10-20
8.97200012207031,8.97200012207031,8.97200012207031,8.97200012207031,0,8.97200012207031,2022-10-21
8.97200012207031,8.97200012207031,8.97200012207031,8.97200012207031,0,8.97200012207031,2022-10-24
8.63399982452393,8.63399982452393,8.63399982452393,8.65900039672852,974,8.65900039672852,2022-10-25
8.67199993133545,8.67199993133545,8.67199993133545,8.75699996948242,974,8.75699996948242,2022-10-26
8.66300010681152,8.66300010681152,8.66300010681152,8.73999977111816,12192,8.73999977111816,2022-10-27
8.73999977111816,8.73999977111816,8.73999977111816,8.73999977111816,0,8.73999977111816,2022-10-28
8.73999977111816,8.73999977111816,8.73999977111816,8.73999977111816,0,8.73999977111816,2022-10-31
8.73999977111816,8.73999977111816,8.73999977111816,8.73999977111816,0,8.73999977111816,2022-11-01
8.73999977111816,8.73999977111816,8.73999977111816,8.73999977111816,0,8.73999977111816,2022-11-02
8.73999977111816,8.73999977111816,8.73999977111816,8.73999977111816,0,8.73999977111816,2022-11-03
9.13799953460693,9.13799953460693,9.13799953460693,9.10999965667725,9152,9.10999965667725,2022-11-04
9.10999965667725,9.10999965667725,9.10999965667725,9.10999965667725,0,9.10999965667725,2022-11-07
9.10999965667725,9.10999965667725,9.10999965667725,9.10999965667725,0,9.10999965667725,2022-11-08
9.10999965667725,9.10999965667725,9.10999965667725,9.10999965667725,0,9.10999965667725,2022-11-09
9.10999965667725,9.10999965667725,9.10999965667725,9.10999965667725,0,9.10999965667725,2022-11-10
9.10999965667725,9.10999965667725,9.10999965667725,9.10999965667725,0,9.10999965667725,2022-11-11
9.10999965667725,9.10999965667725,9.10999965667725,9.10999965667725,0,9.10999965667725,2022-11-14
9.10999965667725,9.10999965667725,9.10999965667725,9.10999965667725,0,9.10999965667725,2022-11-15
9.10999965667725,9.10999965667725,9.10999965667725,9.10999965667725,0,9.10999965667725,2022-11-16
9.10999965667725,9.10999965667725,9.10999965667725,9.10999965667725,0,9.10999965667725,2022-11-17
9.10999965667725,9.10999965667725,9.10999965667725,9.10999965667725,0,9.10999965667725,2022-11-18
9.10999965667725,9.10999965667725,9.10999965667725,9.10999965667725,0,9.10999965667725,2022-11-21
9.10999965667725,9.10999965667725,9.10999965667725,9.10999965667725,0,9.10999965667725,2022-11-22
9.10999965667725,9.10999965667725,9.10999965667725,9.10999965667725,0,9.10999965667725,2022-11-23
9.1850004196167,9.20600032806396,9.1850004196167,9.23600006103516,1948,9.23600006103516,2022-11-24
9.23600006103516,9.23600006103516,9.23600006103516,9.23600006103516,0,9.23600006103516,2022-11-25
9.23600006103516,9.23600006103516,9.23600006103516,9.23600006103516,0,9.23600006103516,2022-11-28
9.32299995422363,9.32299995422363,9.32299995422363,9.3439998626709,974,9.3439998626709,2022-11-29
9.3439998626709,9.3439998626709,9.3439998626709,9.3439998626709,0,9.3439998626709,2022-11-30
9.3439998626709,9.3439998626709,9.3439998626709,9.3439998626709,0,9.3439998626709,2022-12-01
9.3439998626709,9.3439998626709,9.3439998626709,9.3439998626709,0,9.3439998626709,2022-12-02
9.3439998626709,9.3439998626709,9.3439998626709,9.3439998626709,0,9.3439998626709,2022-12-05
9.3439998626709,9.3439998626709,9.3439998626709,9.3439998626709,0,9.3439998626709,2022-12-06
9.3439998626709,9.3439998626709,9.3439998626709,9.3439998626709,0,9.3439998626709,2022-12-07
9.3439998626709,9.3439998626709,9.3439998626709,9.3439998626709,0,9.3439998626709,2022-12-08
9.42800045013428,9.42800045013428,9.42800045013428,9.42099952697754,299,9.42099952697754,2022-12-09
9.42099952697754,9.42099952697754,9.42099952697754,9.42099952697754,0,9.42099952697754,2022-12-12
9.42099952697754,9.42099952697754,9.42099952697754,9.42099952697754,0,9.42099952697754,2022-12-13
9.42099952697754,9.42099952697754,9.42099952697754,9.42099952697754,0,9.42099952697754,2022-12-14
9.42099952697754,9.42099952697754,9.42099952697754,9.42099952697754,0,9.42099952697754,2022-12-15
9.42099952697754,9.42099952697754,9.42099952697754,9.42099952697754,0,9.42099952697754,2022-12-16
9.42099952697754,9.42099952697754,9.42099952697754,9.42099952697754,0,9.42099952697754,2022-12-19
9.42099952697754,9.42099952697754,9.42099952697754,9.42099952697754,0,9.42099952697754,2022-12-20
9.42099952697754,9.42099952697754,9.42099952697754,9.42099952697754,0,9.42099952697754,2022-12-21
9.42099952697754,9.42099952697754,9.42099952697754,9.42099952697754,0,9.42099952697754,2022-12-22
9.42099952697754,9.42099952697754,9.42099952697754,9.42099952697754,0,9.42099952697754,2022-12-23
9.42099952697754,9.42099952697754,9.42099952697754,9.42099952697754,0,9.42099952697754,2022-12-27
9.42099952697754,9.42099952697754,9.42099952697754,9.42099952697754,0,9.42099952697754,2022-12-28
9.42099952697754,9.42099952697754,9.42099952697754,9.42099952697754,0,9.42099952697754,2022-12-29
9.42099952697754,9.42099952697754,9.42099952697754,9.42099952697754,0,9.42099952697754,2022-12-30
9.42099952697754,9.42099952697754,9.42099952697754,9.42099952697754,0,9.42099952697754,2023-01-02
9.42099952697754,9.42099952697754,9.42099952697754,9.42099952697754,0,9.42099952697754,2023-01-03
9.39900016784668,9.39900016784668,9.39900016784668,9.44299983978271,52,9.44299983978271,2023-01-04
9.4370002746582,9.4370002746582,9.4370002746582,9.52400016784668,974,9.52400016784668,2023-01-05
9.52400016784668,9.52400016784668,9.52400016784668,9.52400016784668,0,9.52400016784668,2023-01-06
9.52400016784668,9.52400016784668,9.52400016784668,9.52400016784668,0,9.52400016784668,2023-01-09
9.52400016784668,9.52400016784668,9.52400016784668,9.52400016784668,0,9.52400016784668,2023-01-10
9.67099952697754,9.67099952697754,9.67099952697754,9.67800045013428,455,9.67800045013428,2023-01-11
9.67800045013428,9.67800045013428,9.67800045013428,9.67800045013428,0,9.67800045013428,2023-01-12
9.67800045013428,9.67800045013428,9.67800045013428,9.67800045013428,0,9.67800045013428,2023-01-13
9.67800045013428,9.67800045013428,9.67800045013428,9.67800045013428,0,9.67800045013428,2023-01-16
9.67800045013428,9.67800045013428,9.67800045013428,9.67800045013428,0,9.67800045013428,2023-01-17
9.67800045013428,9.67800045013428,9.67800045013428,9.67800045013428,0,9.67800045013428,2023-01-18
9.67800045013428,9.67800045013428,9.67800045013428,9.67800045013428,0,9.67800045013428,2023-01-19
9.67800045013428,9.67800045013428,9.67800045013428,9.67800045013428,0,9.67800045013428,2023-01-20
9.67800045013428,9.67800045013428,9.67800045013428,9.67800045013428,0,9.67800045013428,2023-01-23
9.91300010681152,9.91300010681152,9.91300010681152,9.92500019073486,2,9.92500019073486,2023-01-24
9.92500019073486,9.92500019073486,9.92500019073486,9.92500019073486,0,9.92500019073486,2023-01-25
9.92500019073486,9.92500019073486,9.92500019073486,9.92500019073486,0,9.92500019073486,2023-01-26
10.0059995651245,10.0059995651245,10.0059995651245,9.96500015258789,3,9.96500015258789,2023-01-27
9.96500015258789,9.96500015258789,9.96500015258789,9.96500015258789,0,9.96500015258789,2023-01-30
9.72599983215332,9.72599983215332,9.72599983215332,9.74400043487549,5,9.74400043487549,2023-01-31
9.76599979400635,9.76599979400635,9.76599979400635,9.75699996948242,39,9.75699996948242,2023-02-01
9.75699996948242,9.75699996948242,9.75699996948242,9.75699996948242,0,9.75699996948242,2023-02-02
9.76700019836426,9.76700019836426,9.76700019836426,9.72900009155273,10783,9.72900009155273,2023-02-03
9.72900009155273,9.72900009155273,9.72900009155273,9.72900009155273,0,9.72900009155273,2023-02-06
9.72900009155273,9.72900009155273,9.72900009155273,9.72900009155273,0,9.72900009155273,2023-02-07
9.72900009155273,9.72900009155273,9.72900009155273,9.72900009155273,0,9.72900009155273,2023-02-08
9.72900009155273,9.72900009155273,9.72900009155273,9.72900009155273,0,9.72900009155273,2023-02-09
9.72900009155273,9.72900009155273,9.72900009155273,9.72900009155273,0,9.72900009155273,2023-02-10
9.67800045013428,9.67800045013428,9.67800045013428,9.68200016021729,4,9.68200016021729,2023-02-13
9.68200016021729,9.68200016021729,9.68200016021729,9.68200016021729,0,9.68200016021729,2023-02-14
9.68200016021729,9.68200016021729,9.68200016021729,9.68200016021729,0,9.68200016021729,2023-02-15
9.68200016021729,9.68200016021729,9.68200016021729,9.68200016021729,0,9.68200016021729,2023-02-16
9.68200016021729,9.68200016021729,9.68200016021729,9.68200016021729,0,9.68200016021729,2023-02-17
9.68200016021729,9.68200016021729,9.68200016021729,9.68200016021729,0,9.68200016021729,2023-02-20
9.68200016021729,9.68200016021729,9.68200016021729,9.68200016021729,0,9.68200016021729,2023-02-21
9.68200016021729,9.68200016021729,9.68200016021729,9.68200016021729,0,9.68200016021729,2023-02-22
9.68200016021729,9.68200016021729,9.68200016021729,9.68200016021729,0,9.68200016021729,2023-02-23
9.38500022888184,9.38500022888184,9.38500022888184,9.29199981689453,9,9.29199981689453,2023-02-24
9.34799957275391,9.34799957275391,9.34799957275391,9.3129997253418,128,9.3129997253418,2023-02-27
9.28600025177002,9.29899978637695,9.28600025177002,9.2790002822876,19901,9.2790002822876,2023-02-28
9.44299983978271,9.44299983978271,9.43000030517578,9.39099979400635,2557,9.39099979400635,2023-03-01
9.41699981689453,9.41699981689453,9.41699981689453,9.46500015258789,1118,9.46500015258789,2023-03-02
9.50500011444092,9.50500011444092,9.50500011444092,9.53600025177002,53,9.53600025177002,2023-03-03
9.52200031280518,9.52200031280518,9.52200031280518,9.53600025177002,1065,9.53600025177002,2023-03-06
9.50300025939941,9.50300025939941,9.48499965667725,9.46399974822998,6064,9.46399974822998,2023-03-07
9.40999984741211,9.40999984741211,9.40999984741211,9.4689998626709,4950,9.4689998626709,2023-03-08
9.32900047302246,9.32900047302246,9.32900047302246,9.32299995422363,1104,9.32299995422363,2023-03-09
9.19900035858154,9.19900035858154,9.19900035858154,9.19200038909912,16201,9.19200038909912,2023-03-10
9.19200038909912,9.19200038909912,9.19200038909912,9.19200038909912,0,9.19200038909912,2023-03-13
9.02999973297119,9.02999973297119,9.02999973297119,9.0959997177124,8,9.0959997177124,2023-03-14
9.0959997177124,9.0959997177124,9.0959997177124,9.0959997177124,0,9.0959997177124,2023-03-15
9.0959997177124,9.0959997177124,9.0959997177124,9.0959997177124,0,9.0959997177124,2023-03-16
9.0959997177124,9.0959997177124,9.0959997177124,9.0959997177124,0,9.0959997177124,2023-03-17
9.0959997177124,9.0959997177124,9.0959997177124,9.0959997177124,0,9.0959997177124,2023-03-20
9.0959997177124,9.0959997177124,9.0959997177124,9.0959997177124,0,9.0959997177124,2023-03-21
9.13099956512451,9.13199996948242,9.13099956512451,9.14200019836426,19204,9.14200019836426,2023-03-22
9.14200019836426,9.14200019836426,9.14200019836426,9.14200019836426,0,9.14200019836426,2023-03-23
9.19099998474121,9.19099998474121,9.19099998474121,9.20899963378906,100,9.20899963378906,2023-03-24
9.20899963378906,9.20899963378906,9.20899963378906,9.20899963378906,0,9.20899963378906,2023-03-27
9.20899963378906,9.20899963378906,9.20800018310547,9.2189998626709,17288,9.2189998626709,2023-03-28
9.2189998626709,9.2189998626709,9.2189998626709,9.2189998626709,0,9.2189998626709,2023-03-29
9.2189998626709,9.2189998626709,9.2189998626709,9.2189998626709,0,9.2189998626709,2023-03-30
9.3120002746582,9.3120002746582,9.3120002746582,9.36299991607666,4801,9.36299991607666,2023-03-31
9.35099983215332,9.35099983215332,9.35099983215332,9.31099987030029,7,9.31099987030029,2023-04-03
9.31099987030029,9.31099987030029,9.31099987030029,9.31099987030029,0,9.31099987030029,2023-04-04
9.31099987030029,9.31099987030029,9.31099987030029,9.31099987030029,0,9.31099987030029,2023-04-05
9.31099987030029,9.31099987030029,9.31099987030029,9.31099987030029,0,9.31099987030029,2023-04-06
9.3439998626709,9.3439998626709,9.3439998626709,9.35599994659424,494,9.35599994659424,2023-04-11
9.26500034332275,9.26500034332275,9.26500034332275,9.23700046539307,788,9.23700046539307,2023-04-12
9.23700046539307,9.23700046539307,9.23700046539307,9.23700046539307,0,9.23700046539307,2023-04-13
9.23700046539307,9.23700046539307,9.23700046539307,9.23700046539307,0,9.23700046539307,2023-04-14
9.23700046539307,9.23700046539307,9.23700046539307,9.23700046539307,0,9.23700046539307,2023-04-17
9.23700046539307,9.23700046539307,9.23700046539307,9.23700046539307,0,9.23700046539307,2023-04-18
9.23700046539307,9.23700046539307,9.23700046539307,9.23700046539307,0,9.23700046539307,2023-04-19
9.23700046539307,9.23700046539307,9.23700046539307,9.23700046539307,0,9.23700046539307,2023-04-20
9.23700046539307,9.23700046539307,9.23700046539307,9.23700046539307,0,9.23700046539307,2023-04-21
9.23700046539307,9.23700046539307,9.23700046539307,9.23700046539307,0,9.23700046539307,2023-04-24
9.23700046539307,9.23700046539307,9.23700046539307,9.23700046539307,0,9.23700046539307,2023-04-25
9.23700046539307,9.23700046539307,9.23700046539307,9.23700046539307,0,9.23700046539307,2023-04-26
9.23700046539307,9.23700046539307,9.23700046539307,9.23700046539307,0,9.23700046539307,2023-04-27
9.23700046539307,9.23700046539307,9.23700046539307,9.23700046539307,0,9.23700046539307,2023-04-28
9.13500022888184,9.13500022888184,9.125,9.00699996948242,35,9.00699996948242,2023-05-02
9.00699996948242,9.00699996948242,9.00699996948242,9.00699996948242,0,9.00699996948242,2023-05-03
9.00699996948242,9.00699996948242,9.00699996948242,9.00699996948242,0,9.00699996948242,2023-05-04
9.00699996948242,9.00699996948242,9.00699996948242,9.00699996948242,0,9.00699996948242,2023-05-05
9.17899990081787,9.18200016021729,9.17800045013428,9.18099975585938,10506,9.18099975585938,2023-05-08
9.18099975585938,9.18099975585938,9.18099975585938,9.18099975585938,0,9.18099975585938,2023-05-09
9.18099975585938,9.18099975585938,9.18099975585938,9.18099975585938,0,9.18099975585938,2023-05-10
9.18099975585938,9.18099975585938,9.18099975585938,9.18099975585938,0,9.18099975585938,2023-05-11
9.12399959564209,9.12399959564209,9.12399959564209,9.1230001449585,31,9.1230001449585,2023-05-12
9.1230001449585,9.1230001449585,9.1230001449585,9.1230001449585,0,9.1230001449585,2023-05-15
9.1230001449585,9.1230001449585,9.1230001449585,9.1230001449585,0,9.1230001449585,2023-05-16
9.1230001449585,9.1230001449585,9.1230001449585,9.1230001449585,0,9.1230001449585,2023-05-17
9.1230001449585,9.1230001449585,9.1230001449585,9.1230001449585,0,9.1230001449585,2023-05-18
9.1230001449585,9.1230001449585,9.1230001449585,9.1230001449585,0,9.1230001449585,2023-05-19
9.1230001449585,9.1230001449585,9.1230001449585,9.1230001449585,0,9.1230001449585,2023-05-22
9.1230001449585,9.1230001449585,9.1230001449585,9.1230001449585,0,9.1230001449585,2023-05-23
9.1230001449585,9.1230001449585,9.1230001449585,9.1230001449585,0,9.1230001449585,2023-05-24
9.1230001449585,9.1230001449585,9.1230001449585,9.1230001449585,0,9.1230001449585,2023-05-25
9.23200035095215,9.23200035095215,9.23200035095215,9.34500026702881,17120,9.34500026702881,2023-05-26
9.34500026702881,9.34500026702881,9.34500026702881,9.34500026702881,0,9.34500026702881,2023-05-29
9.34500026702881,9.34500026702881,9.34500026702881,9.34500026702881,0,9.34500026702881,2023-05-30
9.21500015258789,9.21500015258789,9.21500015258789,9.14700031280518,128,9.14700031280518,2023-05-31
9.19799995422363,9.19799995422363,9.19799995422363,9.14700031280518,7,9.14700031280518,2023-06-01
9.37600040435791,9.39099979400635,9.37600040435791,9.48999977111816,55584,9.48999977111816,2023-06-02
9.48999977111816,9.48999977111816,9.48999977111816,9.48999977111816,0,9.48999977111816,2023-06-05
9.48999977111816,9.48999977111816,9.48999977111816,9.48999977111816,0,9.48999977111816,2023-06-06
9.48999977111816,9.48999977111816,9.48999977111816,9.48999977111816,0,9.48999977111816,2023-06-07
9.48999977111816,9.48999977111816,9.48999977111816,9.48999977111816,0,9.48999977111816,2023-06-08
9.48999977111816,9.48999977111816,9.48999977111816,9.48999977111816,0,9.48999977111816,2023-06-09
9.5930004119873,9.5930004119873,9.5930004119873,9.60099983215332,9802,9.60099983215332,2023-06-12
9.64799976348877,9.64799976348877,9.64799976348877,9.67599964141846,10989,9.67599964141846,2023-06-13
9.67599964141846,9.67599964141846,9.67599964141846,9.67599964141846,0,9.67599964141846,2023-06-14
9.70899963378906,9.71000003814697,9.66800022125244,9.65100002288818,36080,9.65100002288818,2023-06-15
9.65100002288818,9.65100002288818,9.65100002288818,9.65100002288818,0,9.65100002288818,2023-06-16
9.65100002288818,9.65100002288818,9.65100002288818,9.65100002288818,0,9.65100002288818,2023-06-19
9.65100002288818,9.65100002288818,9.65100002288818,9.65100002288818,0,9.65100002288818,2023-06-20
9.65100002288818,9.65100002288818,9.65100002288818,9.65100002288818,0,9.65100002288818,2023-06-21
9.65100002288818,9.65100002288818,9.65100002288818,9.65100002288818,0,9.65100002288818,2023-06-22
9.65100002288818,9.65100002288818,9.65100002288818,9.65100002288818,0,9.65100002288818,2023-06-23
9.65100002288818,9.65100002288818,9.65100002288818,9.65100002288818,0,9.65100002288818,2023-06-26
9.65100002288818,9.65100002288818,9.65100002288818,9.65100002288818,0,9.65100002288818,2023-06-27
9.65100002288818,9.65100002288818,9.65100002288818,9.65100002288818,0,9.65100002288818,2023-06-28
9.65100002288818,9.65100002288818,9.65100002288818,9.65100002288818,0,9.65100002288818,2023-06-29
9.65100002288818,9.65100002288818,9.65100002288818,9.65100002288818,0,9.65100002288818,2023-06-30
9.49600028991699,9.49600028991699,9.49600028991699,9.4709997177124,7,9.4709997177124,2023-07-03
9.4709997177124,9.4709997177124,9.4709997177124,9.4709997177124,0,9.4709997177124,2023-07-04
9.4709997177124,9.4709997177124,9.4709997177124,9.4709997177124,0,9.4709997177124,2023-07-05
9.4709997177124,9.4709997177124,9.4709997177124,9.4709997177124,0,9.4709997177124,2023-07-06
9.4709997177124,9.4709997177124,9.4709997177124,9.4709997177124,0,9.4709997177124,2023-07-07
9.4709997177124,9.4709997177124,9.4709997177124,9.4709997177124,0,9.4709997177124,2023-07-10
9.4709997177124,9.4709997177124,9.4709997177124,9.4709997177124,0,9.4709997177124,2023-07-11
9.4709997177124,9.4709997177124,9.4709997177124,9.4709997177124,0,9.4709997177124,2023-07-12
9.44799995422363,9.45100021362305,9.43299961090088,9.47299957275391,50733,9.47299957275391,2023-07-13
9.41800022125244,9.41800022125244,9.41800022125244,9.43200016021729,528,9.43200016021729,2023-07-14
9.37899971008301,9.37899971008301,9.37800025939941,9.38700008392334,13271,9.38700008392334,2023-07-17
9.38700008392334,9.38700008392334,9.38700008392334,9.38700008392334,0,9.38700008392334,2023-07-18
9.38700008392334,9.38700008392334,9.38700008392334,9.38700008392334,0,9.38700008392334,2023-07-19
9.38700008392334,9.38700008392334,9.38700008392334,9.38700008392334,0,9.38700008392334,2023-07-20
9.38700008392334,9.38700008392334,9.38700008392334,9.38700008392334,0,9.38700008392334,2023-07-21
9.38700008392334,9.38700008392334,9.38700008392334,9.38700008392334,0,9.38700008392334,2023-07-24
9.38700008392334,9.38700008392334,9.38700008392334,9.38700008392334,0,9.38700008392334,2023-07-25
9.38700008392334,9.38700008392334,9.38700008392334,9.38700008392334,0,9.38700008392334,2023-07-26
9.38700008392334,9.38700008392334,9.38700008392334,9.38700008392334,0,9.38700008392334,2023-07-27
9.77700042724609,9.77700042724609,9.77700042724609,9.80700016021729,1085,9.80700016021729,2023-07-28
9.7819995880127,9.7819995880127,9.77999973297119,9.82900047302246,2146,9.82900047302246,2023-07-31
9.81400012969971,9.81400012969971,9.81400012969971,9.7480001449585,6,9.7480001449585,2023-08-01
9.7480001449585,9.7480001449585,9.7480001449585,9.7480001449585,0,9.7480001449585,2023-08-02
9.7480001449585,9.7480001449585,9.7480001449585,9.7480001449585,0,9.7480001449585,2023-08-03
9.7480001449585,9.7480001449585,9.7480001449585,9.7480001449585,0,9.7480001449585,2023-08-04
9.7480001449585,9.7480001449585,9.7480001449585,9.7480001449585,0,9.7480001449585,2023-08-07
9.7480001449585,9.7480001449585,9.7480001449585,9.7480001449585,0,9.7480001449585,2023-08-08
9.7480001449585,9.7480001449585,9.7480001449585,9.7480001449585,0,9.7480001449585,2023-08-09
9.7480001449585,9.7480001449585,9.7480001449585,9.7480001449585,0,9.7480001449585,2023-08-10
9.7480001449585,9.7480001449585,9.7480001449585,9.7480001449585,0,9.7480001449585,2023-08-11
9.32499980926514,9.32499980926514,9.32499980926514,9.3120002746582,3199,9.3120002746582,2023-08-14
9.20499992370605,9.20699977874756,9.20300006866455,9.20600032806396,16932,9.20600032806396,2023-08-16
9.20600032806396,9.20600032806396,9.20600032806396,9.20600032806396,0,9.20600032806396,2023-08-17
9.20600032806396,9.20600032806396,9.20600032806396,9.20600032806396,0,9.20600032806396,2023-08-18
9.20600032806396,9.20600032806396,9.20600032806396,9.20600032806396,0,9.20600032806396,2023-08-21
9.20600032806396,9.20600032806396,9.20600032806396,9.20600032806396,0,9.20600032806396,2023-08-22
9.23299980163574,9.23299980163574,9.23299980163574,9.30399990081787,300,9.30399990081787,2023-08-23
9.30399990081787,9.30399990081787,9.30399990081787,9.30399990081787,0,9.30399990081787,2023-08-24
9.33399963378906,9.33399963378906,9.33399963378906,9.30500030517578,110,9.30500030517578,2023-08-25
9.30500030517578,9.30500030517578,9.30500030517578,9.30500030517578,0,9.30500030517578,2023-08-28
9.30500030517578,9.30500030517578,9.30500030517578,9.30500030517578,0,9.30500030517578,2023-08-29
9.30500030517578,9.30500030517578,9.30500030517578,9.30500030517578,0,9.30500030517578,2023-08-30
9.32900047302246,9.32900047302246,9.32900047302246,9.35099983215332,110,9.35099983215332,2023-08-31
9.41300010681152,9.41300010681152,9.41300010681152,9.49100017547607,8,9.49100017547607,2023-09-01
9.49100017547607,9.49100017547607,9.49100017547607,9.49100017547607,0,9.49100017547607,2023-09-04
9.49100017547607,9.49100017547607,9.49100017547607,9.49100017547607,0,9.49100017547607,2023-09-05
9.46399974822998,9.46399974822998,9.46399974822998,9.45199966430664,320,9.45199966430664,2023-09-06
9.45199966430664,9.45199966430664,9.45199966430664,9.45199966430664,0,9.45199966430664,2023-09-07
9.45199966430664,9.45199966430664,9.45199966430664,9.45199966430664,0,9.45199966430664,2023-09-08
9.45199966430664,9.45199966430664,9.45199966430664,9.45199966430664,0,9.45199966430664,2023-09-11
9.45199966430664,9.45199966430664,9.45199966430664,9.45199966430664,0,9.45199966430664,2023-09-12
9.45199966430664,9.45199966430664,9.45199966430664,9.45199966430664,0,9.45199966430664,2023-09-13
9.45199966430664,9.45199966430664,9.45199966430664,9.45199966430664,0,9.45199966430664,2023-09-14
9.45199966430664,9.45199966430664,9.45199966430664,9.45199966430664,0,9.45199966430664,2023-09-15
9.44200038909912,9.44200038909912,9.44200038909912,9.45199966430664,6,9.45199966430664,2023-09-18
9.45199966430664,9.45199966430664,9.45199966430664,9.45199966430664,0,9.45199966430664,2023-09-19
9.45199966430664,9.45199966430664,9.45199966430664,9.45199966430664,0,9.45199966430664,2023-09-20
9.45199966430664,9.45199966430664,9.45199966430664,9.45199966430664,0,9.45199966430664,2023-09-21
9.45199966430664,9.45199966430664,9.45199966430664,9.45199966430664,0,9.45199966430664,2023-09-22
9.45199966430664,9.45199966430664,9.45199966430664,9.45199966430664,0,9.45199966430664,2023-09-25
9.45199966430664,9.45199966430664,9.45199966430664,9.45199966430664,0,9.45199966430664,2023-09-26
9.45199966430664,9.45199966430664,9.45199966430664,9.45199966430664,0,9.45199966430664,2023-09-27
9.45199966430664,9.45199966430664,9.45199966430664,9.45199966430664,0,9.45199966430664,2023-09-28
9.45199966430664,9.45199966430664,9.45199966430664,9.45199966430664,0,9.45199966430664,2023-09-29
9.35700035095215,9.35700035095215,9.35700035095215,9.30900001525879,8,9.30900001525879,2023-10-02
9.24300003051758,9.24300003051758,9.24300003051758,9.24199962615967,4790,9.24199962615967,2023-10-03
9.24199962615967,9.24199962615967,9.24199962615967,9.24199962615967,0,9.24199962615967,2023-10-04
9.1569995880127,9.1569995880127,9.1569995880127,9.12800025939941,11483,9.12800025939941,2023-10-05
9.12800025939941,9.12800025939941,9.12800025939941,9.12800025939941,0,9.12800025939941,2023-10-06
9.12800025939941,9.12800025939941,9.12800025939941,9.12800025939941,0,9.12800025939941,2023-10-09
9.27200031280518,9.32100009918213,9.27200031280518,9.32900047302246,17488,9.32900047302246,2023-10-10
9.32900047302246,9.32900047302246,9.32900047302246,9.32900047302246,0,9.32900047302246,2023-10-11
9.41899967193604,9.42500019073486,9.41899967193604,9.375,5596,9.375,2023-10-12
9.375,9.375,9.375,9.375,0,9.375,2023-10-13
9.375,9.375,9.375,9.375,0,9.375,2023-10-16
9.3120002746582,9.32100009918213,9.3120002746582,9.31900024414062,1599,9.31900024414062,2023-10-17
9.31900024414062,9.31900024414062,9.31900024414062,9.31900024414062,0,9.31900024414062,2023-10-18
9.16399955749512,9.16499996185303,9.14900016784668,9.14099979400635,46944,9.14099979400635,2023-10-19
9.14099979400635,9.14099979400635,9.14099979400635,9.14099979400635,0,9.14099979400635,2023-10-20
9.14099979400635,9.14099979400635,9.14099979400635,9.14099979400635,0,9.14099979400635,2023-10-23
9.14099979400635,9.14099979400635,9.14099979400635,9.14099979400635,0,9.14099979400635,2023-10-24
9.14099979400635,9.14099979400635,9.14099979400635,9.14099979400635,0,9.14099979400635,2023-10-25
8.94200038909912,8.94200038909912,8.94200038909912,8.99100017547607,872,8.99100017547607,2023-10-26
9.05099964141846,9.05099964141846,8.98200035095215,8.97700023651123,76017,8.97700023651123,2023-10-27
8.97700023651123,8.97700023651123,8.97700023651123,8.97700023651123,0,8.97700023651123,2023-10-30
8.92599964141846,8.92599964141846,8.92599964141846,8.91899967193604,4701,8.91899967193604,2023-10-31
8.97200012207031,8.97200012207031,8.97200012207031,9.03899955749512,10,9.03899955749512,2023-11-01
9.03899955749512,9.03899955749512,9.03899955749512,9.03899955749512,0,9.03899955749512,2023-11-02
9.27400016784668,9.27400016784668,9.27400016784668,9.29100036621094,11543,9.29100036621094,2023-11-03
9.39099979400635,9.39099979400635,9.35900020599365,9.36200046539307,26878,9.36200046539307,2023-11-06
9.36200046539307,9.36200046539307,9.36200046539307,9.36200046539307,0,9.36200046539307,2023-11-07
9.36200046539307,9.36200046539307,9.36200046539307,9.36200046539307,0,9.36200046539307,2023-11-08
9.28299999237061,9.29300022125244,9.2819995880127,9.28600025177002,5516,9.28600025177002,2023-11-09
9.28600025177002,9.28600025177002,9.28600025177002,9.28600025177002,0,9.28600025177002,2023-11-10
9.28600025177002,9.28600025177002,9.28600025177002,9.28600025177002,0,9.28600025177002,2023-11-13
9.28600025177002,9.28600025177002,9.28600025177002,9.28600025177002,0,9.28600025177002,2023-11-14
9.28600025177002,9.28600025177002,9.28600025177002,9.28600025177002,0,9.28600025177002,2023-11-15
9.28600025177002,9.28600025177002,9.28600025177002,9.28600025177002,0,9.28600025177002,2023-11-16
9.34799957275391,9.36600017547607,9.3439998626709,9.33699989318848,57589,9.33699989318848,2023-11-17
9.33699989318848,9.33699989318848,9.33699989318848,9.33699989318848,0,9.33699989318848,2023-11-20
9.33699989318848,9.33699989318848,9.33699989318848,9.33699989318848,0,9.33699989318848,2023-11-21
9.33699989318848,9.33699989318848,9.33699989318848,9.33699989318848,0,9.33699989318848,2023-11-22
9.33699989318848,9.33699989318848,9.33699989318848,9.33699989318848,0,9.33699989318848,2023-11-23
9.33699989318848,9.33699989318848,9.33699989318848,9.33699989318848,0,9.33699989318848,2023-11-24
9.33699989318848,9.33699989318848,9.33699989318848,9.33699989318848,0,9.33699989318848,2023-11-27
9.33699989318848,9.33699989318848,9.33699989318848,9.33699989318848,0,9.33699989318848,2023-11-28
9.33699989318848,9.33699989318848,9.33699989318848,9.33699989318848,0,9.33699989318848,2023-11-29
9.3459997177124,9.3459997177124,9.3459997177124,9.35200023651123,854,9.35200023651123,2023-11-30
9.36400032043457,9.4040002822876,9.36400032043457,9.4040002822876,20,9.4040002822876,2023-12-01
9.4040002822876,9.4040002822876,9.4040002822876,9.4040002822876,0,9.4040002822876,2023-12-04
9.2819995880127,9.3100004196167,9.2819995880127,9.3100004196167,52571,9.3100004196167,2023-12-05
9.3100004196167,9.3100004196167,9.3100004196167,9.3100004196167,0,9.3100004196167,2023-12-06
9.32600021362305,9.3459997177124,9.32499980926514,9.34799957275391,111279,9.34799957275391,2023-12-07
9.34899997711182,9.3769998550415,9.34899997711182,9.34899997711182,76816,9.34899997711182,2023-12-08
9.34899997711182,9.34899997711182,9.34899997711182,9.34899997711182,0,9.34899997711182,2023-12-11
9.37899971008301,9.38799953460693,9.35000038146973,9.36400032043457,26775,9.36400032043457,2023-12-12
9.36400032043457,9.36400032043457,9.36400032043457,9.36400032043457,0,9.36400032043457,2023-12-13
9.36400032043457,9.36400032043457,9.36400032043457,9.36400032043457,0,9.36400032043457,2023-12-14
9.5,9.50100040435791,9.49400043487549,9.50699996948242,34484,9.50699996948242,2023-12-15
9.50699996948242,9.50699996948242,9.50699996948242,9.50699996948242,0,9.50699996948242,2023-12-18
9.50699996948242,9.50699996948242,9.50699996948242,9.50699996948242,0,9.50699996948242,2023-12-19
9.50699996948242,9.50699996948242,9.50699996948242,9.50699996948242,0,9.50699996948242,2023-12-20
9.50699996948242,9.50699996948242,9.50699996948242,9.50699996948242,0,9.50699996948242,2023-12-21
9.35799980163574,9.38399982452393,9.35799980163574,9.41800022125244,11300,9.41800022125244,2023-12-22
9.41800022125244,9.41800022125244,9.41800022125244,9.41800022125244,0,9.41800022125244,2023-12-27
9.5600004196167,9.5600004196167,9.5600004196167,9.59500026702881,9540,9.59500026702881,2023-12-28
9.59500026702881,9.59500026702881,9.59500026702881,9.59500026702881,0,9.59500026702881,2023-12-29
9.57900047302246,9.57900047302246,9.57900047302246,9.5629997253418,8,9.5629997253418,2024-01-02
9.52299976348877,9.52299976348877,9.50500011444092,9.52499961853027,804,9.52499961853027,2024-01-03
9.52499961853027,9.52499961853027,9.52499961853027,9.52499961853027,0,9.52499961853027,2024-01-04
9.49300003051758,9.49300003051758,9.49300003051758,9.5,1107,9.5,2024-01-05
9.5,9.5,9.5,9.5,0,9.5,2024-01-08
9.5,9.5,9.5,9.5,0,9.5,2024-01-09
9.5,9.5,9.5,9.5,0,9.5,2024-01-10
9.5,9.5,9.5,9.5,0,9.5,2024-01-11
9.5,9.5,9.5,9.5,0,9.5,2024-01-12
9.5,9.5,9.5,9.5,0,9.5,2024-01-15
9.29899978637695,9.30099964141846,9.29899978637695,9.30900001525879,23802,9.30900001525879,2024-01-16
9.11600017547607,9.1230001449585,9.11600017547607,9.1230001449585,12660,9.1230001449585,2024-01-17
9.1230001449585,9.1230001449585,9.1230001449585,9.1230001449585,0,9.1230001449585,2024-01-18
9.1230001449585,9.1230001449585,9.1230001449585,9.1230001449585,0,9.1230001449585,2024-01-19
9.20499992370605,9.20499992370605,9.20499992370605,9.22299957275391,1130,9.22299957275391,2024-01-22
9.22299957275391,9.22299957275391,9.22299957275391,9.22299957275391,0,9.22299957275391,2024-01-23
9.39200019836426,9.39200019836426,9.39200019836426,9.44499969482422,11173,9.44499969482422,2024-01-24
9.44499969482422,9.44499969482422,9.44499969482422,9.44499969482422,0,9.44499969482422,2024-01-25
9.44499969482422,9.44499969482422,9.44499969482422,9.44499969482422,0,9.44499969482422,2024-01-26
9.52600002288818,9.52600002288818,9.52099990844727,9.47000026702881,12216,9.47000026702881,2024-01-29
9.47000026702881,9.47000026702881,9.47000026702881,9.47000026702881,0,9.47000026702881,2024-01-30
9.4040002822876,9.4040002822876,9.4040002822876,9.4040002822876,1048,9.4040002822876,2024-01-31
9.4399995803833,9.4399995803833,9.41600036621094,9.41600036621094,26,9.41600036621094,2024-02-01
9.41600036621094,9.41600036621094,9.41600036621094,9.41600036621094,0,9.41600036621094,2024-02-02
9.41600036621094,9.41600036621094,9.41600036621094,9.41600036621094,0,9.41600036621094,2024-02-05
9.41600036621094,9.41600036621094,9.41600036621094,9.41600036621094,0,9.41600036621094,2024-02-06
9.41600036621094,9.41600036621094,9.41600036621094,9.41600036621094,0,9.41600036621094,2024-02-07
9.41600036621094,9.41600036621094,9.41600036621094,9.41600036621094,0,9.41600036621094,2024-02-08
9.41600036621094,9.41600036621094,9.41600036621094,9.41600036621094,0,9.41600036621094,2024-02-09
9.84200000762939,9.84200000762939,9.84200000762939,9.8100004196167,742,9.8100004196167,2024-02-12
9.8100004196167,9.8100004196167,9.8100004196167,9.8100004196167,0,9.8100004196167,2024-02-13
9.8100004196167,9.8100004196167,9.8100004196167,9.8100004196167,0,9.8100004196167,2024-02-14
9.8100004196167,9.8100004196167,9.8100004196167,9.8100004196167,0,9.8100004196167,2024-02-15
9.8100004196167,9.8100004196167,9.8100004196167,9.8100004196167,0,9.8100004196167,2024-02-16
9.8100004196167,9.8100004196167,9.8100004196167,9.8100004196167,0,9.8100004196167,2024-02-19
9.8100004196167,9.8100004196167,9.8100004196167,9.8100004196167,0,9.8100004196167,2024-02-20
9.8100004196167,9.8100004196167,9.8100004196167,9.8100004196167,0,9.8100004196167,2024-02-21
9.8100004196167,9.8100004196167,9.8100004196167,9.8100004196167,0,9.8100004196167,2024-02-22
9.88700008392334,9.88700008392334,9.88700008392334,9.88300037384033,1065,9.88300037384033,2024-02-23
9.83699989318848,9.83699989318848,9.83600044250488,9.8149995803833,5543,9.8149995803833,2024-02-26
9.8149995803833,9.8149995803833,9.8149995803833,9.8149995803833,0,9.8149995803833,2024-02-27
9.8149995803833,9.8149995803833,9.8149995803833,9.8149995803833,0,9.8149995803833,2024-02-28
9.8149995803833,9.8149995803833,9.8149995803833,9.8149995803833,0,9.8149995803833,2024-02-29
9.82100009918213,9.82100009918213,9.82100009918213,9.86100006103516,8,9.86100006103516,2024-03-01
9.86100006103516,9.86100006103516,9.86100006103516,9.86100006103516,0,9.86100006103516,2024-03-04
9.76900005340576,9.76900005340576,9.76900005340576,9.74499988555908,1065,9.74499988555908,2024-03-05
9.84200000762939,9.8459997177124,9.84200000762939,9.8459997177124,106,9.8459997177124,2024-03-06
9.8459997177124,9.8459997177124,9.8459997177124,9.8459997177124,0,9.8459997177124,2024-03-07
9.8459997177124,9.8459997177124,9.8459997177124,9.8459997177124,0,9.8459997177124,2024-03-08
9.8459997177124,9.8459997177124,9.8459997177124,9.8459997177124,0,9.8459997177124,2024-03-11
9.8459997177124,9.8459997177124,9.8459997177124,9.8459997177124,0,9.8459997177124,2024-03-12
9.96599960327148,9.97599983215332,9.94600009918213,9.94699954986572,54234,9.94699954986572,2024-03-13
9.94699954986572,9.94699954986572,9.94699954986572,9.94699954986572,0,9.94699954986572,2024-03-14
9.94699954986572,9.94699954986572,9.94699954986572,9.94699954986572,0,9.94699954986572,2024-03-15
9.94699954986572,9.94699954986572,9.94699954986572,9.94699954986572,0,9.94699954986572,2024-03-18
9.94699954986572,9.94699954986572,9.94699954986572,9.94699954986572,0,9.94699954986572,2024-03-19
9.94699954986572,9.94699954986572,9.94699954986572,9.94699954986572,0,9.94699954986572,2024-03-20
9.94699954986572,9.94699954986572,9.94699954986572,9.94699954986572,0,9.94699954986572,2024-03-21
9.94699954986572,9.94699954986572,9.94699954986572,9.94699954986572,0,9.94699954986572,2024-03-22
9.94699954986572,9.94699954986572,9.94699954986572,9.94699954986572,0,9.94699954986572,2024-03-25
9.94699954986572,9.94699954986572,9.94699954986572,9.94699954986572,0,9.94699954986572,2024-03-26
9.94699954986572,9.94699954986572,9.94699954986572,9.94699954986572,0,9.94699954986572,2024-03-27
9.94699954986572,9.94699954986572,9.94699954986572,9.94699954986572,0,9.94699954986572,2024-03-28
10.2360000610352,10.2360000610352,10.1940002441406,10.1680002212524,1969,10.1680002212524,2024-04-02
10.1680002212524,10.1680002212524,10.1680002212524,10.1680002212524,0,10.1680002212524,2024-04-03
10.1440000534058,10.1499996185303,10.1440000534058,10.1680002212524,57,10.1680002212524,2024-04-04
10.1680002212524,10.1680002212524,10.1680002212524,10.1680002212524,0,10.1680002212524,2024-04-05
10.1680002212524,10.1680002212524,10.1680002212524,10.1680002212524,0,10.1680002212524,2024-04-08
10.1680002212524,10.1680002212524,10.1680002212524,10.1680002212524,0,10.1680002212524,2024-04-09
10.1680002212524,10.1680002212524,10.1680002212524,10.1680002212524,0,10.1680002212524,2024-04-10
10.1680002212524,10.1680002212524,10.1680002212524,10.1680002212524,0,10.1680002212524,2024-04-11
10.1680002212524,10.1680002212524,10.1680002212524,10.1120004653931,1604,10.1120004653931,2024-04-12
10.1199998855591,10.1199998855591,10.1199998855591,10.0979995727539,1040,10.0979995727539,2024-04-15
9.90100002288818,9.90100002288818,9.90100002288818,9.89500045776367,1040,9.89500045776367,2024-04-16
9.89900016784668,9.89900016784668,9.89900016784668,9.88799953460693,50,9.88799953460693,2024-04-17
9.88799953460693,9.88799953460693,9.88799953460693,9.88799953460693,0,9.88799953460693,2024-04-18
9.88799953460693,9.88799953460693,9.88799953460693,9.88799953460693,0,9.88799953460693,2024-04-19
9.94200038909912,9.94200038909912,9.94200038909912,9.92800045013428,250,9.92800045013428,2024-04-22
9.92800045013428,9.92800045013428,9.92800045013428,9.92800045013428,0,9.92800045013428,2024-04-23
9.92800045013428,9.92800045013428,9.92800045013428,9.92800045013428,0,9.92800045013428,2024-04-24
9.92800045013428,9.92800045013428,9.92800045013428,9.92800045013428,0,9.92800045013428,2024-04-25
9.92800045013428,9.92800045013428,9.92800045013428,9.92800045013428,0,9.92800045013428,2024-04-26
10.2559995651245,10.2559995651245,10.253999710083,10.253999710083,3723,10.253999710083,2024-04-29
10.253999710083,10.253999710083,10.253999710083,10.253999710083,0,10.253999710083,2024-04-30
10.3059997558594,10.3520002365112,10.3059997558594,10.3520002365112,10,10.3520002365112,2024-05-02
10.3559999465942,10.3620004653931,10.3540000915527,10.3900003433228,11756,10.3900003433228,2024-05-03
10.3900003433228,10.3900003433228,10.3900003433228,10.3900003433228,0,10.3900003433228,2024-05-06
10.3559999465942,10.3579998016357,10.3559999465942,10.3900003433228,276,10.3900003433228,2024-05-07
10.3900003433228,10.3900003433228,10.3900003433228,10.3900003433228,0,10.3900003433228,2024-05-08
10.3920001983643,10.3920001983643,10.3920001983643,10.3760004043579,940,10.3760004043579,2024-05-09
10.3760004043579,10.3760004043579,10.3760004043579,10.3760004043579,0,10.3760004043579,2024-05-10
10.3760004043579,10.3760004043579,10.3760004043579,10.3760004043579,0,10.3760004043579,2024-05-13
10.4899997711182,10.4899997711182,10.4680004119873,10.4899997711182,10062,10.4899997711182,2024-05-14
10.5159997940063,10.5340003967285,10.5159997940063,10.5620002746582,1367,10.5620002746582,2024-05-15
10.5620002746582,10.5620002746582,10.5620002746582,10.5620002746582,0,10.5620002746582,2024-05-16
10.6260004043579,10.673999786377,10.6260004043579,10.6540002822876,473,10.6540002822876,2024-05-17
10.6540002822876,10.6540002822876,10.6540002822876,10.6540002822876,0,10.6540002822876,2024-05-20
10.6540002822876,10.6540002822876,10.6540002822876,10.6540002822876,0,10.6540002822876,2024-05-21
10.6540002822876,10.6540002822876,10.6540002822876,10.6540002822876,0,10.6540002822876,2024-05-22
10.5559997558594,10.5600004196167,10.5559997558594,10.5600004196167,24,10.5600004196167,2024-05-23
10.5600004196167,10.5600004196167,10.5600004196167,10.5600004196167,0,10.5600004196167,2024-05-24
10.543999671936,10.543999671936,10.543999671936,10.5419998168945,10069,10.5419998168945,2024-05-27
10.5019998550415,10.5019998550415,10.5019998550415,10.4659996032715,152,10.4659996032715,2024-05-28
10.3360004425049,10.3360004425049,10.3079996109009,10.3079996109009,33719,10.3079996109009,2024-05-29
10.2799997329712,10.2799997329712,10.2799997329712,10.2779998779297,50,10.2779998779297,2024-05-30
10.2779998779297,10.2779998779297,10.2779998779297,10.2779998779297,0,10.2779998779297,2024-05-31
10.3500003814697,10.3500003814697,10.3500003814697,10.2399997711182,10,10.2399997711182,2024-06-03
10.1120004653931,10.1339998245239,10.0740003585815,10.0780000686646,7601,10.0780000686646,2024-06-04
10.1800003051758,10.1800003051758,10.1800003051758,10.253999710083,909,10.253999710083,2024-06-05
10.253999710083,10.253999710083,10.253999710083,10.253999710083,0,10.253999710083,2024-06-06
10.253999710083,10.253999710083,10.253999710083,10.253999710083,0,10.253999710083,2024-06-07
10.3839998245239,10.4099998474121,10.3839998245239,10.4160003662109,1460,10.4160003662109,2024-06-10
10.3819999694824,10.3819999694824,10.3819999694824,10.3579998016357,19,10.3579998016357,2024-06-11
10.4219999313354,10.4219999313354,10.4219999313354,10.4219999313354,250,10.4219999313354,2024-06-12
10.4219999313354,10.4219999313354,10.4219999313354,10.4219999313354,0,10.4219999313354,2024-06-13
10.4219999313354,10.4219999313354,10.4219999313354,10.4219999313354,0,10.4219999313354,2024-06-14
10.53600025177,10.53600025177,10.53600025177,10.5120000839233,70,10.5120000839233,2024-06-17
10.5120000839233,10.5120000839233,10.5120000839233,10.5120000839233,0,10.5120000839233,2024-06-18
10.6859998703003,10.6859998703003,10.6800003051758,10.6960000991821,820,10.6960000991821,2024-06-19
10.673999786377,10.673999786377,10.673999786377,10.6520004272461,20,10.6520004272461,2024-06-20
10.6520004272461,10.6520004272461,10.6520004272461,10.6520004272461,0,10.6520004272461,2024-06-21
10.5979995727539,10.5979995727539,10.5979995727539,10.6359996795654,470,10.6359996795654,2024-06-24
10.6359996795654,10.6359996795654,10.6359996795654,10.6359996795654,0,10.6359996795654,2024-06-25
10.6359996795654,10.6359996795654,10.6359996795654,10.6359996795654,0,10.6359996795654,2024-06-26
10.6359996795654,10.6359996795654,10.6359996795654,10.6359996795654,0,10.6359996795654,2024-06-27
10.6359996795654,10.6359996795654,10.6359996795654,10.6359996795654,0,10.6359996795654,2024-06-28
10.6160001754761,10.6160001754761,10.6160001754761,10.6140003204346,30,10.6140003204346,2024-07-01
10.6140003204346,10.6140003204346,10.6140003204346,10.6140003204346,0,10.6140003204346,2024-07-02
10.6840000152588,10.6859998703003,10.6840000152588,10.7159996032715,1000,10.7159996032715,2024-07-03
10.7620000839233,10.7620000839233,10.7620000839233,10.7379999160767,9883,10.7379999160767,2024-07-04
10.7379999160767,10.7379999160767,10.7379999160767,10.7379999160767,0,10.7379999160767,2024-07-05
10.7379999160767,10.7379999160767,10.7379999160767,10.7379999160767,0,10.7379999160767,2024-07-08
10.7620000839233,10.7659997940063,10.7620000839233,10.7779998779297,5468,10.7779998779297,2024-07-09
10.7779998779297,10.7779998779297,10.7779998779297,10.7779998779297,0,10.7779998779297,2024-07-10
10.7779998779297,10.7779998779297,10.7779998779297,10.7779998779297,0,10.7779998779297,2024-07-11
10.7779998779297,10.7779998779297,10.7779998779297,10.7779998779297,0,10.7779998779297,2024-07-12
10.8219995498657,10.8219995498657,10.8219995498657,10.8020000457764,83,10.8020000457764,2024-07-15
10.7980003356934,10.7980003356934,10.7980003356934,10.8100004196167,35,10.8100004196167,2024-07-16
10.6560001373291,10.6560001373291,10.6560001373291,10.6560001373291,9750,10.6560001373291,2024-07-17
10.6560001373291,10.6560001373291,10.6560001373291,10.6560001373291,0,10.6560001373291,2024-07-18
10.6560001373291,10.6560001373291,10.6560001373291,10.6560001373291,0,10.6560001373291,2024-07-19
10.6560001373291,10.6560001373291,10.6560001373291,10.6560001373291,0,10.6560001373291,2024-07-22
10.6560001373291,10.6560001373291,10.6560001373291,10.6560001373291,0,10.6560001373291,2024-07-23
10.6560001373291,10.6560001373291,10.6560001373291,10.6560001373291,0,10.6560001373291,2024-07-24
10.3039999008179,10.3039999008179,10.3020000457764,10.3599996566772,10676,10.3599996566772,2024-07-25
10.3599996566772,10.3599996566772,10.3599996566772,10.3599996566772,0,10.3599996566772,2024-07-26
10.4860000610352,10.4860000610352,10.4619998931885,10.4200000762939,1438,10.4200000762939,2024-07-29
10.4200000762939,10.4200000762939,10.4200000762939,10.4200000762939,0,10.4200000762939,2024-07-30
10.5920000076294,10.6000003814697,10.5920000076294,10.6180000305176,20154,10.6180000305176,2024-07-31
10.6180000305176,10.6180000305176,10.5600004196167,10.5279998779297,1495,10.5279998779297,2024-08-01
10.2919998168945,10.2919998168945,10.2919998168945,10.1339998245239,560,10.1339998245239,2024-08-02
9.76599979400635,9.77700042724609,9.76599979400635,9.83699989318848,3092,9.83699989318848,2024-08-05
9.83699989318848,9.83699989318848,9.83699989318848,9.83699989318848,0,9.83699989318848,2024-08-06
10.0920000076294,10.0920000076294,10.0920000076294,10.1319999694824,40,10.1319999694824,2024-08-07
10.1319999694824,10.1319999694824,10.1319999694824,10.1319999694824,0,10.1319999694824,2024-08-08
10.1319999694824,10.1319999694824,10.1319999694824,10.1319999694824,0,10.1319999694824,2024-08-09
10.3000001907349,10.3039999008179,10.3000001907349,10.3219995498657,1037,10.3219995498657,2024-08-12
10.3120002746582,10.3400001525879,10.3100004196167,10.3319997787476,11731,10.3319997787476,2024-08-13
10.3319997787476,10.3319997787476,10.3319997787476,10.3319997787476,0,10.3319997787476,2024-08-14
10.5059995651245,10.5059995651245,10.5059995651245,10.4919996261597,97,10.4919996261597,2024-08-16
10.5220003128052,10.5220003128052,10.5220003128052,10.5520000457764,1003,10.5520000457764,2024-08-19
10.5520000457764,10.5520000457764,10.5520000457764,10.5520000457764,0,10.5520000457764,2024-08-20
10.5520000457764,10.5520000457764,10.5520000457764,10.5520000457764,0,10.5520000457764,2024-08-21
10.5520000457764,10.5520000457764,10.5520000457764,10.5520000457764,0,10.5520000457764,2024-08-22
10.4540004730225,10.4540004730225,10.4540004730225,10.4499998092651,35,10.4499998092651,2024-08-23
10.4499998092651,10.4499998092651,10.4499998092651,10.4499998092651,0,10.4499998092651,2024-08-26
10.4020004272461,10.4020004272461,10.3760004043579,10.3699998855591,1364,10.3699998855591,2024-08-27
10.4340000152588,10.4340000152588,10.3640003204346,10.3640003204346,40,10.3640003204346,2024-08-28
10.3640003204346,10.3640003204346,10.3640003204346,10.3640003204346,0,10.3640003204346,2024-08-29
10.4700002670288,10.4700002670288,10.4700002670288,10.4320001602173,272,10.4320001602173,2024-08-30
10.3959999084473,10.4259996414185,10.3940000534058,10.4160003662109,11392,10.4160003662109,2024-09-02
10.3800001144409,10.3800001144409,10.3739995956421,10.3179998397827,291,10.3179998397827,2024-09-03
10.2279996871948,10.2519998550415,10.2279996871948,10.2679996490479,380,10.2679996490479,2024-09-04
10.1999998092651,10.2259998321533,10.1999998092651,10.2220001220703,36,10.2220001220703,2024-09-05
10.1599998474121,10.2279996871948,10.1599998474121,10.0679998397827,454,10.0679998397827,2024-09-06
10.1300001144409,10.1300001144409,10.1300001144409,10.1540002822876,826,10.1540002822876,2024-09-09
10.1639995574951,10.1639995574951,10.1639995574951,10.1420001983643,604,10.1420001983643,2024-09-10
10.1280002593994,10.1540002822876,10.1280002593994,10.1300001144409,1520,10.1300001144409,2024-09-11
10.2620000839233,10.2620000839233,10.2620000839233,10.2600002288818,2,10.2600002288818,2024-09-12
10.2600002288818,10.2600002288818,10.2600002288818,10.2600002288818,0,10.2600002288818,2024-09-13
10.3240003585815,10.3240003585815,10.2919998168945,10.2819995880127,248,10.2819995880127,2024-09-16
10.3420000076294,10.3599996566772,10.3420000076294,10.3500003814697,1019,10.3500003814697,2024-09-17
10.326000213623,10.3439998626709,10.326000213623,10.3039999008179,487,10.3039999008179,2024-09-18
10.4399995803833,10.4540004730225,10.4399995803833,10.456000328064,331,10.456000328064,2024-09-19
10.4820003509521,10.4820003509521,10.4820003509521,10.4460000991821,136,10.4460000991821,2024-09-20
10.5279998779297,10.5579996109009,10.5260000228882,10.5579996109009,494,10.5579996109009,2024-09-23
10.7620000839233,10.8100004196167,10.7600002288818,10.8100004196167,1050,10.8100004196167,2024-09-24
10.7580003738403,10.7580003738403,10.753999710083,10.8100004196167,111,10.8100004196167,2024-09-25
11.0880002975464,11.0880002975464,11.0880002975464,11.0880002975464,437,11.0880002975464,2024-09-26
11.1499996185303,11.1780004501343,11.0979995727539,11.1339998245239,2159,11.1339998245239,2024-09-27
11.0380001068115,11.0559997558594,11.0380001068115,11,685,11,2024-09-30
11.043999671936,11.0839996337891,11.0220003128052,11.0220003128052,870,11.0220003128052,2024-10-01
11.3280000686646,11.3719997406006,11.2480001449585,11.2480001449585,54910,11.2480001449585,2024-10-02
11.1120004653931,11.1660003662109,11.1099996566772,11.1960000991821,948,11.1960000991821,2024-10-03
11.3280000686646,11.3280000686646,11.3079996109009,11.2959995269775,2513,11.2959995269775,2024-10-04
11.456000328064,11.456000328064,11.4300003051758,11.3940000534058,2030,11.3940000534058,2024-10-07
11.1400003433228,11.1719999313354,11.1379995346069,11.1560001373291,1973,11.1560001373291,2024-10-08
11.0839996337891,11.0839996337891,11.039999961853,11.1520004272461,1535,11.1520004272461,2024-10-09
11.1520004272461,11.1759996414185,11.1420001983643,11.1719999313354,1772,11.1719999313354,2024-10-10
11.1099996566772,11.2399997711182,11.1099996566772,11.2080001831055,877,11.2080001831055,2024-10-11
11.21399974823,11.2299995422363,11.1960000991821,11.2340002059937,2139,11.2340002059937,2024-10-14
11.1180000305176,11.1579999923706,11.1180000305176,11.0459995269775,3047,11.0459995269775,2024-10-15
11.1079998016357,11.1359996795654,11.0860004425049,11.1520004272461,11264,11.1520004272461,2024-10-16
11.1199998855591,11.1599998474121,11.1199998855591,11.1499996185303,647,11.1499996185303,2024-10-17
11.3179998397827,11.3179998397827,11.289999961853,11.25,438,11.25,2024-10-18
11.1840000152588,11.1840000152588,11.1440000534058,11.1300001144409,558,11.1300001144409,2024-10-21
11.1040000915527,11.1420001983643,11.1040000915527,11.1560001373291,1427,11.1560001373291,2024-10-22
11.1599998474121,11.1859998703003,11.1579999923706,11.1400003433228,1442,11.1400003433228,2024-10-23
11.0979995727539,11.1160001754761,11.0979995727539,11.0819997787476,807,11.0819997787476,2024-10-24
11.0959997177124,11.0979995727539,11.0880002975464,11.1120004653931,456,11.1120004653931,2024-10-25
11.0880002975464,11.1339998245239,11.0620002746582,11.1260004043579,16307,11.1260004043579,2024-10-28
11.1079998016357,11.1579999923706,11.1079998016357,11.1319999694824,333,11.1319999694824,2024-10-29
10.9379997253418,10.9799995422363,10.9379997253418,10.9460000991821,1341,10.9460000991821,2024-10-30
10.8360004425049,10.8360004425049,10.8059997558594,10.8420000076294,1348,10.8420000076294,2024-10-31
10.9320001602173,10.9320001602173,10.9320001602173,10.9540004730225,112,10.9540004730225,2024-11-01
10.9379997253418,10.9499998092651,10.9379997253418,10.9680004119873,51,10.9680004119873,2024-11-04
11.0179996490479,11.0500001907349,11.0179996490479,11.0459995269775,1139,11.0459995269775,2024-11-05
11.1160001754761,11.1160001754761,11.0579996109009,11.0640001296997,19271,11.0640001296997,2024-11-06
11.253999710083,11.253999710083,11.253999710083,11.2580003738403,402,11.2580003738403,2024-11-07
11.1020002365112,11.1459999084473,11.1000003814697,11.0579996109009,5404,11.0579996109009,2024-11-08
11.1400003433228,11.1400003433228,11.1020002365112,11.0699996948242,173,11.0699996948242,2024-11-11
10.9540004730225,10.9540004730225,10.9280004501343,10.8999996185303,964,10.8999996185303,2024-11-12
10.9099998474121,10.9180002212524,10.9099998474121,10.8780002593994,75,10.8780002593994,2024-11-13
10.8819999694824,10.8999996185303,10.8819999694824,10.8699998855591,371,10.8699998855591,2024-11-14
10.8780002593994,10.8859996795654,10.8599996566772,10.8579998016357,11291,10.8579998016357,2024-11-15
10.8940000534058,10.8940000534058,10.8920001983643,10.9300003051758,1204,10.9300003051758,2024-11-18
10.8999996185303,10.9079999923706,10.8999996185303,10.9420003890991,958,10.9420003890991,2024-11-19
10.960000038147,10.9700002670288,10.9280004501343,10.9320001602173,1136,10.9320001602173,2024-11-20
10.8800001144409,10.9759998321533,10.8800001144409,10.9759998321533,9738,10.9759998321533,2024-11-21
11.0159997940063,11.03600025177,11.0120000839233,11.0500001907349,10653,11.0500001907349,2024-11-22
11.0319995880127,11.0319995880127,10.9820003509521,10.9879999160767,13311,10.9879999160767,2024-11-25
10.9440002441406,10.9759998321533,10.9440002441406,10.956000328064,731,10.956000328064,2024-11-26
10.9180002212524,10.9379997253418,10.9180002212524,10.8500003814697,1480,10.8500003814697,2024-11-27
10.8400001525879,10.8400001525879,10.8120002746582,10.8140001296997,34963,10.8140001296997,2024-11-28
10.7880001068115,10.8900003433228,10.7880001068115,10.8959999084473,1250,10.8959999084473,2024-11-29
10.956000328064,10.9720001220703,10.9540004730225,10.9799995422363,1159,10.9799995422363,2024-12-02
10.9879999160767,10.9879999160767,10.9700002670288,10.996000289917,5838,10.996000289917,2024-12-03
11.0659999847412,11.0780000686646,11.0659999847412,11.0120000839233,800,11.0120000839233,2024-12-04
11.0220003128052,11.0539999008179,11.0220003128052,11.043999671936,566,11.043999671936,2024-12-05
11.0520000457764,11.0559997558594,11.0520000457764,11.0319995880127,403,11.0319995880127,2024-12-06
11.1879997253418,11.253999710083,11.1879997253418,11.2880001068115,184,11.2880001068115,2024-12-09
11.1319999694824,11.1579999923706,11.1319999694824,11.1440000534058,1046,11.1440000534058,2024-12-10
11.1459999084473,11.173999786377,11.1459999084473,11.1759996414185,2708,11.1759996414185,2024-12-11
11.2379999160767,11.2519998550415,11.1379995346069,11.1700000762939,25476,11.1700000762939,2024-12-12
11.1700000762939,11.1700000762939,11.1479997634888,11.1239995956421,5510,11.1239995956421,2024-12-13
11.1099996566772,11.1239995956421,11.0959997177124,11.0939998626709,7856,11.0939998626709,2024-12-16
11.043999671936,11.043999671936,10.9980001449585,11.0380001068115,2248,11.0380001068115,2024-12-17
11.0679998397827,11.0719995498657,11.0679998397827,11.0659999847412,726,11.0659999847412,2024-12-18
10.9980001449585,11.0340003967285,10.9720001220703,11.0139999389648,19740,11.0139999389648,2024-12-19
10.9200000762939,10.9200000762939,10.8839998245239,10.9840002059937,10400,10.9840002059937,2024-12-20
10.9659996032715,10.9899997711182,10.9659996032715,11,58,11,2024-12-23
11.0019998550415,11.0019998550415,10.956000328064,10.9659996032715,12535,10.9659996032715,2024-12-27
10.9139995574951,10.9180002212524,10.9139995574951,10.9139995574951,124,10.9139995574951,2024-12-30
10.9320001602173,11.0520000457764,10.9320001602173,11.0640001296997,906,11.0640001296997,2025-01-02
11.0299997329712,11.0299997329712,11.0299997329712,11.0679998397827,391,11.0679998397827,2025-01-03
11.0579996109009,11.0679998397827,11.0579996109009,11.0679998397827,190,11.0679998397827,2025-01-06
11,11.03600025177,11,11.0200004577637,1984,11.0200004577637,2025-01-07
10.9619998931885,10.9820003509521,10.960000038147,10.960000038147,2686,10.960000038147,2025-01-08
10.9659996032715,10.9799995422363,10.9659996032715,10.9720001220703,704,10.9720001220703,2025-01-09
10.8599996566772,10.8999996185303,10.8420000076294,10.8500003814697,18515,10.8500003814697,2025-01-10
10.7799997329712,10.7799997329712,10.7760000228882,10.7959995269775,48,10.7959995269775,2025-01-13
10.9079999923706,10.9079999923706,10.9079999923706,10.8459997177124,167,10.8459997177124,2025-01-14
10.8339996337891,10.9280004501343,10.8339996337891,10.9759998321533,821,10.9759998321533,2025-01-15
11.039999961853,11.0719995498657,11.039999961853,11.0120000839233,524,11.0120000839233,2025-01-16
11.0080003738403,11.043999671936,11.0080003738403,11.1079998016357,1516,11.1079998016357,2025-01-17
11.1120004653931,11.1120004653931,11.0279998779297,11.0699996948242,45172,11.0699996948242,2025-01-20
11.0100002288818,11.0240001678467,11.0100002288818,10.9980001449585,3252,10.9980001449585,2025-01-21
11,11.0120000839233,11,11.0100002288818,1301,11.0100002288818,2025-01-22
10.9940004348755,11.0120000839233,10.9940004348755,11.0299997329712,1435,11.0299997329712,2025-01-23
11.0279998779297,11.0520000457764,11.0279998779297,11.0220003128052,1472,11.0220003128052,2025-01-24
10.8120002746582,10.8400001525879,10.8100004196167,10.793999671936,904,10.793999671936,2025-01-27
10.9119997024536,10.9119997024536,10.8859996795654,10.8620004653931,2257,10.8620004653931,2025-01-28
11.0699996948242,11.0799999237061,11.0539999008179,11.0419998168945,3677,11.0419998168945,2025-01-29
11.0459995269775,11.0979995727539,11.0459995269775,11.1639995574951,1290,11.1639995574951,2025-01-30
11.21399974823,11.2360000610352,11.21399974823,11.1999998092651,371,11.1999998092651,2025-01-31
11.0340003967285,11.0799999237061,11.0340003967285,11.1420001983643,1195,11.1420001983643,2025-02-03
11.1859998703003,11.206000328064,11.1719999313354,11.2480001449585,7974,11.2480001449585,2025-02-04
11.1160001754761,11.1180000305176,11.1160001754761,11.1440000534058,2093,11.1440000534058,2025-02-05
11.2119998931885,11.2220001220703,11.1920003890991,11.2239999771118,2041,11.2239999771118,2025-02-06
11.3079996109009,11.3380002975464,11.2799997329712,11.2659997940063,19056,11.2659997940063,2025-02-07
11.3879995346069,11.3920001983643,11.3739995956421,11.3959999084473,1575,11.3959999084473,2025-02-10
11.3100004196167,11.3599996566772,11.28600025177,11.3540000915527,2823,11.3540000915527,2025-02-11
11.3500003814697,11.3500003814697,11.3120002746582,11.3459997177124,476,11.3459997177124,2025-02-12
11.2959995269775,11.3219995498657,11.2959995269775,11.3459997177124,1763,11.3459997177124,2025-02-13
11.3780002593994,11.3900003433228,11.3780002593994,11.3500003814697,1415,11.3500003814697,2025-02-14
11.4399995803833,11.46399974823,11.4399995803833,11.4720001220703,875,11.4720001220703,2025-02-17
11.543999671936,11.5579996109009,11.5299997329712,11.5260000228882,2793,11.5260000228882,2025-02-18
11.5699996948242,11.5699996948242,11.5179996490479,11.5539999008179,4063,11.5539999008179,2025-02-19
11.5780000686646,11.6379995346069,11.5699996948242,11.5699996948242,4156,11.5699996948242,2025-02-20
11.6379995346069,11.6579999923706,11.6319999694824,11.6560001373291,9415,11.6560001373291,2025-02-21
11.5200004577637,11.5200004577637,11.4079999923706,11.4079999923706,1019,11.4079999923706,2025-02-24
11.3739995956421,11.3819999694824,11.3719997406006,11.3339996337891,1296,11.3339996337891,2025-02-25
11.5459995269775,11.5459995269775,11.5220003128052,11.539999961853,10991,11.539999961853,2025-02-26
11.456000328064,11.5,11.4139995574951,11.4519996643066,11713,11.4519996643066,2025-02-27
11.1479997634888,11.210000038147,11.1479997634888,11.1820001602173,24466,11.1820001602173,2025-02-28
11.2019996643066,11.206000328064,11.1979999542236,11.1560001373291,1590,11.1560001373291,2025-03-03
11.0780000686646,11.0780000686646,10.9720001220703,10.9659996032715,20118,10.9659996032715,2025-03-04
11.1020002365112,11.1059999465942,11.0500001907349,11.0380001068115,9935,11.0380001068115,2025-03-05
11.1140003204346,11.1140003204346,11.0959997177124,11.1040000915527,11749,11.1040000915527,2025-03-06
11.0740003585815,11.0740003585815,10.9919996261597,10.9940004348755,12368,10.9940004348755,2025-03-07
10.9700002670288,10.9700002670288,10.8500003814697,10.8479995727539,6933,10.8479995727539,2025-03-10
10.8380002975464,10.8380002975464,10.7760000228882,10.7760000228882,3500,10.7760000228882,2025-03-11
10.8439998626709,10.8760004043579,10.8439998626709,10.8579998016357,11940,10.8579998016357,2025-03-12
10.8280000686646,10.8579998016357,10.8020000457764,10.8780002593994,26165,10.8780002593994,2025-03-13
10.996000289917,11.0299997329712,10.9840002059937,11.0200004577637,2692,11.0200004577637,2025-03-14
11.1660003662109,11.1660003662109,11.1499996185303,11.1759996414185,440,11.1759996414185,2025-03-17
11.1920003890991,11.1920003890991,11.1459999084473,11.1639995574951,16352,11.1639995574951,2025-03-18
11.1719999313354,11.2220001220703,11.1680002212524,11.2080001831055,9466,11.2080001831055,2025-03-19
11.1780004501343,11.1859998703003,11.1479997634888,11.1359996795654,3372,11.1359996795654,2025-03-20
11.1099996566772,11.1239995956421,11.0900001525879,11.1339998245239,2222,11.1339998245239,2025-03-21
11.1920003890991,11.21399974823,11.1879997253418,11.1999998092651,2181,11.1999998092651,2025-03-24
11.1379995346069,11.1979999542236,11.1379995346069,11.173999786377,14114,11.173999786377,2025-03-25
11.1879997253418,11.1879997253418,11.1280002593994,11.1359996795654,20208,11.1359996795654,2025-03-26
11.1879997253418,11.1879997253418,11.1879997253418,11.1879997253418,223,11.1879997253418,2025-03-27
11.0520000457764,11.0559997558594,11.0520000457764,10.9320001602173,3142,10.9320001602173,2025-03-28
10.8219995498657,10.8599996566772,10.8140001296997,10.8559999465942,11061,10.8559999465942,2025-03-31
10.9280004501343,10.9340000152588,10.8979997634888,10.9820003509521,19694,10.9820003509521,2025-04-01
10.956000328064,10.956000328064,10.8959999084473,10.9099998474121,37640,10.9099998474121,2025-04-02
10.5260000228882,10.5340003967285,10.5260000228882,10.5340003967285,4493,10.5340003967285,2025-04-03
10.4820003509521,10.4820003509521,9.98700046539307,10.0220003128052,240,10.0220003128052,2025-04-04
9.37100028991699,9.80399990081787,9.37100028991699,9.62600040435791,52495,9.62600040435791,2025-04-07
9.75800037384033,9.93299961090088,9.72999954223633,9.8149995803833,5450,9.8149995803833,2025-04-08
9.5,9.52799987792969,9.38899993896484,9.46100044250488,12168,9.46100044250488,2025-04-09
10.2880001068115,10.2880001068115,9.80099964141846,9.80099964141846,423,9.80099964141846,2025-04-10
9.84000015258789,9.85599994659424,9.77299976348877,9.78299999237061,2022,9.78299999237061,2025-04-11
9.99300003051758,10.0459995269775,9.98600006103516,10.0299997329712,3562,10.0299997329712,2025-04-14
10.0659999847412,10.1180000305176,10.0659999847412,10.1099996566772,12824,10.1099996566772,2025-04-15
9.88899993896484,9.9980001449585,9.88899993896484,9.99899959564209,11867,9.99899959564209,2025-04-16
10.0200004577637,10.0719995498657,10.0159997940063,10.0019998550415,36619,10.0019998550415,2025-04-17
9.98600006103516,10.0319995880127,9.96599960327148,10.0319995880127,1246,10.0319995880127,2025-04-22
10.2440004348755,10.3100004196167,10.2440004348755,10.2799997329712,22132,10.2799997329712,2025-04-23
10.2180004119873,10.289999961853,10.2180004119873,10.3179998397827,4078,10.3179998397827,2025-04-24
10.2840003967285,10.2840003967285,10.2760000228882,10.2740001678467,10412,10.2740001678467,2025-04-25
10.3439998626709,10.3579998016357,10.3360004425049,10.2959995269775,10801,10.2959995269775,2025-04-28
10.3620004653931,10.3620004653931,10.3400001525879,10.3520002365112,6594,10.3520002365112,2025-04-29
10.3579998016357,10.3739995956421,10.3520002365112,10.3920001983643,21161,10.3920001983643,2025-04-30
10.7200002670288,10.7880001068115,10.6979999542236,10.7239999771118,1268,10.7239999771118,2025-05-02
10.8439998626709,10.8439998626709,10.8219995498657,10.8739995956421,2016,10.8739995956421,2025-05-05
10.7620000839233,10.7620000839233,10.7620000839233,10.7959995269775,1007,10.7959995269775,2025-05-06
10.673999786377,10.6979999542236,10.673999786377,10.6599998474121,947,10.6599998474121,2025-05-07
10.7419996261597,10.7419996261597,10.6879997253418,10.7299995422363,1959,10.7299995422363,2025-05-08
10.8100004196167,10.8420000076294,10.7740001678467,10.7880001068115,1272,10.7880001068115,2025-05-09
11.1599998474121,11.1599998474121,11.1599998474121,11.1520004272461,2582,11.1520004272461,2025-05-12
11.0819997787476,11.1400003433228,11.0819997787476,11.1459999084473,3737,11.1459999084473,2025-05-13
11.1639995574951,11.210000038147,11.1599998474121,11.2220001220703,8096,11.2220001220703,2025-05-14
11.173999786377,11.173999786377,11.1599998474121,11.1759996414185,11183,11.1759996414185,2025-05-15
11.1800003051758,11.1800003051758,11.1660003662109,11.1920003890991,6546,11.1920003890991,2025-05-16
11.0780000686646,11.0799999237061,11.0100002288818,11.1059999465942,8069,11.1059999465942,2025-05-19
11.1040000915527,11.1099996566772,11.1040000915527,11.0819997787476,1209,11.0819997787476,2025-05-20
11.0780000686646,11.0860004425049,11.0780000686646,11.0819997787476,1403,11.0819997787476,2025-05-21
10.9659996032715,10.9820003509521,10.9659996032715,11.0179996490479,1878,11.0179996490479,2025-05-22
10.9499998092651,10.9840002059937,10.9200000762939,10.9840002059937,1452,10.9840002059937,2025-05-23
10.9799995422363,10.996000289917,10.9799995422363,10.9799995422363,917,10.9799995422363,2025-05-26
10.9659996032715,10.9720001220703,10.9259996414185,10.9700002670288,20682,10.9700002670288,2025-05-27
10.9840002059937,10.9919996261597,10.9840002059937,10.9659996032715,266,10.9659996032715,2025-05-28
11.0579996109009,11.0579996109009,11.0100002288818,10.9379997253418,2584,10.9379997253418,2025-05-29
10.9040002822876,10.9040002822876,10.8520002365112,10.8199996948242,243,10.8199996948242,2025-05-30
10.7419996261597,10.7419996261597,10.7259998321533,10.7659997940063,1925,10.7659997940063,2025-06-02
10.8360004425049,10.8680000305176,10.8360004425049,10.8819999694824,572,10.8819999694824,2025-06-03
10.9739999771118,11,10.9739999771118,10.9820003509521,1705,10.9820003509521,2025-06-04
11.0279998779297,11.0699996948242,11.0279998779297,11.0659999847412,13239,11.0659999847412,2025-06-05
11.0559997558594,11.0979995727539,11.0539999008179,11.0880002975464,1366,11.0880002975464,2025-06-06
11.1639995574951,11.1859998703003,11.1639995574951,11.1820001602173,1045,11.1820001602173,2025-06-09
11.2159996032715,11.2279996871948,11.2019996643066,11.210000038147,16034,11.210000038147,2025-06-10
11.2600002288818,11.2840003967285,11.2600002288818,11.2580003738403,1339,11.2580003738403,2025-06-11
11.1040000915527,11.1079998016357,11.1040000915527,11.1379995346069,1366,11.1379995346069,2025-06-12
11.0159997940063,11.039999961853,11.0159997940063,11.0179996490479,10176,11.0179996490479,2025-06-13
11.0520000457764,11.1400003433228,11.0520000457764,11.1420001983643,28940,11.1420001983643,2025-06-16
11.0480003356934,11.0480003356934,11.0480003356934,11.0819997787476,389,11.0819997787476,2025-06-17
11.03600025177,11.0520000457764,11.03600025177,11.03600025177,3773,11.03600025177,2025-06-18
10.9259996414185,10.9259996414185,10.9259996414185,10.9119997024536,719,10.9119997024536,2025-06-19
11.0120000839233,11.076000213623,10.9799995422363,10.9799995422363,2191,10.9799995422363,2025-06-20
10.9659996032715,11.0059995651245,10.9659996032715,10.9739999771118,10231,10.9739999771118,2025-06-23
11.1459999084473,11.1459999084473,11.1459999084473,11.2080001831055,412,11.2080001831055,2025-06-24
11.2639999389648,11.2700004577637,11.2639999389648,11.2279996871948,314,11.2279996871948,2025-06-25
11.2080001831055,11.2360000610352,11.2080001831055,11.2360000610352,2344,11.2360000610352,2025-06-26
11.1840000152588,11.2080001831055,11.1800003051758,11.2080001831055,5212,11.2080001831055,2025-06-27
11.1619997024536,11.1700000762939,11.1619997024536,11.1560001373291,5505,11.1560001373291,2025-06-30
11.1780004501343,11.1859998703003,11.1780004501343,11.1719999313354,1607,11.1719999313354,2025-07-01
11.1800003051758,11.1999998092651,11.1800003051758,11.1999998092651,850,11.1999998092651,2025-07-02
11.2220001220703,11.2220001220703,11.2220001220703,11.2980003356934,119,11.2980003356934,2025-07-03
11.1700000762939,11.1840000152588,11.1700000762939,11.173999786377,14610,11.173999786377,2025-07-04
11.1859998703003,11.2259998321533,11.1859998703003,11.206000328064,8914,11.206000328064,2025-07-07
11.2440004348755,11.2440004348755,11.2440004348755,11.2440004348755,34,11.2440004348755,2025-07-08
11.2399997711182,11.2659997940063,11.2399997711182,11.21399974823,5626,11.21399974823,2025-07-09
11.2620000839233,11.2620000839233,11.2440004348755,11.2639999389648,447,11.2639999389648,2025-07-10
11.2659997940063,11.2659997940063,11.246000289917,11.2399997711182,227,11.2399997711182,2025-07-11
11.2519998550415,11.2679996490479,11.2519998550415,11.2620000839233,2433,11.2620000839233,2025-07-14
11.3800001144409,11.4060001373291,11.3800001144409,11.4180002212524,3207,11.4180002212524,2025-07-15
11.4099998474121,11.4300003051758,11.4099998474121,11.3699998855591,1057,11.3699998855591,2025-07-16
11.496000289917,11.496000289917,11.4720001220703,11.5559997558594,1568,11.5559997558594,2025-07-17
11.5260000228882,11.5500001907349,11.5260000228882,11.5200004577637,675,11.5200004577637,2025-07-18
11.5340003967285,11.539999961853,11.5200004577637,11.539999961853,712,11.539999961853,2025-07-21
11.4659996032715,11.4840002059937,11.4540004730225,11.460000038147,3709,11.460000038147,2025-07-22
11.5480003356934,11.5819997787476,11.5480003356934,11.5679998397827,1794,11.5679998397827,2025-07-23
11.5600004196167,11.5600004196167,11.5260000228882,11.5220003128052,2200,11.5220003128052,2025-07-24
11.4799995422363,11.5,11.4659996032715,11.4680004119873,2192,11.4680004119873,2025-07-25
11.5419998168945,11.5559997558594,11.5419998168945,11.5559997558594,10422,11.5559997558594,2025-07-28
11.6180000305176,11.6599998474121,11.6180000305176,11.6420001983643,6644,11.6420001983643,2025-07-29
11.6619997024536,11.6619997024536,11.6619997024536,11.6440000534058,6,11.6440000534058,2025-07-30
11.6979999542236,11.6979999542236,11.6499996185303,11.6260004043579,553,11.6260004043579,2025-07-31
11.5260000228882,11.5260000228882,11.4359998703003,11.3760004043579,434,11.3760004043579,2025-08-01
11.4799995422363,11.496000289917,11.4799995422363,11.4739999771118,5243,11.4739999771118,2025-08-04
11.5559997558594,11.576000213623,11.5100002288818,11.5100002288818,11148,11.5100002288818,2025-08-05
11.5520000457764,11.5520000457764,11.4899997711182,11.4919996261597,23224,11.4919996261597,2025-08-06
11.6319999694824,11.6499996185303,11.6280002593994,11.6280002593994,3237,11.6280002593994,2025-08-07
11.5799999237061,11.5799999237061,11.5740003585815,11.5799999237061,367,11.5799999237061,2025-08-08
11.6199998855591,11.6260004043579,11.6199998855591,11.6260004043579,1002,11.6260004043579,2025-08-11
11.6440000534058,11.6459999084473,11.6379995346069,11.6579999923706,7497,11.6579999923706,2025-08-12
11.78600025177,11.8059997558594,11.7799997329712,11.7819995880127,1076,11.7819995880127,2025-08-13
11.71399974823,11.71399974823,11.71399974823,11.6820001602173,124,11.6820001602173,2025-08-14
11.7379999160767,11.7399997711182,11.7379999160767,11.7360000610352,1146,11.7360000610352,2025-08-18
11.7239999771118,11.7239999771118,11.6960000991821,11.6960000991821,1205,11.6960000991821,2025-08-19
11.6800003051758,11.6820001602173,11.6639995574951,11.6379995346069,564,11.6379995346069,2025-08-20
11.6379995346069,11.7019996643066,11.6280002593994,11.7019996643066,13801,11.7019996643066,2025-08-21
11.7519998550415,11.7519998550415,11.7519998550415,11.7779998779297,8979,11.7779998779297,2025-08-22
11.8179998397827,11.8179998397827,11.8020000457764,11.8339996337891,9514,11.8339996337891,2025-08-25
11.789999961853,11.8179998397827,11.7880001068115,11.7779998779297,1837,11.7779998779297,2025-08-26
11.793999671936,11.793999671936,11.7200002670288,11.7320003509521,2553,11.7320003509521,2025-08-27
11.6800003051758,11.6859998703003,11.6800003051758,11.7180004119873,7,11.7180004119873,2025-08-28
11.6840000152588,11.6840000152588,11.6339998245239,11.6300001144409,1238,11.6300001144409,2025-08-29
11.6639995574951,11.6639995574951,11.6639995574951,11.6579999923706,77,11.6579999923706,2025-09-01
11.6160001754761,11.6579999923706,11.6160001754761,11.6479997634888,2336,11.6479997634888,2025-09-02
11.7239999771118,11.7399997711182,11.7239999771118,11.6979999542236,634,11.6979999542236,2025-09-03
11.6660003662109,11.673999786377,11.6660003662109,11.6759996414185,1366,11.6759996414185,2025-09-04
11.7760000228882,11.7760000228882,11.7180004119873,11.7220001220703,57,11.7220001220703,2025-09-05
11.8240003585815,11.8240003585815,11.8199996948242,11.8199996948242,3869,11.8199996948242,2025-09-08
11.8839998245239,11.9340000152588,11.8839998245239,11.9340000152588,1408,11.9340000152588,2025-09-09
12.0459995269775,12.0679998397827,12.0459995269775,12.0679998397827,95,12.0679998397827,2025-09-10
12.1000003814697,12.1420001983643,12.1000003814697,12.1520004272461,197,12.1520004272461,2025-09-11
12.1859998703003,12.2119998931885,12.1859998703003,12.1780004501343,878,12.1780004501343,2025-09-12
12.21399974823,12.2299995422363,12.1979999542236,12.2259998321533,3391,12.2259998321533,2025-09-15
12.2559995651245,12.2559995651245,12.2279996871948,12.1940002441406,1815,12.1940002441406,2025-09-16
12.293999671936,12.3199996948242,12.28600025177,12.2919998168945,15066,12.2919998168945,2025-09-17
12.289999961853,12.3240003585815,12.2760000228882,12.3159999847412,4492,12.3159999847412,2025-09-18
12.3179998397827,12.3319997787476,12.3140001296997,12.3140001296997,3491,12.3140001296997,2025-09-19
12.3140001296997,12.3219995498657,12.293999671936,12.3020000457764,523,12.3020000457764,2025-09-22
12.2919998168945,12.3940000534058,12.2919998168945,12.3780002593994,8210,12.3780002593994,2025-09-23
12.3920001983643,12.3999996185303,12.3920001983643,12.4020004272461,1859,12.4020004272461,2025-09-24
12.3680000305176,12.3680000305176,12.3120002746582,12.3599996566772,2044,12.3599996566772,2025-09-25
12.2419996261597,12.253999710083,12.1960000991821,12.2419996261597,72371,12.2419996261597,2025-09-26
12.3559999465942,12.3839998245239,12.3559999465942,12.3920001983643,571,12.3920001983643,2025-09-29
12.3780002593994,12.4160003662109,12.3780002593994,12.3879995346069,6513,12.3879995346069,2025-09-30
NA,NA,NA,NA,NA,NA,2025-10-01
12.6160001754761,12.6300001144409,12.6000003814697,12.6040000915527,2321,12.6040000915527,2025-10-02
