"ICOS.MI.Open","ICOS.MI.High","ICOS.MI.Low","ICOS.MI.Close","ICOS.MI.Volume","ICOS.MI.Adjusted","Date"
15.6599998474121,16.4799995422363,15.2799997329712,16.3199996948242,106930,15.6940202713013,2021-11-11
16.6000003814697,16.6399993896484,15.5799999237061,15.6400003433228,88539,15.0401029586792,2021-11-12
15.8199996948242,16.6000003814697,15.5600004196167,16.1599998474121,131763,15.5401573181152,2021-11-15
16.2399997711182,16.2999992370605,15.8199996948242,16.0599994659424,64538,15.4439926147461,2021-11-16
15.8400001525879,16,15.8000001907349,15.8400001525879,11909,15.2324304580688,2021-11-17
15.8000001907349,16.0400009155273,15.5200004577637,16.0400009155273,90407,15.4247608184814,2021-11-18
15.7600002288818,16.2000007629395,15.5,15.5,69786,14.9054727554321,2021-11-19
15.3999996185303,15.9799995422363,15.3999996185303,15.6800003051758,13899,15.0785694122314,2021-11-22
15.7399997711182,15.8599996566772,15.5200004577637,15.539999961853,75622,14.9439382553101,2021-11-23
15.5200004577637,15.7200002670288,14.8199996948242,15.7200002670288,77954,15.1170349121094,2021-11-24
15.7600002288818,15.9799995422363,15.0200004577637,15.5600004196167,31842,14.9631719589233,2021-11-25
15.1000003814697,15.6800003051758,14.8599996566772,15.1999998092651,27473,14.616979598999,2021-11-26
15.5200004577637,15.6599998474121,15.2200002670288,15.2799997329712,22167,14.6939115524292,2021-11-29
15.1000003814697,15.2600002288818,14.8999996185303,15,11081,14.4246511459351,2021-11-30
15.1199998855591,15.3800001144409,15.0600004196167,15.2600002288818,13170,14.6746788024902,2021-12-01
15.0600004196167,15.1999998092651,14.8000001907349,15,10708,14.4246511459351,2021-12-02
15.039999961853,15.0799999237061,14.460000038147,14.8000001907349,7979,14.2323236465454,2021-12-03
14.8000001907349,15.2799997329712,14.5799999237061,15.1999998092651,20715,14.616979598999,2021-12-06
15.2799997329712,15.6999998092651,15.2799997329712,15.5200004577637,19890,14.9247064590454,2021-12-07
15.6800003051758,15.7600002288818,15.2799997329712,15.5,20677,14.9054727554321,2021-12-08
15.5,15.6599998474121,15.3199996948242,15.3199996948242,10989,14.7323760986328,2021-12-09
15.5799999237061,15.5799999237061,15.1000003814697,15.1000003814697,4517,14.5208158493042,2021-12-10
15.1000003814697,15.3999996185303,15,15.0600004196167,35369,14.4823503494263,2021-12-13
15.2799997329712,15.3999996185303,15,15.039999961853,54159,14.463116645813,2021-12-14
15,15.2399997711182,14.7200002670288,14.9799995422363,81706,14.4054174423218,2021-12-15
14.960000038147,15,14.5799999237061,14.6000003814697,47594,14.0399942398071,2021-12-16
14.6000003814697,14.6000003814697,13.960000038147,14.2600002288818,65293,13.7130346298218,2021-12-17
13.8999996185303,14.0600004196167,13.6599998474121,13.9799995422363,69505,13.4437742233276,2021-12-20
14.1000003814697,14.4799995422363,13.9799995422363,13.9799995422363,34219,13.4437742233276,2021-12-21
14.3199996948242,14.3199996948242,13.8999996185303,14.2600002288818,6031,13.7130346298218,2021-12-22
14.2600002288818,14.4200000762939,14.2399997711182,14.3999996185303,22783,13.8476638793945,2021-12-23
14.2399997711182,14.5799999237061,14.2399997711182,14.5799999237061,13990,14.0207605361938,2021-12-27
14.5200004577637,14.6400003433228,14.4399995803833,14.4799995422363,28912,13.9245958328247,2021-12-28
14.460000038147,14.5799999237061,14.2600002288818,14.2600002288818,9957,13.7130346298218,2021-12-29
14.3000001907349,14.3400001525879,14.039999961853,14.0600004196167,8817,13.5207061767578,2021-12-30
13.8400001525879,14.2600002288818,13.8400001525879,14.0600004196167,21560,13.5207061767578,2022-01-03
14.0600004196167,14.1599998474121,13.8999996185303,14,18250,13.4630069732666,2022-01-04
14.0799999237061,14.2399997711182,13.6000003814697,13.8000001907349,43941,13.270679473877,2022-01-05
13.8400001525879,13.8400001525879,13.1999998092651,13.3999996185303,41427,12.8860216140747,2022-01-06
13.7200002670288,13.8199996948242,13.1800003051758,13.2799997329712,36059,12.7706241607666,2022-01-07
13.1800003051758,13.4799995422363,13.1199998855591,13.1199998855591,27508,12.6167612075806,2022-01-10
13.3199996948242,13.3999996185303,12.960000038147,13.3199996948242,77913,12.8090896606445,2022-01-11
13.5,13.6599998474121,13,13.6000003814697,70236,13.0783500671387,2022-01-12
13.460000038147,13.6999998092651,13.3999996185303,13.6800003051758,41877,13.1552820205688,2022-01-13
13.5,13.8199996948242,13.4799995422363,13.7200002670288,54666,13.1937475204468,2022-01-14
14,14,13.3400001525879,13.6400003433228,26045,13.1168155670166,2022-01-17
13.4399995803833,13.7200002670288,13.1400003433228,13.5799999237061,83814,13.0591173171997,2022-01-18
13.6999998092651,13.6999998092651,13.1800003051758,13.1800003051758,62308,12.6744594573975,2022-01-19
13.3999996185303,13.539999961853,13.1999998092651,13.4799995422363,24333,12.9629526138306,2022-01-20
13.2399997711182,13.3000001907349,12.8999996185303,12.9799995422363,54490,12.4821300506592,2022-01-21
12.9200000762939,12.960000038147,12.5200004577637,12.5600004196167,30733,12.0782413482666,2022-01-24
12.5200004577637,12.6400003433228,12.0799999237061,12.2799997329712,55554,11.8089799880981,2022-01-25
12.3800001144409,12.6000003814697,12.2200002670288,12.5,41198,12.0205421447754,2022-01-26
12.2399997711182,12.3599996566772,12.1599998474121,12.3000001907349,44815,11.8282136917114,2022-01-27
12.3800001144409,12.3800001144409,11.8400001525879,12.1999998092651,71712,11.7320489883423,2022-01-28
12.2399997711182,12.7600002288818,12.0600004196167,12.7399997711182,59171,12.2513360977173,2022-01-31
12.7600002288818,13.2600002288818,12.6000003814697,12.8199996948242,38827,12.3282680511475,2022-02-01
12.8400001525879,12.8999996185303,12.6599998474121,12.8199996948242,23840,12.3282680511475,2022-02-02
12.7200002670288,13.1800003051758,12.6800003051758,13.1599998474121,20661,12.6552267074585,2022-02-03
13.0200004577637,13.1199998855591,12.6999998092651,13.039999961853,27576,12.5398302078247,2022-02-04
13.0799999237061,13.0799999237061,12.6199998855591,12.8599996566772,17275,12.3667345046997,2022-02-07
12.8800001144409,12.8800001144409,12.3999996185303,12.6199998855591,22454,12.1359395980835,2022-02-08
13.039999961853,13.3199996948242,12.8999996185303,12.960000038147,59204,12.4628973007202,2022-02-09
12.9200000762939,13.1800003051758,12.7200002670288,12.8800001144409,17790,12.3859672546387,2022-02-10
12.7200002670288,13,12.5200004577637,12.7399997711182,68260,12.2513360977173,2022-02-11
12.5600004196167,12.5799999237061,12.1999998092651,12.4799995422363,16328,12.0013093948364,2022-02-14
12.5,12.8599996566772,12.5,12.7600002288818,28303,12.2705698013306,2022-02-15
12.8400001525879,12.9799995422363,12.6999998092651,12.8199996948242,21775,12.3282680511475,2022-02-16
12.8800001144409,13.1000003814697,12.6599998474121,12.8599996566772,77040,12.3667345046997,2022-02-17
12.8599996566772,12.8999996185303,12.6599998474121,12.8000001907349,27888,12.3090362548828,2022-02-18
12.7399997711182,12.7399997711182,12.4200000762939,12.7399997711182,14203,12.2513360977173,2022-02-21
12.6199998855591,12.8199996948242,12.3000001907349,12.7600002288818,17505,12.2705698013306,2022-02-22
12.8599996566772,13.1800003051758,12.6599998474121,12.6800003051758,37444,12.1936388015747,2022-02-23
12.5799999237061,12.6599998474121,11.8199996948242,12.3800001144409,23088,11.9051456451416,2022-02-24
12.3999996185303,12.6999998092651,12.1199998855591,12.6999998092651,5114,12.2128705978394,2022-02-25
12.6000003814697,12.8000001907349,12.4399995803833,12.5600004196167,19525,12.0782413482666,2022-02-28
12.5600004196167,12.5799999237061,12.1599998474121,12.3999996185303,9685,11.9243783950806,2022-03-01
12.2600002288818,12.3199996948242,11.8199996948242,11.8400001525879,30466,11.3858575820923,2022-03-02
11.8999996185303,11.960000038147,11.6400003433228,11.9200000762939,13721,11.4627895355225,2022-03-03
11.6400003433228,11.6400003433228,10.7200002670288,11.1000003814697,47563,10.6742420196533,2022-03-04
11.1999998092651,11.1999998092651,9.89000034332275,11.1999998092651,49010,10.7704048156738,2022-03-07
11.0200004577637,11.2600002288818,10.6999998092651,10.9200000762939,41339,10.5011463165283,2022-03-08
11.1000003814697,11.3999996185303,10.8400001525879,11.1000003814697,55863,10.6742420196533,2022-03-09
11.2799997329712,12,11.0200004577637,11.6000003814697,273384,11.1550636291504,2022-03-10
11.6400003433228,11.8400001525879,11.3999996185303,11.7600002288818,95057,11.3089265823364,2022-03-11
11.6000003814697,12.2399997711182,11.6000003814697,12.1000003814697,41843,11.6358842849731,2022-03-14
12.0799999237061,12.3400001525879,11.6199998855591,12.3400001525879,118173,11.8666801452637,2022-03-15
12.1199998855591,12.5,12.1000003814697,12.3199996948242,24361,11.8474464416504,2022-03-16
12.2399997711182,12.5200004577637,12.2399997711182,12.3999996185303,13547,11.9243783950806,2022-03-17
12.3999996185303,12.6599998474121,12.1199998855591,12.3800001144409,194662,11.9051456451416,2022-03-18
12.3000001907349,12.4399995803833,12.2399997711182,12.3800001144409,21761,11.9051456451416,2022-03-21
12.3800001144409,12.3800001144409,12.1400003433228,12.2399997711182,15977,11.7705144882202,2022-03-22
12.0799999237061,12.2600002288818,11.8999996185303,12,17943,11.5397214889526,2022-03-23
12,12.0799999237061,11.6999998092651,11.960000038147,94458,11.5012559890747,2022-03-24
11.8999996185303,12.0799999237061,11.8000001907349,11.9799995422363,230549,11.5204877853394,2022-03-25
11.9799995422363,12.2399997711182,11.8999996185303,12.1400003433228,30156,11.6743516921997,2022-03-28
12.2600002288818,12.3199996948242,12.1000003814697,12.1999998092651,58338,11.7320489883423,2022-03-29
12.2399997711182,12.2600002288818,11.7799997329712,12.0799999237061,90549,11.6166515350342,2022-03-30
12.1599998474121,12.6400003433228,12.1199998855591,12.539999961853,105663,12.0590076446533,2022-03-31
12.3999996185303,12.5200004577637,12.1999998092651,12.210000038147,16088,11.7416658401489,2022-04-01
12.3999996185303,12.3999996185303,12.0900001525879,12.2399997711182,39681,11.7705144882202,2022-04-04
12.3999996185303,12.9300003051758,12.3999996185303,12.789999961853,112096,12.2994194030762,2022-04-05
12.6599998474121,12.6700000762939,12.039999961853,12.3000001907349,75979,11.8282136917114,2022-04-06
12.5200004577637,12.9200000762939,12.3400001525879,12.6999998092651,57465,12.2128705978394,2022-04-07
12.7200002670288,12.789999961853,12.3000001907349,12.4499998092651,19298,11.9724607467651,2022-04-08
12.4499998092651,12.4499998092651,12.039999961853,12.1800003051758,32979,11.7128171920776,2022-04-11
12.1000003814697,12.6199998855591,12.0500001907349,12.2200002670288,51913,11.7512826919556,2022-04-12
12.3999996185303,12.5699996948242,12.1800003051758,12.210000038147,34921,11.7416658401489,2022-04-13
12.3000001907349,12.710000038147,12.289999961853,12.5100002288818,21276,12.030158996582,2022-04-14
12.5,12.5600004196167,12.1999998092651,12.5600004196167,18000,12.0782413482666,2022-04-19
12.8599996566772,14.1099996566772,12.7200002670288,13.5,246829,12.9821853637695,2022-04-20
13.6000003814697,13.8299999237061,13.2799997329712,13.789999961853,100165,13.2610626220703,2022-04-21
13.8100004196167,13.8800001144409,13.4899997711182,13.6000003814697,96370,13.0783500671387,2022-04-22
13.4799995422363,13.4799995422363,13.1599998474121,13.1599998474121,10754,12.6552267074585,2022-04-25
13.0600004196167,13.4499998092651,13.0100002288818,13.1800003051758,29281,12.6744594573975,2022-04-26
13.0600004196167,13.1899995803833,12.8599996566772,12.9499998092651,50078,12.4532814025879,2022-04-27
12.960000038147,13.2600002288818,12.960000038147,13.1199998855591,9073,12.6167612075806,2022-04-28
13.3999996185303,13.3999996185303,12.8000001907349,13.3999996185303,57830,12.8860216140747,2022-04-29
13.3900003433228,13.3900003433228,12.5600004196167,12.8999996185303,18650,12.4052000045776,2022-05-02
12.8000001907349,12.9099998474121,12.6499996185303,12.6499996185303,23770,12.1647882461548,2022-05-03
12.8000001907349,12.8000001907349,12.2200002670288,12.3299999237061,38398,11.857063293457,2022-05-04
12.4300003051758,12.4700002670288,12.0900001525879,12.25,12353,11.7801322937012,2022-05-05
12.1599998474121,12.1599998474121,11.6599998474121,11.9899997711182,43347,11.5301036834717,2022-05-06
12.1599998474121,12.1599998474121,11.5299997329712,11.9399995803833,44715,11.4820222854614,2022-05-09
11.8800001144409,12.4099998474121,11.8199996948242,12.3800001144409,54519,11.9051456451416,2022-05-10
12.4799995422363,13.1300001144409,12.210000038147,12.8999996185303,53178,12.4052000045776,2022-05-11
12.8800001144409,13.0100002288818,12.5,13.0100002288818,17714,12.5109806060791,2022-05-12
12.8800001144409,12.9300003051758,12.2399997711182,12.2399997711182,100100,11.7705144882202,2022-05-13
12.2200002670288,12.3100004196167,11.8199996948242,11.8500003814697,21255,11.3954744338989,2022-05-16
11.8599996566772,12.1499996185303,11.8100004196167,12.1499996185303,41589,11.6839666366577,2022-05-17
12.2200002670288,12.3400001525879,11.7299995422363,11.8599996566772,26501,11.4050903320312,2022-05-18
11.6199998855591,11.6999998092651,11.3699998855591,11.539999961853,53035,11.0973644256592,2022-05-19
11.8000001907349,11.8999996185303,11.6000003814697,11.8000001907349,35125,11.3473920822144,2022-05-20
11.7600002288818,12.2600002288818,11.6800003051758,12.2600002288818,34842,11.7897481918335,2022-05-23
12.0100002288818,12.289999961853,11.9700002670288,12.1899995803833,34461,11.7224321365356,2022-05-24
12.039999961853,12.7799997329712,12.039999961853,12.3999996185303,33734,11.9243783950806,2022-05-25
12.4700002670288,12.6300001144409,12.1999998092651,12.6000003814697,19683,12.1167068481445,2022-05-26
12.5799999237061,12.8100004196167,12.5799999237061,12.6199998855591,13065,12.1359395980835,2022-05-27
12.6099996566772,12.9799995422363,12.6099996566772,12.8999996185303,24892,12.4052000045776,2022-05-30
13.0600004196167,13.0600004196167,12.5500001907349,12.9099998474121,37220,12.4148168563843,2022-05-31
12.8999996185303,12.8999996185303,12.6099996566772,12.7200002670288,15956,12.2321043014526,2022-06-01
12.8599996566772,12.9499998092651,12.7799997329712,12.7799997329712,1847,12.2898025512695,2022-06-02
12.8599996566772,13.1499996185303,12.8599996566772,13.1499996185303,9829,12.6456108093262,2022-06-03
12.8800001144409,13.4200000762939,12.8800001144409,13,14891,12.5013628005981,2022-06-06
12.8800001144409,13.3800001144409,12.8800001144409,13.2299995422363,29207,12.722541809082,2022-06-07
13.0699996948242,13.3400001525879,13,13.0900001525879,23423,12.587911605835,2022-06-08
13.0600004196167,13.4899997711182,12.9499998092651,13.0699996948242,39443,12.5686779022217,2022-06-09
13.0600004196167,13.2399997711182,12.8100004196167,12.960000038147,57560,12.4628973007202,2022-06-10
13.0600004196167,13.0600004196167,12.7299995422363,12.9499998092651,63375,12.4532814025879,2022-06-13
12.9499998092651,12.9899997711182,12.6599998474121,12.75,41978,12.2609539031982,2022-06-14
12.6999998092651,13.3400001525879,12.6999998092651,13.0699996948242,76384,12.5686779022217,2022-06-15
12.8800001144409,13.039999961853,12.7200002670288,12.9399995803833,40723,12.4436655044556,2022-06-16
13.210000038147,13.8599996566772,12.960000038147,13.5200004577637,1088974,13.0014190673828,2022-06-17
13.7799997329712,13.7799997329712,13.1199998855591,13.1800003051758,41701,12.6744594573975,2022-06-20
13.2399997711182,13.3400001525879,12.9399995803833,12.9399995803833,44631,12.4436655044556,2022-06-21
13.0200004577637,13.0200004577637,12.7200002670288,12.8299999237061,25916,12.3378849029541,2022-06-22
12.8400001525879,12.8400001525879,12.6400003433228,12.7600002288818,20475,12.2705698013306,2022-06-23
12.6499996185303,12.9700002670288,12.6400003433228,12.8000001907349,36559,12.3090362548828,2022-06-24
12.8000001907349,12.960000038147,12.7700004577637,12.960000038147,44574,12.4628973007202,2022-06-27
12.9700002670288,13.0100002288818,12.789999961853,12.8199996948242,34152,12.3282680511475,2022-06-28
12.6999998092651,12.8000001907349,12.3800001144409,12.4899997711182,39212,12.0109252929688,2022-06-29
12.3400001525879,12.539999961853,11.9799995422363,12.539999961853,34086,12.0590076446533,2022-06-30
12.3400001525879,12.6199998855591,12.3400001525879,12.5699996948242,18357,12.0878572463989,2022-07-01
12.6300001144409,12.6899995803833,12.5200004577637,12.5500001907349,6548,12.06862449646,2022-07-04
12.4799995422363,12.5900001525879,12.2399997711182,12.3599996566772,9153,11.8859128952026,2022-07-05
12.2799997329712,12.4899997711182,12.2799997329712,12.4700002670288,6760,11.9916944503784,2022-07-06
12.3599996566772,12.789999961853,12.3599996566772,12.7399997711182,17974,12.2513360977173,2022-07-07
12.6000003814697,13.0500001907349,12.6000003814697,13.0500001907349,14062,12.549446105957,2022-07-08
12.8100004196167,13.0500001907349,12.8100004196167,13.0200004577637,6203,12.5205974578857,2022-07-11
12.8599996566772,13.0600004196167,12.8500003814697,12.9399995803833,17308,12.4436655044556,2022-07-12
12.8699998855591,12.9799995422363,12.7799997329712,12.9300003051758,6977,12.4340505599976,2022-07-13
12.8199996948242,12.8400001525879,12.2299995422363,12.5,21249,12.0205421447754,2022-07-14
12.3599996566772,12.789999961853,12.3400001525879,12.6700000762939,9566,12.1840219497681,2022-07-15
12.6700000762939,12.6700000762939,12.4399995803833,12.4899997711182,13252,12.0109252929688,2022-07-18
12.3400001525879,12.6599998474121,12.3400001525879,12.6499996185303,4248,12.1647882461548,2022-07-19
12.5699996948242,12.8699998855591,12.539999961853,12.8699998855591,11320,12.376350402832,2022-07-20
12.5799999237061,12.9799995422363,12.5799999237061,12.9200000762939,16515,12.4244327545166,2022-07-21
12.9499998092651,13.0900001525879,12.8299999237061,13.0600004196167,21056,12.5590629577637,2022-07-22
12.8999996185303,13.1499996185303,12.8999996185303,13.1300001144409,13780,12.6263780593872,2022-07-25
12.9499998092651,13.3999996185303,12.9499998092651,13.1000003814697,37878,12.5975284576416,2022-07-26
13.0699996948242,13.3999996185303,13.0100002288818,13.3999996185303,17429,12.8860216140747,2022-07-27
13.4200000762939,13.5299997329712,13.1999998092651,13.3100004196167,26678,12.7994737625122,2022-07-28
13.0799999237061,13.4399995803833,13.0799999237061,13.25,90193,12.741774559021,2022-07-29
13.1999998092651,13.25,13.0900001525879,13.1599998474121,18304,12.6552267074585,2022-08-01
13.1899995803833,13.1899995803833,12.6099996566772,12.8000001907349,17730,12.3090362548828,2022-08-02
12.8599996566772,12.8599996566772,12.7399997711182,12.7399997711182,3679,12.2513360977173,2022-08-03
12.6800003051758,12.8999996185303,12.6800003051758,12.8000001907349,11933,12.3090362548828,2022-08-04
12.8800001144409,12.9899997711182,12.75,12.8999996185303,22438,12.4052000045776,2022-08-05
12.8400001525879,12.8400001525879,12.5200004577637,12.6499996185303,10948,12.1647882461548,2022-08-08
12.5500001907349,12.75,12.5200004577637,12.5600004196167,5115,12.0782413482666,2022-08-09
12.7399997711182,12.7700004577637,12.4300003051758,12.4499998092651,9607,11.9724607467651,2022-08-10
12.460000038147,12.460000038147,12.0900001525879,12.3100004196167,10010,11.8378305435181,2022-08-11
12.3400001525879,12.4099998474121,12.1199998855591,12.4099998474121,5770,11.9339942932129,2022-08-12
12.3400001525879,12.4099998474121,12.1700000762939,12.3500003814697,9323,11.876296043396,2022-08-16
12.4300003051758,12.5200004577637,12.2399997711182,12.5,5717,12.0205421447754,2022-08-17
12.5200004577637,12.6000003814697,12.1899995803833,12.4099998474121,21094,11.9339942932129,2022-08-18
12.4399995803833,12.5100002288818,12.2200002670288,12.3500003814697,9999,11.876296043396,2022-08-19
12.2799997329712,12.3400001525879,12.0200004577637,12.289999961853,12593,11.8185977935791,2022-08-22
12.1599998474121,12.4700002670288,12.1599998474121,12.2299995422363,18599,11.7608985900879,2022-08-23
12.2799997329712,12.3900003433228,12.1800003051758,12.3900003433228,4105,11.9147624969482,2022-08-24
12.1999998092651,12.3599996566772,12.0799999237061,12.3199996948242,11030,11.8474464416504,2022-08-25
12.2399997711182,12.4799995422363,11.9799995422363,12.1599998474121,16925,11.6935834884644,2022-08-26
12.3199996948242,12.5,12.0699996948242,12.4499998092651,5041,11.9724607467651,2022-08-29
12.2200002670288,12.4399995803833,12.210000038147,12.3800001144409,14567,11.9051456451416,2022-08-30
12.2200002670288,12.5,12.1000003814697,12.3599996566772,17437,11.8859128952026,2022-08-31
12.2600002288818,12.6899995803833,12.039999961853,12.5,15879,12.0205421447754,2022-09-01
12.3400001525879,12.5600004196167,12.3000001907349,12.5600004196167,15504,12.0782413482666,2022-09-02
12.3400001525879,12.460000038147,12.1800003051758,12.3100004196167,2762,11.8378305435181,2022-09-05
12.210000038147,12.3299999237061,12.1099996566772,12.1300001144409,12812,11.6647338867188,2022-09-06
12.0500001907349,12.0500001907349,11.6400003433228,12.0200004577637,30604,11.5589532852173,2022-09-07
11.9200000762939,12.1599998474121,11.8000001907349,12.1499996185303,9861,11.6839666366577,2022-09-08
12.0100002288818,12.0100002288818,11.6300001144409,11.960000038147,27664,11.5012559890747,2022-09-09
11.8000001907349,12.2200002670288,11.8000001907349,12.0900001525879,46989,11.6262683868408,2022-09-12
11.9799995422363,12.3400001525879,11.9799995422363,12.2200002670288,5494,11.7512826919556,2022-09-13
12.3400001525879,12.3400001525879,11.7299995422363,11.7600002288818,42920,11.3089265823364,2022-09-14
11.6999998092651,11.9200000762939,11.3100004196167,11.7200002670288,62592,11.2704610824585,2022-09-15
11.6400003433228,11.7600002288818,11.3000001907349,11.6899995803833,37998,11.2416105270386,2022-09-16
11.5100002288818,11.6599998474121,11.3900003433228,11.6499996185303,10867,11.2031450271606,2022-09-19
11.7600002288818,11.960000038147,11.5799999237061,11.6499996185303,16358,11.2031450271606,2022-09-20
11.6199998855591,11.6599998474121,11.3599996566772,11.5,10402,11.0588998794556,2022-09-21
11.3900003433228,11.4399995803833,10.9799995422363,11,8716,10.5780782699585,2022-09-22
10.9499998092651,10.9700002670288,10.6300001144409,10.6999998092651,18441,10.2895841598511,2022-09-23
10.1000003814697,10.9499998092651,10.1000003814697,10.8699998855591,15661,10.4530630111694,2022-09-26
10.8500003814697,11.0500001907349,10.789999961853,10.8000001907349,12232,10.3857488632202,2022-09-27
10.6999998092651,10.7799997329712,10.3599996566772,10.710000038147,18618,10.2992010116577,2022-09-28
10.5699996948242,10.6999998092651,10.4099998474121,10.5500001907349,62780,10.1453380584717,2022-09-29
10.4700002670288,10.6800003051758,10.4399995803833,10.5,31580,10.0972557067871,2022-09-30
10.3900003433228,10.5299997329712,10.3599996566772,10.3800001144409,68277,9.98185920715332,2022-10-03
10.3000001907349,10.6700000762939,10.3000001907349,10.4499998092651,38389,10.0491743087769,2022-10-04
10.5600004196167,10.8199996948242,10.4799995422363,10.6999998092651,19711,10.2895841598511,2022-10-05
10.7600002288818,10.7600002288818,10.5,10.6000003814697,1928,10.1934204101562,2022-10-06
10.460000038147,10.6499996185303,10.460000038147,10.6099996566772,3717,10.2030353546143,2022-10-07
10.6199998855591,10.7700004577637,10.539999961853,10.539999961853,21742,10.135721206665,2022-10-10
10.539999961853,10.6999998092651,10.4799995422363,10.5,4261,10.0972557067871,2022-10-11
10.5200004577637,10.5299997329712,10.3599996566772,10.3599996566772,5966,9.96262550354004,2022-10-12
10.3599996566772,10.3599996566772,10.0600004196167,10.3500003814697,7777,9.95300960540771,2022-10-13
10.1800003051758,10.4200000762939,10.1000003814697,10.4200000762939,13101,10.0203247070312,2022-10-14
10.3699998855591,10.9399995803833,10.1999998092651,10.9399995803833,10095,10.520378112793,2022-10-17
10.8599996566772,10.8599996566772,10.4399995803833,10.6800003051758,23403,10.2703514099121,2022-10-18
10.5900001525879,10.5900001525879,10.3900003433228,10.5799999237061,11515,10.1741876602173,2022-10-19
10.460000038147,10.8900003433228,10.3599996566772,10.5500001907349,3631,10.1453380584717,2022-10-20
10.8299999237061,10.8999996185303,10.4099998474121,10.6800003051758,7314,10.2703514099121,2022-10-21
10.5600004196167,10.7399997711182,10.4300003051758,10.7399997711182,12339,10.328049659729,2022-10-24
10.5500001907349,10.8000001907349,10.5100002288818,10.8000001907349,17542,10.3857488632202,2022-10-25
10.75,10.8900003433228,10.7200002670288,10.7600002288818,25506,10.347282409668,2022-10-26
10.8000001907349,10.8000001907349,10.8000001907349,10.8000001907349,2146,10.3857488632202,2022-10-27
10.5600004196167,10.5600004196167,10.3299999237061,10.4200000762939,19141,10.0203247070312,2022-10-28
10.3000001907349,10.3299999237061,10.0699996948242,10.0699996948242,14090,9.68374919891357,2022-10-31
10.0799999237061,10.1800003051758,10.0500001907349,10.0500001907349,10311,9.66451644897461,2022-11-01
10.2799997329712,10.2799997329712,9.80000019073486,9.88000011444092,15863,9.50103664398193,2022-11-02
9.99499988555908,10.0200004577637,9.76500034332275,9.86999988555908,8169,9.49141979217529,2022-11-03
10.1599998474121,10.1599998474121,9.75500011444092,9.81999969482422,10943,9.44333744049072,2022-11-04
9.85499954223633,9.9399995803833,9.82999992370605,9.82999992370605,10680,9.45295429229736,2022-11-07
10.1999998092651,10.9399995803833,10.1999998092651,10.5299997329712,77427,10.1261053085327,2022-11-08
10.710000038147,11.8199996948242,10.710000038147,11.5100002288818,68311,11.0685157775879,2022-11-09
11.7799997329712,11.9899997711182,11.5500001907349,11.9899997711182,44124,11.5301036834717,2022-11-10
11.9899997711182,12.3699998855591,11.6199998855591,12.1000003814697,77059,11.6358842849731,2022-11-11
11.8800001144409,12.1800003051758,11.8199996948242,11.8500003814697,32840,11.3954744338989,2022-11-14
11.9200000762939,12,11.8599996566772,11.960000038147,20375,11.5012559890747,2022-11-15
11.8999996185303,12.0699996948242,11.8999996185303,11.9099998474121,11841,11.4531726837158,2022-11-16
11.8000001907349,12.1400003433228,11.8000001907349,11.9399995803833,7561,11.4820222854614,2022-11-17
11.9899997711182,11.9899997711182,11.6999998092651,11.8699998855591,3066,11.4147071838379,2022-11-18
11.9099998474121,11.9200000762939,11.5,11.6999998092651,14049,11.2512273788452,2022-11-21
11.8000001907349,11.8000001907349,11.6999998092651,11.789999961853,1992,11.337776184082,2022-11-22
11.6199998855591,11.960000038147,11.5299997329712,11.960000038147,13617,11.5012559890747,2022-11-23
11.9700002670288,12.2200002670288,11.9700002670288,12.1999998092651,6337,11.7320489883423,2022-11-24
11.9899997711182,12.1199998855591,11.6000003814697,11.9799995422363,7750,11.5204877853394,2022-11-25
11.8500003814697,12.1400003433228,11.8500003814697,12.1400003433228,15428,11.6743516921997,2022-11-28
11.9499998092651,12.1700000762939,11.9499998092651,12.1400003433228,5222,11.6743516921997,2022-11-29
11.9799995422363,12.6199998855591,11.9799995422363,12.4200000762939,119668,11.9436111450195,2022-11-30
12.6999998092651,12.789999961853,12.5200004577637,12.5200004577637,452664,12.0397748947144,2022-12-01
12.5200004577637,12.6400003433228,12.3599996566772,12.4799995422363,9792,12.0013093948364,2022-12-02
12.5100002288818,12.6499996185303,12.4399995803833,12.6499996185303,77930,12.1647882461548,2022-12-05
12.6599998474121,12.6599998474121,12.1599998474121,12.1999998092651,6258,11.7320489883423,2022-12-06
12.1999998092651,12.3500003814697,11.8900003433228,11.8900003433228,32729,11.4339408874512,2022-12-07
11.8000001907349,12.2399997711182,11.6000003814697,12.2399997711182,39974,11.7705144882202,2022-12-08
12.3400001525879,12.5100002288818,12.3400001525879,12.3699998855591,6135,11.895528793335,2022-12-09
12.1999998092651,12.3500003814697,12.0200004577637,12.0500001907349,5669,11.5878028869629,2022-12-12
11.9799995422363,12.0600004196167,11.8400001525879,11.9499998092651,3490,11.4916381835938,2022-12-13
12,12.1599998474121,11.8699998855591,12.1000003814697,3469,11.6358842849731,2022-12-14
12,12.3100004196167,12,12.0600004196167,9074,11.5974187850952,2022-12-15
12.25,12.9700002670288,12.25,12.9700002670288,18698,12.4725151062012,2022-12-16
12.8400001525879,12.8400001525879,12.1800003051758,12.4700002670288,13107,11.9916944503784,2022-12-19
12.3000001907349,12.5500001907349,12.2799997329712,12.4200000762939,8932,11.9436111450195,2022-12-20
12.6599998474121,12.9899997711182,12.4200000762939,12.5900001525879,18279,12.1070899963379,2022-12-21
12.5200004577637,12.789999961853,12.4099998474121,12.789999961853,7503,12.2994194030762,2022-12-22
12.6000003814697,12.8400001525879,12.4899997711182,12.4899997711182,5961,12.0109252929688,2022-12-23
12.6400003433228,13.1499996185303,12.6000003814697,12.9099998474121,18611,12.4148168563843,2022-12-27
12.8800001144409,13,12.5500001907349,12.6700000762939,11428,12.1840219497681,2022-12-28
12.5900001525879,12.8900003433228,12.5299997329712,12.6999998092651,45569,12.2128705978394,2022-12-29
12.8699998855591,12.8699998855591,12.6999998092651,12.6999998092651,41365,12.2128705978394,2022-12-30
12.8500003814697,13.1499996185303,12.8500003814697,12.9899997711182,19905,12.4917469024658,2023-01-02
13.1000003814697,13.289999961853,12.9899997711182,13.1499996185303,39678,12.6456108093262,2023-01-03
12.960000038147,13.1800003051758,12.8699998855591,12.8699998855591,35719,12.376350402832,2023-01-04
12.8500003814697,13.0600004196167,12.789999961853,12.8299999237061,113027,12.3378849029541,2023-01-05
12.9899997711182,13.0299997329712,12.9200000762939,13.0100002288818,1507,12.5109806060791,2023-01-06
13.0500001907349,13.0500001907349,12.7399997711182,12.7399997711182,4631,12.2513360977173,2023-01-09
13.0100002288818,13.0100002288818,12.7200002670288,12.7200002670288,6219,12.2321043014526,2023-01-10
12.8599996566772,12.8999996185303,12.3999996185303,12.4200000762939,23263,11.9436111450195,2023-01-11
12.6800003051758,12.7600002288818,12.5200004577637,12.5799999237061,4323,12.0974740982056,2023-01-12
12.6999998092651,12.75,12.5,12.5,35060,12.0205421447754,2023-01-13
12.4300003051758,12.8800001144409,12.4300003051758,12.8000001907349,4967,12.3090362548828,2023-01-16
12.8999996185303,12.9499998092651,12.7299995422363,12.8900003433228,1793,12.3955841064453,2023-01-17
12.8000001907349,13.0600004196167,12.710000038147,13.0600004196167,7507,12.5590629577637,2023-01-18
12.9700002670288,13.5,12.5799999237061,12.6700000762939,22411,12.1840219497681,2023-01-19
12.6499996185303,12.9200000762939,12.6499996185303,12.6999998092651,23675,12.2128705978394,2023-01-20
12.6899995803833,12.8400001525879,12.5200004577637,12.6999998092651,11462,12.2128705978394,2023-01-23
12.6400003433228,12.8800001144409,12.6099996566772,12.6999998092651,19820,12.2128705978394,2023-01-24
12.7600002288818,13.1800003051758,12.6499996185303,13.0900001525879,86708,12.587911605835,2023-01-25
13.0900001525879,14.1499996185303,13.0799999237061,13.6999998092651,118963,13.1745147705078,2023-01-26
13.6000003814697,13.8900003433228,13.5100002288818,13.6000003814697,60848,13.0783500671387,2023-01-27
13.4899997711182,13.7700004577637,13.3999996185303,13.3999996185303,15378,12.8860216140747,2023-01-30
13.6000003814697,13.6999998092651,13.2700004577637,13.2700004577637,97891,12.7610082626343,2023-01-31
13.3800001144409,13.7700004577637,13.3800001144409,13.6000003814697,31712,13.0783500671387,2023-02-01
13.6300001144409,14.039999961853,13.6000003814697,14.039999961853,52099,13.5014724731445,2023-02-02
13.960000038147,14.1400003433228,13.6499996185303,13.8100004196167,729414,13.2802963256836,2023-02-03
13.6700000762939,13.8900003433228,13.6000003814697,13.6999998092651,114421,13.1745147705078,2023-02-06
13.7600002288818,13.8400001525879,13.4099998474121,13.5500001907349,115510,13.0302677154541,2023-02-07
13.3100004196167,13.9700002670288,13.3100004196167,13.9499998092651,115939,13.414924621582,2023-02-08
13.6000003814697,14.1300001144409,13.6000003814697,14.0699996948242,28336,13.5303220748901,2023-02-09
13.8100004196167,14.1199998855591,13.8000001907349,14,121250,13.4630069732666,2023-02-10
13.6899995803833,14.0299997329712,13.6899995803833,13.9399995803833,10973,13.4053087234497,2023-02-13
13.9499998092651,14,13.8199996948242,13.9799995422363,19992,13.4437742233276,2023-02-14
13.7799997329712,14.1499996185303,13.7799997329712,14.1499996185303,89076,13.607253074646,2023-02-15
14.1599998474121,14.4899997711182,14.0600004196167,14.4899997711182,108302,13.9342126846313,2023-02-16
14.4899997711182,14.4899997711182,14.1000003814697,14.1300001144409,36337,13.5880212783813,2023-02-17
14.2399997711182,14.3100004196167,14,14.25,127967,13.7034187316895,2023-02-20
14.25,14.4899997711182,14.0299997329712,14.1000003814697,198840,13.5591716766357,2023-02-21
14.3199996948242,14.4799995422363,13.9099998474121,14.4799995422363,268725,13.9245958328247,2023-02-22
14.1999998092651,14.3900003433228,13.8000001907349,14,50115,13.4630069732666,2023-02-23
13.8999996185303,14.3900003433228,13.8999996185303,14.3199996948242,62629,13.7707328796387,2023-02-24
14.460000038147,14.4899997711182,13.9200000762939,14.0500001907349,23303,13.5110902786255,2023-02-27
13.960000038147,14.1099996566772,13.710000038147,13.8900003433228,35387,13.3572263717651,2023-02-28
13.7399997711182,14.1300001144409,13.710000038147,13.8599996566772,11048,13.3283767700195,2023-03-01
13.8999996185303,13.9399995803833,13.6999998092651,13.710000038147,8861,13.1841306686401,2023-03-02
13.8400001525879,13.9499998092651,13.3699998855591,13.539999961853,37780,13.0206508636475,2023-03-03
13.6999998092651,13.6999998092651,13.4099998474121,13.4399995803833,27898,12.9244861602783,2023-03-06
13.3100004196167,13.3900003433228,13.0200004577637,13.2600002288818,106184,12.751392364502,2023-03-07
13.4200000762939,13.539999961853,13.1800003051758,13.5299997329712,39580,13.0110340118408,2023-03-08
13.539999961853,13.6599998474121,13.2600002288818,13.5699996948242,71543,13.0495004653931,2023-03-09
13.5900001525879,13.5900001525879,13.1499996185303,13.25,31055,12.741774559021,2023-03-10
13.0600004196167,13.3199996948242,12.8999996185303,13.289999961853,71453,12.7802410125732,2023-03-13
13.0600004196167,13.5200004577637,13.0600004196167,13.5100002288818,37993,12.9918022155762,2023-03-14
13.5,14.289999961853,13.4700002670288,14.2799997329712,166787,13.7322673797607,2023-03-15
14.1199998855591,14.5500001907349,13.8999996185303,14.5500001907349,87295,13.9919118881226,2023-03-16
14.5799999237061,14.8000001907349,13.8900003433228,13.9300003051758,1624911,13.3956918716431,2023-03-17
13.8299999237061,14.2600002288818,13.8299999237061,14.0200004577637,46007,13.4822406768799,2023-03-20
14.0500001907349,14.3199996948242,14.0100002288818,14.0200004577637,74321,13.4822406768799,2023-03-21
14.1400003433228,14.1400003433228,13.789999961853,13.789999961853,29429,13.2610626220703,2023-03-22
13.8000001907349,14.2799997329712,13.789999961853,14.210000038147,59237,13.6649522781372,2023-03-23
14.3000001907349,14.5500001907349,14.1899995803833,14.5100002288818,43550,13.9534454345703,2023-03-24
14.6800003051758,14.6800003051758,14.3800001144409,14.539999961853,38579,13.9822940826416,2023-03-27
14.6800003051758,14.7200002670288,14.1199998855591,14.1499996185303,47384,13.607253074646,2023-03-28
13.4700002670288,13.5299997329712,13.3000001907349,13.3999996185303,403446,12.8860216140747,2023-03-29
13.5200004577637,13.6000003814697,13.25,13.3000001907349,162095,12.7898578643799,2023-03-30
13.2600002288818,13.6300001144409,13.2600002288818,13.3100004196167,126277,12.7994737625122,2023-03-31
13.3199996948242,13.5799999237061,13.2399997711182,13.3400001525879,55009,12.8283233642578,2023-04-03
13.2200002670288,13.5799999237061,13.2200002670288,13.2799997329712,54126,12.7706241607666,2023-04-04
13.3999996185303,13.8599996566772,13.2399997711182,13.8599996566772,130944,13.3283767700195,2023-04-05
13.8000001907349,14.460000038147,13.8000001907349,14.1400003433228,58014,13.597638130188,2023-04-06
14.0200004577637,14.6400003433228,14.0200004577637,14.5600004196167,69104,14.0015287399292,2023-04-11
14.5,14.7200002670288,14.3400001525879,14.7200002670288,75411,14.1553907394409,2023-04-12
14.7200002670288,14.8999996185303,14.460000038147,14.5799999237061,32181,14.0207605361938,2023-04-13
14.3999996185303,15.1800003051758,14.3999996185303,15.1000003814697,87561,14.5208158493042,2023-04-14
15.1999998092651,15.3199996948242,14.8999996185303,15.039999961853,130359,14.463116645813,2023-04-17
15.1999998092651,15.4799995422363,14.9200000762939,15.2799997329712,59900,14.6939115524292,2023-04-18
15.7399997711182,16.3999996185303,15.539999961853,16.1399993896484,206675,15.5209245681763,2023-04-19
16.2999992370605,16.2999992370605,15.8599996566772,16.1000003814697,45210,15.4824590682983,2023-04-20
16.2399997711182,16.4599990844727,16,16.4400005340576,87340,15.8094177246094,2023-04-21
16.5,16.5599994659424,16.0400009155273,16.2199993133545,38672,15.5978555679321,2023-04-24
16.2399997711182,16.5200004577637,16.2399997711182,16.3600006103516,24974,15.7324867248535,2023-04-25
16.4200000762939,16.5,16.1599998474121,16.4400005340576,58745,15.8094177246094,2023-04-26
16.6399993896484,16.6399993896484,16.1599998474121,16.6200008392334,59328,15.9825134277344,2023-04-27
16.4200000762939,16.6800003051758,16.2399997711182,16.4400005340576,73481,15.8094177246094,2023-04-28
16.6399993896484,16.6399993896484,15.8400001525879,15.9399995803833,56480,15.328595161438,2023-05-02
15.8400001525879,15.8999996185303,15.2399997711182,15.3199996948242,57843,14.7323760986328,2023-05-03
15.2799997329712,15.6000003814697,15.1999998092651,15.5,85275,14.9054727554321,2023-05-04
15.6000003814697,16.3600006103516,15.3199996948242,16.0200004577637,175080,15.4055271148682,2023-05-05
15.960000038147,16.0799999237061,15.7200002670288,16,29220,15.5476131439209,2023-05-08
16,16,15.5799999237061,15.6000003814697,66187,15.1589231491089,2023-05-09
15.4399995803833,15.6400003433228,15.2399997711182,15.2399997711182,47987,14.8091020584106,2023-05-10
15.6999998092651,15.6999998092651,15.4200000762939,15.5200004577637,42204,15.0811853408813,2023-05-11
15.4399995803833,15.5200004577637,15.3199996948242,15.3199996948242,29024,14.8868389129639,2023-05-12
15.3599996566772,15.4399995803833,15.1599998474121,15.3199996948242,96136,14.8868389129639,2023-05-15
15.1999998092651,16,15.1999998092651,15.8999996185303,145295,15.4504404067993,2023-05-16
16.2399997711182,16.2399997711182,15.6800003051758,15.8000001907349,75211,15.3532676696777,2023-05-17
15.8400001525879,15.9799995422363,15.5799999237061,15.5799999237061,52137,15.1394882202148,2023-05-18
15.7799997329712,15.7799997329712,15.2200002670288,15.2399997711182,31834,14.8091020584106,2023-05-19
15.1199998855591,15.9200000762939,14.7399997711182,15.7799997329712,50895,15.3338327407837,2023-05-22
15.960000038147,15.960000038147,15.3000001907349,15.5200004577637,32365,15.0811853408813,2023-05-23
15.3400001525879,15.5600004196167,15.3000001907349,15.3800001144409,23786,14.9451427459717,2023-05-24
15.3199996948242,15.5799999237061,15.3000001907349,15.5799999237061,22222,15.1394882202148,2023-05-25
15.539999961853,15.6999998092651,15.4799995422363,15.6999998092651,33934,15.2560958862305,2023-05-26
15.8400001525879,16,15.6199998855591,15.6199998855591,27692,15.1783571243286,2023-05-29
15.5600004196167,15.6800003051758,15.4799995422363,15.5799999237061,26817,15.1394882202148,2023-05-30
15.6000003814697,15.8000001907349,15.5,15.6199998855591,32947,15.1783571243286,2023-05-31
15.7600002288818,15.7600002288818,15.460000038147,15.6400003433228,35897,15.1977920532227,2023-06-01
15.5600004196167,15.6400003433228,15.3999996185303,15.539999961853,27469,15.1006193161011,2023-06-02
15.6000003814697,15.6199998855591,14.8800001144409,14.9200000762939,31415,14.4981489181519,2023-06-05
14.8400001525879,15.0200004577637,14.7200002670288,14.8800001144409,31490,14.4592800140381,2023-06-06
14.960000038147,15.1199998855591,14.8400001525879,15.1199998855591,20415,14.692494392395,2023-06-07
14.8800001144409,15.2200002670288,14.8599996566772,15.1199998855591,22189,14.692494392395,2023-06-08
15.1400003433228,15.2399997711182,14.8999996185303,15.0200004577637,39114,14.5953226089478,2023-06-09
15.039999961853,15.2799997329712,14.9399995803833,15.1400003433228,30505,14.7119293212891,2023-06-12
15.0799999237061,15.4399995803833,15.0799999237061,15.4399995803833,43836,15.0034456253052,2023-06-13
15.2799997329712,15.3800001144409,15.039999961853,15.2200002670288,59466,14.7896671295166,2023-06-14
15.0600004196167,15.1800003051758,14.8199996948242,15.1800003051758,38004,14.7507982254028,2023-06-15
15.0200004577637,15.2799997329712,14.7799997329712,15.0200004577637,107726,14.5953226089478,2023-06-16
15.0200004577637,15.2799997329712,14.9799995422363,15.2799997329712,20011,14.8479709625244,2023-06-19
15.2799997329712,15.6000003814697,15.1599998474121,15.3599996566772,17621,14.9257078170776,2023-06-20
15.6199998855591,15.6199998855591,15.5,15.5799999237061,15655,15.1394882202148,2023-06-21
15.3800001144409,15.4200000762939,14.9200000762939,15.3000001907349,34048,14.8674049377441,2023-06-22
15.1999998092651,15.4200000762939,15.1999998092651,15.3199996948242,3689,14.8868389129639,2023-06-23
15.3800001144409,15.3800001144409,15.2200002670288,15.3000001907349,18337,14.8674049377441,2023-06-26
15.1599998474121,15.3599996566772,15.1199998855591,15.1999998092651,105045,14.7702322006226,2023-06-27
15.1999998092651,15.3199996948242,15.0799999237061,15.1199998855591,20366,14.692494392395,2023-06-28
15.0600004196167,15.1599998474121,14.9799995422363,15.1599998474121,21147,14.7313632965088,2023-06-29
15.1800003051758,15.4399995803833,15.1800003051758,15.3999996185303,25706,14.9645767211914,2023-06-30
15.3999996185303,15.9399995803833,15.2399997711182,15.8000001907349,38844,15.3532676696777,2023-07-03
15.7799997329712,16.0400009155273,15.7200002670288,15.9200000762939,31019,15.4698753356934,2023-07-04
15.9799995422363,16,15.8199996948242,15.8199996948242,59124,15.3727016448975,2023-07-05
15.7399997711182,15.7600002288818,15.4200000762939,15.5,62062,15.0617504119873,2023-07-06
15.4799995422363,16.0200004577637,15.3000001907349,16,37698,15.5476131439209,2023-07-07
15.9399995803833,16.0799999237061,15.8199996948242,15.8599996566772,125301,15.4115705490112,2023-07-10
15.9799995422363,16.1599998474121,15.7600002288818,15.8000001907349,26636,15.3532676696777,2023-07-11
15.8400001525879,16.1599998474121,15.6999998092651,15.9399995803833,44358,15.4893093109131,2023-07-12
16,16.2199993133545,15.6800003051758,16.0599994659424,49360,15.6059160232544,2023-07-13
16.0400009155273,16.2600002288818,15.8800001144409,16,48862,15.5476131439209,2023-07-14
15.9799995422363,16,15.7200002670288,15.8800001144409,15809,15.4310054779053,2023-07-17
15.7799997329712,16.0200004577637,15.6599998474121,15.8599996566772,30989,15.4115705490112,2023-07-18
15.8599996566772,16.1800003051758,15.7399997711182,15.9799995422363,28274,15.5281782150269,2023-07-19
16.0200004577637,16.1000003814697,15.6000003814697,15.8199996948242,29865,15.3727016448975,2023-07-20
15.6999998092651,15.7600002288818,15.3199996948242,15.460000038147,37447,15.0228815078735,2023-07-21
15.3999996185303,15.6000003814697,15.3999996185303,15.4799995422363,58027,15.0423154830933,2023-07-24
15.3599996566772,15.6599998474121,15.2799997329712,15.6199998855591,23363,15.1783571243286,2023-07-25
15.5600004196167,15.6800003051758,15.4399995803833,15.6599998474121,13330,15.2172260284424,2023-07-26
15.6400003433228,15.7600002288818,15.4200000762939,15.5200004577637,18515,15.0811853408813,2023-07-27
15.6000003814697,15.8400001525879,15.3999996185303,15.8400001525879,30668,15.3921365737915,2023-07-28
16.0200004577637,16.0200004577637,15.7200002670288,15.8599996566772,20791,15.4115705490112,2023-07-31
15.8000001907349,16.1000003814697,15.8000001907349,16.1000003814697,39019,15.6447858810425,2023-08-01
15.9799995422363,16.0799999237061,15.6400003433228,15.9399995803833,36186,15.4893093109131,2023-08-02
15.960000038147,16.0200004577637,15.8000001907349,15.9799995422363,45829,15.5281782150269,2023-08-03
15.8999996185303,16,14.3199996948242,14.6199998855591,239365,14.2066316604614,2023-08-04
14.4399995803833,14.7200002670288,14.1999998092651,14.2600002288818,51858,13.8568105697632,2023-08-07
14.2200002670288,14.5,14.1199998855591,14.4399995803833,27084,14.031720161438,2023-08-08
14.539999961853,14.7200002670288,14.5200004577637,14.6000003814697,34226,14.1871976852417,2023-08-09
14.6000003814697,14.7600002288818,14.5200004577637,14.7399997711182,21910,14.3232383728027,2023-08-10
14.7399997711182,14.7399997711182,14.460000038147,14.5600004196167,25593,14.1483287811279,2023-08-11
14.539999961853,14.7600002288818,14.539999961853,14.7200002670288,16818,14.303804397583,2023-08-14
14.5200004577637,14.9200000762939,14.5200004577637,14.8599996566772,24187,14.439845085144,2023-08-16
14.8999996185303,14.8999996185303,14.2399997711182,14.5799999237061,31321,14.1677627563477,2023-08-17
14.539999961853,14.6000003814697,14.3199996948242,14.3199996948242,37597,13.9151134490967,2023-08-18
14.3199996948242,14.4200000762939,14.1400003433228,14.1800003051758,51758,13.7790727615356,2023-08-21
14.1999998092651,14.2600002288818,14.039999961853,14.039999961853,15285,13.643030166626,2023-08-22
14.1800003051758,14.1800003051758,13.7399997711182,13.9399995803833,36306,13.5458574295044,2023-08-23
14,14.039999961853,13.7799997329712,13.8999996185303,15911,13.5069885253906,2023-08-24
14.1800003051758,14.1800003051758,13.5,13.6000003814697,16137,13.2154712677002,2023-08-25
13.6000003814697,13.9399995803833,13.5799999237061,13.7799997329712,13373,13.3903818130493,2023-08-28
13.8199996948242,13.8199996948242,13.5,13.539999961853,31924,13.1571674346924,2023-08-29
13.5600004196167,13.6000003814697,13.3999996185303,13.3999996185303,47646,13.021125793457,2023-08-30
13.3800001144409,13.539999961853,13.3400001525879,13.3999996185303,24475,13.021125793457,2023-08-31
13.5,13.539999961853,13.3199996948242,13.460000038147,22702,13.0794296264648,2023-09-01
13.5600004196167,13.6400003433228,13.460000038147,13.460000038147,16431,13.0794296264648,2023-09-04
13.460000038147,13.460000038147,13.0200004577637,13.2399997711182,66942,12.865650177002,2023-09-05
13.1199998855591,13.2799997329712,12.6999998092651,12.7799997329712,75734,12.4186563491821,2023-09-06
12.6800003051758,13.0799999237061,12.6800003051758,13.0799999237061,44815,12.7101736068726,2023-09-07
12.8999996185303,13.5,12.8599996566772,13,37228,12.6324348449707,2023-09-08
13.0200004577637,13.1000003814697,12.8800001144409,12.9200000762939,10375,12.5546979904175,2023-09-11
12.8999996185303,12.9399995803833,12.5,12.8800001144409,36379,12.5158290863037,2023-09-12
13.039999961853,13.039999961853,12.7399997711182,12.9200000762939,12026,12.5546979904175,2023-09-13
12.9399995803833,13.039999961853,12.8999996185303,12.9799995422363,13049,12.6129999160767,2023-09-14
13.1400003433228,13.1400003433228,12.960000038147,12.960000038147,30946,12.5935659408569,2023-09-15
12.8800001144409,13.0600004196167,12.8599996566772,13,62001,12.6324348449707,2023-09-18
13,13.0799999237061,12.7399997711182,12.8999996185303,61238,12.5352630615234,2023-09-19
12.8000001907349,13.1999998092651,12.7399997711182,13.1400003433228,68346,12.7684774398804,2023-09-20
12.9399995803833,13.0600004196167,12.3599996566772,12.3999996185303,44549,12.0494003295898,2023-09-21
12.5,12.960000038147,12.1999998092651,12.7799997329712,133410,12.4186563491821,2023-09-22
12.7399997711182,12.8400001525879,12.539999961853,12.6800003051758,41046,12.3214836120605,2023-09-25
12.6400003433228,12.6599998474121,12.4399995803833,12.539999961853,47163,12.1854410171509,2023-09-26
12.7600002288818,12.8199996948242,12.5200004577637,12.6199998855591,28977,12.2631797790527,2023-09-27
12.5799999237061,12.8199996948242,12.3599996566772,12.5799999237061,53386,12.224310874939,2023-09-28
12.6199998855591,13.0200004577637,12.6199998855591,12.8400001525879,87339,12.4769601821899,2023-09-29
12.8000001907349,12.9799995422363,12.7200002670288,12.7600002288818,27628,12.3992214202881,2023-10-02
13.039999961853,13.3400001525879,12.7200002670288,13.1800003051758,47312,12.8073463439941,2023-10-03
13.1800003051758,13.2200002670288,12.8199996948242,12.8999996185303,45367,12.5352630615234,2023-10-04
12.9799995422363,13.039999961853,12.6800003051758,12.8599996566772,28990,12.4963941574097,2023-10-05
12.8599996566772,13.2399997711182,12.8000001907349,13.1999998092651,41086,12.8267803192139,2023-10-06
13.3199996948242,13.3199996948242,12.6199998855591,12.6400003433228,48158,12.2826147079468,2023-10-09
12.6400003433228,13.3000001907349,12.6000003814697,12.6599998474121,55351,12.3020486831665,2023-10-10
12.6000003814697,12.6000003814697,12.3599996566772,12.4799995422363,31229,12.1271381378174,2023-10-11
12.5,12.5200004577637,12.3199996948242,12.3199996948242,22268,11.971661567688,2023-10-12
12.5,12.5200004577637,12.3199996948242,12.4799995422363,27174,12.1271381378174,2023-10-13
12.5,12.5,12.3199996948242,12.3599996566772,12222,12.0105314254761,2023-10-16
12.6400003433228,12.6400003433228,12.3400001525879,12.6000003814697,11804,12.243745803833,2023-10-17
12.6400003433228,12.6400003433228,12.3199996948242,12.3400001525879,19191,11.9910974502563,2023-10-18
12.3599996566772,12.539999961853,12.1400003433228,12.4799995422363,32735,12.1271381378174,2023-10-19
12.5,12.5200004577637,12.0799999237061,12.1599998474121,38500,11.8161859512329,2023-10-20
12.4399995803833,12.8599996566772,12.2200002670288,12.7799997329712,77135,12.4186563491821,2023-10-23
12.8400001525879,13.3199996948242,12.8400001525879,13.1000003814697,76184,12.7296085357666,2023-10-24
13.0600004196167,13.3000001907349,12.8800001144409,12.8999996185303,67973,12.5352630615234,2023-10-25
13,13.3199996948242,12.8400001525879,13.1800003051758,73390,12.8073463439941,2023-10-26
13.1800003051758,13.3599996566772,13.1000003814697,13.3199996948242,36066,12.9433879852295,2023-10-27
13.3800001144409,13.6400003433228,13.2799997329712,13.6000003814697,76096,13.2154712677002,2023-10-30
13.539999961853,13.6999998092651,13.460000038147,13.4799995422363,58282,13.0988636016846,2023-10-31
13.5799999237061,13.6400003433228,13.2200002670288,13.2399997711182,176133,12.865650177002,2023-11-01
13.4200000762939,13.7399997711182,13.0600004196167,13.6199998855591,55125,13.2349052429199,2023-11-02
13.539999961853,14.0799999237061,13.539999961853,13.960000038147,57867,13.5652923583984,2023-11-03
13.960000038147,14.3000001907349,13.6400003433228,13.9399995803833,62049,13.5458574295044,2023-11-06
13.8400001525879,14.9200000762939,13.6999998092651,13.9200000762939,143784,13.5264234542847,2023-11-07
13.8599996566772,14.1800003051758,13.7399997711182,14.1400003433228,233956,13.7402038574219,2023-11-08
13.8599996566772,14.1800003051758,13.8400001525879,14,20590,13.6041612625122,2023-11-09
14,14.0799999237061,13.5799999237061,13.5799999237061,115376,13.1960363388062,2023-11-10
13.5600004196167,13.7799997329712,13.3199996948242,13.5,83965,13.1182985305786,2023-11-13
13.4399995803833,13.8199996948242,13.3000001907349,13.8199996948242,37142,13.4292507171631,2023-11-14
13.8400001525879,13.960000038147,13.7600002288818,13.8400001525879,46611,13.4486856460571,2023-11-15
13.9200000762939,13.9200000762939,13.6800003051758,13.7600002288818,18658,13.3709478378296,2023-11-16
13.8400001525879,13.960000038147,13.7600002288818,13.8999996185303,13862,13.5069885253906,2023-11-17
14.039999961853,14.039999961853,13.7799997329712,13.8800001144409,40078,13.4875545501709,2023-11-20
14.1000003814697,14.2200002670288,13.8400001525879,14.0799999237061,21758,13.6818990707397,2023-11-21
14,14.0799999237061,13.7200002670288,13.8800001144409,64754,13.4875545501709,2023-11-22
14,14.0799999237061,13.8999996185303,14.0799999237061,13016,13.6818990707397,2023-11-23
14,14,13.7600002288818,13.9399995803833,17537,13.5458574295044,2023-11-24
13.9399995803833,14.1000003814697,13.9399995803833,14.0600004196167,10410,13.66246509552,2023-11-27
14.1000003814697,14.3199996948242,13.8999996185303,14.2399997711182,28328,13.8373756408691,2023-11-28
14.039999961853,14.3000001907349,14.039999961853,14.1199998855591,18896,13.7207689285278,2023-11-29
14.3599996566772,14.3599996566772,13.5600004196167,13.8000001907349,52849,13.4098167419434,2023-11-30
13.8400001525879,14.039999961853,13.6199998855591,13.9399995803833,18703,13.5458574295044,2023-12-01
13.8999996185303,14.0200004577637,13.7600002288818,13.7799997329712,14580,13.3903818130493,2023-12-04
13.7799997329712,13.960000038147,13.5200004577637,13.6599998474121,49118,13.2737741470337,2023-12-05
13.6599998474121,14.2799997329712,13.6400003433228,14.2600002288818,42447,13.8568105697632,2023-12-06
14.2600002288818,14.3199996948242,14.1400003433228,14.2600002288818,64295,13.8568105697632,2023-12-07
14.039999961853,14.2600002288818,14,14.039999961853,18743,13.643030166626,2023-12-08
14.2399997711182,14.3400001525879,14.039999961853,14.1800003051758,25283,13.7790727615356,2023-12-11
14.3599996566772,14.5600004196167,13.9799995422363,13.9799995422363,118515,13.5847263336182,2023-12-12
14.2399997711182,14.2600002288818,14,14.1999998092651,49618,13.7985067367554,2023-12-13
14.3199996948242,14.5600004196167,14.1999998092651,14.3000001907349,90113,13.895679473877,2023-12-14
14.5,14.9200000762939,14.3400001525879,14.9200000762939,187474,14.4981489181519,2023-12-15
14.6400003433228,14.6800003051758,14.3400001525879,14.3599996566772,78221,13.9539823532104,2023-12-18
14.5,14.539999961853,14.2600002288818,14.5200004577637,298944,14.1094589233398,2023-12-19
14.3999996185303,14.7200002670288,14.3999996185303,14.5799999237061,79505,14.1677627563477,2023-12-20
14.539999961853,14.539999961853,14.3000001907349,14.3000001907349,31099,13.895679473877,2023-12-21
14.2600002288818,14.3000001907349,14.039999961853,14.2200002670288,40682,13.8179416656494,2023-12-22
14.3000001907349,14.3800001144409,14.2200002670288,14.3000001907349,20063,13.895679473877,2023-12-27
14.2200002670288,14.3400001525879,14.1999998092651,14.3199996948242,37826,13.9151134490967,2023-12-28
14.2200002670288,14.3999996185303,14.2200002670288,14.3000001907349,15340,13.895679473877,2023-12-29
14.2600002288818,14.6000003814697,14.2600002288818,14.3999996185303,21854,13.9928512573242,2024-01-02
14.3999996185303,14.539999961853,14.2200002670288,14.2600002288818,13223,13.8568105697632,2024-01-03
14.3000001907349,14.4399995803833,14.2399997711182,14.2799997329712,19079,13.8762445449829,2024-01-04
14.3999996185303,14.4200000762939,14.2200002670288,14.3400001525879,10006,13.934549331665,2024-01-05
14.3800001144409,14.5799999237061,14.2799997329712,14.5,11098,14.0900239944458,2024-01-08
14.5200004577637,14.6199998855591,14.3999996185303,14.4799995422363,18934,14.0705890655518,2024-01-09
14.5,14.6199998855591,14.460000038147,14.460000038147,12102,14.051155090332,2024-01-10
14.5,14.5,14.2399997711182,14.3400001525879,25672,13.934549331665,2024-01-11
14.3400001525879,14.3999996185303,14.0200004577637,14.1999998092651,42139,13.7985067367554,2024-01-12
14.1800003051758,14.2200002670288,14.0200004577637,14.0200004577637,13812,13.6235961914062,2024-01-15
14.0799999237061,14.1800003051758,13.8400001525879,14,24397,13.6041612625122,2024-01-16
13.9399995803833,14.1000003814697,13.7799997329712,14.0200004577637,27948,13.6235961914062,2024-01-17
14.2399997711182,14.2399997711182,14,14,22244,13.6041612625122,2024-01-18
14.1800003051758,14.1999998092651,14,14,16756,13.6041612625122,2024-01-19
14,14.1000003814697,13.9799995422363,14,10223,13.6041612625122,2024-01-22
13.9200000762939,13.9799995422363,13.7799997329712,13.8000001907349,26135,13.4098167419434,2024-01-23
13.7600002288818,13.9399995803833,13.6599998474121,13.8000001907349,20453,13.4098167419434,2024-01-24
13.7799997329712,14.2399997711182,13.7200002670288,14.1199998855591,58797,13.7207689285278,2024-01-25
14.1999998092651,14.539999961853,14.1000003814697,14.4200000762939,66135,14.0122861862183,2024-01-26
14.4399995803833,14.6599998474121,14.3599996566772,14.3599996566772,38521,13.9539823532104,2024-01-29
14.3599996566772,14.5200004577637,14.2600002288818,14.5200004577637,34268,14.1094589233398,2024-01-30
14.4200000762939,14.6000003814697,14.3999996185303,14.5,46017,14.0900239944458,2024-01-31
14.3599996566772,14.6999998092651,14.1999998092651,14.1999998092651,75622,13.7985067367554,2024-02-01
14.1599998474121,14.3400001525879,13.5,13.6400003433228,219173,13.254340171814,2024-02-02
13.6800003051758,14.0200004577637,13.6599998474121,14,178522,13.6041612625122,2024-02-05
13.8000001907349,14.1999998092651,13.8000001907349,14.1800003051758,33579,13.7790727615356,2024-02-06
14.1800003051758,14.539999961853,14,14.4399995803833,66012,14.031720161438,2024-02-07
14.539999961853,14.6599998474121,14.5,14.5600004196167,18399,14.1483287811279,2024-02-08
14.4799995422363,14.6000003814697,14.3400001525879,14.4200000762939,33781,14.0122861862183,2024-02-09
14.4799995422363,14.6800003051758,14.4200000762939,14.5,20626,14.0900239944458,2024-02-12
15,15.6599998474121,14.6000003814697,15.2399997711182,300850,14.8091020584106,2024-02-13
15.2600002288818,15.3599996566772,14.9200000762939,14.9200000762939,113200,14.4981489181519,2024-02-14
14.8999996185303,15.1599998474121,14.8400001525879,14.960000038147,77910,14.5370178222656,2024-02-15
14.9799995422363,15.1999998092651,14.9399995803833,15.1400003433228,84048,14.7119293212891,2024-02-16
15.1000003814697,15.1199998855591,14.539999961853,14.6599998474121,92704,14.2455005645752,2024-02-19
14.5799999237061,15,14.4399995803833,14.7600002288818,56656,14.3426733016968,2024-02-20
14.8199996948242,14.9399995803833,14.5799999237061,14.5799999237061,43601,14.1677627563477,2024-02-21
14.3999996185303,14.6000003814697,14.3199996948242,14.3999996185303,46338,13.9928512573242,2024-02-22
14.4200000762939,14.8800001144409,14.3800001144409,14.8599996566772,62831,14.439845085144,2024-02-23
14.8999996185303,15.3000001907349,14.8999996185303,15,62433,14.5758876800537,2024-02-26
15.2399997711182,15.2399997711182,14.6400003433228,14.6400003433228,43952,14.2260665893555,2024-02-27
14.6599998474121,15.0600004196167,14.5,14.6400003433228,110884,14.2260665893555,2024-02-28
14.5600004196167,14.7799997329712,14.1599998474121,14.2399997711182,1148601,13.8373756408691,2024-02-29
14.3800001144409,14.4399995803833,13.8000001907349,14,109158,13.6041612625122,2024-03-01
13.9799995422363,14.3199996948242,13.8599996566772,14.2799997329712,64144,13.8762445449829,2024-03-04
14.2799997329712,14.3800001144409,14.1800003051758,14.3400001525879,66158,13.934549331665,2024-03-05
14.3800001144409,14.3999996185303,13.7399997711182,13.8000001907349,138954,13.4098167419434,2024-03-06
13.7200002670288,13.7600002288818,13.4200000762939,13.6199998855591,74613,13.2349052429199,2024-03-07
13.6199998855591,13.9200000762939,13.4799995422363,13.7399997711182,46485,13.3515129089355,2024-03-08
13.8999996185303,13.8999996185303,13.539999961853,13.6199998855591,44483,13.2349052429199,2024-03-11
13.6999998092651,13.7600002288818,13.5600004196167,13.6199998855591,36061,13.2349052429199,2024-03-12
13.960000038147,13.960000038147,13.3000001907349,13.3000001907349,61248,12.9239540100098,2024-03-13
13.4799995422363,13.6599998474121,13.2399997711182,13.6400003433228,76279,13.254340171814,2024-03-14
13.6400003433228,13.6599998474121,13.5,13.5200004577637,34751,13.1377334594727,2024-03-15
13.8000001907349,13.8000001907349,13.3199996948242,13.3199996948242,36560,12.9433879852295,2024-03-18
13.3999996185303,13.5,13.3000001907349,13.3999996185303,51879,13.021125793457,2024-03-19
13.3000001907349,13.3000001907349,13.1199998855591,13.1599998474121,43650,12.7879114151001,2024-03-20
13.2399997711182,13.2600002288818,13.0600004196167,13.1599998474121,96008,12.7879114151001,2024-03-21
13.1000003814697,13.1000003814697,12.8199996948242,12.8800001144409,89825,12.5158290863037,2024-03-22
13,13,12.7600002288818,12.8199996948242,57474,12.4575252532959,2024-03-25
12.960000038147,13.0600004196167,12.7600002288818,13,33493,12.6324348449707,2024-03-26
13.1599998474121,13.1999998092651,13.0200004577637,13.1599998474121,23155,12.7879114151001,2024-03-27
13.2600002288818,13.4200000762939,13,13.4200000762939,88111,13.0405607223511,2024-03-28
13.4399995803833,13.7200002670288,13.3000001907349,13.6599998474121,81974,13.2737741470337,2024-04-02
13.6800003051758,14,13.6599998474121,13.8800001144409,86158,13.4875545501709,2024-04-03
13.8000001907349,13.8599996566772,13.5,13.5,92138,13.1182985305786,2024-04-04
13.8000001907349,13.8000001907349,13.4399995803833,13.6000003814697,39282,13.2154712677002,2024-04-05
13.5200004577637,14.1400003433228,13.5,13.9799995422363,147836,13.5847263336182,2024-04-08
14,14.1000003814697,13.7600002288818,13.8000001907349,55240,13.4098167419434,2024-04-09
13.8599996566772,13.9200000762939,13.5799999237061,13.7200002670288,69661,13.3320789337158,2024-04-10
13.6400003433228,13.8800001144409,13.6000003814697,13.6400003433228,46574,13.254340171814,2024-04-11
13.8000001907349,13.9200000762939,13.6400003433228,13.7200002670288,52967,13.3320789337158,2024-04-12
13.8800001144409,13.8999996185303,13.6999998092651,13.7399997711182,185777,13.3515129089355,2024-04-15
13.6400003433228,13.6999998092651,13.2799997329712,13.6800003051758,97274,13.2932100296021,2024-04-16
13.6999998092651,13.8400001525879,13.6000003814697,13.6000003814697,26562,13.2154712677002,2024-04-17
13.6400003433228,13.6400003433228,13.3199996948242,13.3599996566772,40402,12.9822568893433,2024-04-18
13.3199996948242,13.5,13.2600002288818,13.3599996566772,82380,12.9822568893433,2024-04-19
13.1599998474121,13.5200004577637,13.1599998474121,13.3599996566772,62905,12.9822568893433,2024-04-22
13.460000038147,13.4799995422363,13.1199998855591,13.2600002288818,51174,12.885085105896,2024-04-23
13.2600002288818,13.3000001907349,13.1400003433228,13.1400003433228,25180,12.7684774398804,2024-04-24
13.039999961853,13.460000038147,13.039999961853,13.1400003433228,64899,12.7684774398804,2024-04-25
13.1400003433228,13.2399997711182,13,13.2399997711182,43747,12.865650177002,2024-04-26
13.2600002288818,13.3199996948242,13.1000003814697,13.1199998855591,54542,12.7490425109863,2024-04-29
13.3000001907349,13.3000001907349,13,13.1400003433228,50458,12.7684774398804,2024-04-30
13.2399997711182,13.4200000762939,13,13.4200000762939,69447,13.0405607223511,2024-05-02
13.4200000762939,13.5200004577637,13.3599996566772,13.4799995422363,24374,13.0988636016846,2024-05-03
13.5600004196167,13.5799999237061,13.2600002288818,13.2799997329712,24343,13.0860443115234,2024-05-06
13.3400001525879,13.3400001525879,13.0600004196167,13.0600004196167,25286,12.8692579269409,2024-05-07
13.1199998855591,14.5799999237061,13.1000003814697,13.7799997329712,124717,13.5787410736084,2024-05-08
13.7600002288818,13.8800001144409,13.5799999237061,13.8800001144409,53232,13.6772813796997,2024-05-09
13.960000038147,14.1000003814697,13.7399997711182,13.8599996566772,40769,13.6575727462769,2024-05-10
13.8000001907349,13.9200000762939,13.6999998092651,13.6999998092651,21080,13.4999094009399,2024-05-13
13.7799997329712,14.039999961853,13.7799997329712,13.8400001525879,40704,13.6378650665283,2024-05-14
13.9399995803833,14.6000003814697,13.9399995803833,14.1199998855591,101641,13.9137754440308,2024-05-15
14.2799997329712,14.9799995422363,14.1000003814697,14.8599996566772,104803,14.6429681777954,2024-05-16
15.2200002670288,15.3999996185303,14.8599996566772,15.2399997711182,171666,15.0174179077148,2024-05-17
15,15.5,15,15.2200002670288,67536,14.9977102279663,2024-05-20
15.0200004577637,15.3400001525879,15.0200004577637,15.3400001525879,37693,15.1159582138062,2024-05-21
15.2200002670288,15.2799997329712,15.0799999237061,15.1800003051758,33128,14.9582948684692,2024-05-22
15.1400003433228,15.7200002670288,15.1000003814697,15.5,63527,15.2736206054688,2024-05-23
15.4399995803833,15.7600002288818,15.2600002288818,15.6199998855591,62394,15.3918685913086,2024-05-24
15.6199998855591,15.8999996185303,15.5,15.8000001907349,53990,15.569239616394,2024-05-27
15.960000038147,16.1000003814697,15.3599996566772,15.539999961853,79341,15.3130369186401,2024-05-28
15.3000001907349,15.7399997711182,15.3000001907349,15.5200004577637,33437,15.2933292388916,2024-05-29
15.4799995422363,16,15.460000038147,16,34075,15.766318321228,2024-05-30
15.8000001907349,16.1599998474121,15.8000001907349,16,431310,15.766318321228,2024-05-31
16,16,15.3999996185303,15.6199998855591,67181,15.3918685913086,2024-06-03
15.5200004577637,15.6199998855591,15.039999961853,15.2200002670288,82453,14.9977102279663,2024-06-04
15.2399997711182,15.4399995803833,15.1599998474121,15.3599996566772,36003,15.1356649398804,2024-06-05
15.1999998092651,15.4200000762939,15.1999998092651,15.4200000762939,27185,15.1947889328003,2024-06-06
15.4399995803833,16,15.3400001525879,15.8800001144409,44046,15.6480712890625,2024-06-07
15.9399995803833,16.2000007629395,15.8800001144409,16.2000007629395,143170,15.9633979797363,2024-06-10
16.2600002288818,16.2600002288818,15.460000038147,15.6000003814697,65476,15.3721609115601,2024-06-11
15.6400003433228,16.2800006866455,15.6400003433228,16.0599994659424,72278,15.8254413604736,2024-06-12
15.9799995422363,16.0599994659424,15.4399995803833,15.4399995803833,35343,15.2144966125488,2024-06-13
15.3999996185303,15.8999996185303,15.3999996185303,15.6800003051758,67656,15.4509925842285,2024-06-14
15.7399997711182,16.1000003814697,15.6199998855591,16.1000003814697,51219,15.8648586273193,2024-06-17
15.8000001907349,16.4200000762939,15.8000001907349,16.3400001525879,45922,16.1013526916504,2024-06-18
16.4799995422363,16.7399997711182,16.1000003814697,16.4799995422363,60499,16.2393074035645,2024-06-19
16.5200004577637,16.6800003051758,16.2600002288818,16.6200008392334,28199,16.3772640228271,2024-06-20
15.6400003433228,16.2000007629395,15.3800001144409,16.0200004577637,464011,15.7860269546509,2024-06-21
16.2000007629395,16.2000007629395,15.6199998855591,15.8000001907349,161137,15.569239616394,2024-06-24
15.6800003051758,15.8400001525879,15.5200004577637,15.6000003814697,107477,15.3721609115601,2024-06-25
15.5200004577637,15.539999961853,15.1999998092651,15.5,173441,15.2736206054688,2024-06-26
15.3000001907349,15.539999961853,15.2399997711182,15.2600002288818,116854,15.0371265411377,2024-06-27
15.2600002288818,15.3000001907349,15.1400003433228,15.1400003433228,131068,14.9188795089722,2024-06-28
15.3000001907349,15.7200002670288,15.0799999237061,15.6800003051758,114560,15.4509925842285,2024-07-01
15.5600004196167,15.8199996948242,15.4399995803833,15.7200002670288,139186,15.4904079437256,2024-07-02
15.7799997329712,15.960000038147,15.7799997329712,15.8599996566772,84935,15.6283626556396,2024-07-03
15.8999996185303,15.9399995803833,15.7600002288818,15.8000001907349,23435,15.569239616394,2024-07-04
15.6199998855591,15.8599996566772,15.5200004577637,15.7600002288818,28484,15.5298233032227,2024-07-05
15.6000003814697,15.9799995422363,15.6000003814697,15.7399997711182,45965,15.5101156234741,2024-07-08
15.960000038147,15.960000038147,15.539999961853,15.539999961853,56782,15.3130369186401,2024-07-09
15.5200004577637,15.7600002288818,15.3999996185303,15.7600002288818,49932,15.5298233032227,2024-07-10
15.8599996566772,16.2000007629395,15.7799997329712,16.2000007629395,65366,15.9633979797363,2024-07-11
15.9799995422363,16.2999992370605,15.9799995422363,16.2000007629395,40005,15.9633979797363,2024-07-12
16.3600006103516,16.4599990844727,15.8800001144409,15.8800001144409,52227,15.6480712890625,2024-07-15
15.8000001907349,16,15.6999998092651,15.8599996566772,33213,15.6283626556396,2024-07-16
15.9200000762939,16,15.7200002670288,15.8800001144409,40730,15.6480712890625,2024-07-17
15.9200000762939,16.4200000762939,15.8199996948242,16.3799991607666,149634,16.1407680511475,2024-07-18
16.3600006103516,16.5599994659424,16.1000003814697,16.3400001525879,39470,16.1013526916504,2024-07-19
16.5599994659424,16.8999996185303,16.2199993133545,16.6800003051758,63040,16.4363880157471,2024-07-22
16.7000007629395,16.7399997711182,16.5,16.6599998474121,60094,16.4166793823242,2024-07-23
16.7000007629395,16.7000007629395,16.4599990844727,16.5599994659424,35761,16.3181381225586,2024-07-24
16.7000007629395,16.7000007629395,16.3999996185303,16.5200004577637,75473,16.2787246704102,2024-07-25
16.3799991607666,16.8799991607666,16.3799991607666,16.8199996948242,27780,16.5743427276611,2024-07-26
16.7399997711182,16.8400001525879,16.5200004577637,16.5200004577637,32247,16.2787246704102,2024-07-29
16.3799991607666,16.9200000762939,16.3799991607666,16.5200004577637,57640,16.2787246704102,2024-07-30
16.6000003814697,16.8199996948242,16.5,16.5,51297,16.2590160369873,2024-07-31
16.3799991607666,16.6599998474121,16.1800003051758,16.1800003051758,33104,15.9436893463135,2024-08-01
15.8000001907349,16.7000007629395,15.7600002288818,16.3999996185303,154495,16.1604766845703,2024-08-02
15.9799995422363,16.4400005340576,15.7600002288818,15.8999996185303,76799,15.6677780151367,2024-08-05
16.0599994659424,16.1800003051758,15.7600002288818,15.8599996566772,43123,15.6283626556396,2024-08-06
15.7200002670288,16.1599998474121,15.7200002670288,15.9200000762939,86348,15.6874866485596,2024-08-07
16.1800003051758,16.1800003051758,15.539999961853,15.8800001144409,66708,15.6480712890625,2024-08-08
15.960000038147,16.1000003814697,15.7600002288818,15.7600002288818,27978,15.5298233032227,2024-08-09
15.960000038147,15.960000038147,15.7399997711182,15.8199996948242,31785,15.5889472961426,2024-08-12
15.6999998092651,15.7399997711182,15.4200000762939,15.7200002670288,60717,15.4904079437256,2024-08-13
15.5,15.7799997329712,15.5,15.6400003433228,48072,15.4115762710571,2024-08-14
15.5799999237061,15.8599996566772,15.5200004577637,15.7399997711182,80940,15.5101156234741,2024-08-16
15.960000038147,15.960000038147,15.4399995803833,15.4399995803833,82998,15.2144966125488,2024-08-19
15.539999961853,15.8599996566772,15.539999961853,15.6599998474121,31522,15.4312839508057,2024-08-20
15.6800003051758,16,15.6599998474121,15.9200000762939,52010,15.6874866485596,2024-08-21
16,16,15.7600002288818,15.8199996948242,30769,15.5889472961426,2024-08-22
15.8199996948242,15.9399995803833,15.7200002670288,15.8999996185303,31373,15.6677780151367,2024-08-23
15.9399995803833,16.0400009155273,15.7399997711182,15.9399995803833,51024,15.7071943283081,2024-08-26
15.8199996948242,15.8800001144409,15.6199998855591,15.7600002288818,58117,15.5298233032227,2024-08-27
15.6999998092651,15.8400001525879,15.6000003814697,15.8400001525879,44954,15.6086549758911,2024-08-28
15.6999998092651,16,15.6999998092651,15.8800001144409,43398,15.6480712890625,2024-08-29
15.9200000762939,16.2199993133545,15.9200000762939,16.0599994659424,274118,15.8254413604736,2024-08-30
16.0400009155273,16.0400009155273,15.8199996948242,15.8400001525879,37170,15.6086549758911,2024-09-02
15.8000001907349,15.960000038147,15.6000003814697,15.6199998855591,55322,15.3918685913086,2024-09-03
15.4399995803833,15.8199996948242,15.4399995803833,15.6400003433228,45418,15.4115762710571,2024-09-04
15.6000003814697,15.8199996948242,15.4799995422363,15.5600004196167,39360,15.3327445983887,2024-09-05
15.5200004577637,15.7200002670288,15.4399995803833,15.4399995803833,65632,15.2144966125488,2024-09-06
15.4399995803833,15.6400003433228,15.3000001907349,15.3199996948242,53763,15.0962495803833,2024-09-09
15.2600002288818,15.4399995803833,14.6599998474121,14.8400001525879,114500,14.6232604980469,2024-09-10
14.8599996566772,15.0799999237061,14.6000003814697,14.6199998855591,90292,14.40647315979,2024-09-11
14.8999996185303,14.8999996185303,14.6400003433228,14.7600002288818,86664,14.5444288253784,2024-09-12
14.5600004196167,15.1000003814697,14.5600004196167,14.9399995803833,87213,14.7217988967896,2024-09-13
14.8000001907349,14.960000038147,14.6400003433228,14.6800003051758,73456,14.46559715271,2024-09-16
14.5600004196167,14.8199996948242,14.539999961853,14.6199998855591,52703,14.40647315979,2024-09-17
14.6000003814697,14.6400003433228,14.1599998474121,14.1800003051758,91805,13.9728994369507,2024-09-18
14.1999998092651,14.460000038147,14.1999998092651,14.3999996185303,81961,14.1896858215332,2024-09-19
14.3199996948242,14.5,14.2200002670288,14.2600002288818,1512474,14.0517311096191,2024-09-20
14.1999998092651,14.2399997711182,14.0200004577637,14.1199998855591,67534,13.9137754440308,2024-09-23
14.0200004577637,14.6199998855591,14.0200004577637,14.6199998855591,87763,14.40647315979,2024-09-24
14.6999998092651,14.7200002670288,14.4200000762939,14.6800003051758,45192,14.46559715271,2024-09-25
14.8599996566772,15.6400003433228,14.8000001907349,15.5200004577637,160471,15.2933292388916,2024-09-26
15.4399995803833,15.8999996185303,15.4399995803833,15.7600002288818,101028,15.5298233032227,2024-09-27
15.7200002670288,16,15.6000003814697,15.8400001525879,153716,15.6086549758911,2024-09-30
15.8800001144409,16.1000003814697,15.7799997329712,15.7799997329712,284400,15.5495309829712,2024-10-01
15.7600002288818,15.8199996948242,15.3000001907349,15.3400001525879,99147,15.1159582138062,2024-10-02
15.5600004196167,15.6800003051758,15.3599996566772,15.460000038147,107231,15.2342052459717,2024-10-03
15.6199998855591,16.0200004577637,15.4200000762939,15.9200000762939,75375,15.6874866485596,2024-10-04
16.0799999237061,16.1000003814697,15.7600002288818,16.1000003814697,80619,15.8648586273193,2024-10-07
16.1800003051758,16.1800003051758,15.9200000762939,16.0400009155273,51182,15.8057346343994,2024-10-08
15.960000038147,16.2399997711182,15.9399995803833,16,125468,15.766318321228,2024-10-09
15.8999996185303,16.1800003051758,15.8999996185303,16.1000003814697,55317,15.8648586273193,2024-10-10
15.9799995422363,16.5400009155273,15.9799995422363,16.5400009155273,66742,16.298433303833,2024-10-11
16.5799999237061,16.5799999237061,16.3799991607666,16.3799991607666,39016,16.1407680511475,2024-10-14
16.2199993133545,16.3799991607666,16,16.0799999237061,43428,15.8451499938965,2024-10-15
15.9799995422363,15.9799995422363,15.5600004196167,15.6400003433228,114739,15.4115762710571,2024-10-16
15.4399995803833,15.8199996948242,14.7799997329712,15.8000001907349,127858,15.569239616394,2024-10-17
15.8000001907349,16.4200000762939,15.7399997711182,15.7399997711182,131748,15.5101156234741,2024-10-18
15.8999996185303,15.8999996185303,15.2200002670288,15.2200002670288,62314,14.9977102279663,2024-10-21
15.3999996185303,15.3999996185303,15.0600004196167,15.1999998092651,74019,14.9780025482178,2024-10-22
15.3599996566772,15.5,15.2200002670288,15.3999996185303,50268,15.1750812530518,2024-10-23
15.1999998092651,15.6999998092651,15.1999998092651,15.3999996185303,44022,15.1750812530518,2024-10-24
15.5600004196167,15.5600004196167,15.2399997711182,15.2399997711182,40250,15.0174179077148,2024-10-25
15.1599998474121,15.460000038147,15.1599998474121,15.2200002670288,40300,14.9977102279663,2024-10-28
15.3400001525879,15.3999996185303,15.1000003814697,15.1000003814697,41859,14.8794631958008,2024-10-29
15.3400001525879,15.3400001525879,14.9200000762939,15,126059,14.7809238433838,2024-10-30
15.0799999237061,15.1199998855591,14.6000003814697,14.7399997711182,90173,14.5247201919556,2024-10-31
14.5600004196167,14.8000001907349,14.5600004196167,14.6400003433228,62425,14.4261817932129,2024-11-01
14.8999996185303,14.8999996185303,14.3999996185303,14.3999996185303,49353,14.1896858215332,2024-11-04
14.3599996566772,14.4799995422363,14.2600002288818,14.3000001907349,51431,14.0911474227905,2024-11-05
14.1800003051758,14.539999961853,13.7399997711182,13.8400001525879,67676,13.6378650665283,2024-11-06
13.8199996948242,15.0799999237061,13.4399995803833,15.0799999237061,216489,14.8597545623779,2024-11-07
15.2600002288818,15.2600002288818,14.6000003814697,14.6599998474121,97709,14.4458894729614,2024-11-08
14.5600004196167,14.7799997329712,14.5,14.5,48972,14.2882261276245,2024-11-11
14.3599996566772,14.6000003814697,14.2600002288818,14.4399995803833,48388,14.2291021347046,2024-11-12
14.5,14.6400003433228,14.4200000762939,14.5,43039,14.2882261276245,2024-11-13
14.3599996566772,14.5799999237061,14.2600002288818,14.3199996948242,53738,14.1108541488647,2024-11-14
14.3000001907349,14.3400001525879,14.1199998855591,14.1199998855591,91611,13.9137754440308,2024-11-15
14,14.1000003814697,13.6400003433228,13.6400003433228,59694,13.4407863616943,2024-11-18
13.5799999237061,13.6800003051758,13.2600002288818,13.6800003051758,96221,13.4802026748657,2024-11-19
13.8000001907349,13.8000001907349,13.3800001144409,13.3800001144409,46705,13.1845836639404,2024-11-20
13.5,13.539999961853,13.3000001907349,13.4799995422363,87485,13.2831230163574,2024-11-21
13.6400003433228,13.6999998092651,13.4200000762939,13.6800003051758,44486,13.4802026748657,2024-11-22
13.8000001907349,13.8000001907349,13.3999996185303,13.6000003814697,84263,13.4013710021973,2024-11-25
13.4200000762939,13.7600002288818,13.3999996185303,13.539999961853,54214,13.3422470092773,2024-11-26
13.5600004196167,13.6400003433228,13.4399995803833,13.5799999237061,31292,13.3816623687744,2024-11-27
13.6400003433228,13.6800003051758,13.460000038147,13.6800003051758,36702,13.4802026748657,2024-11-28
13.5,13.8000001907349,13.5,13.6800003051758,72519,13.4802026748657,2024-11-29
13.6599998474121,13.8000001907349,13.5600004196167,13.6400003433228,29208,13.4407863616943,2024-12-02
13.8199996948242,13.8199996948242,13.3599996566772,13.4200000762939,48982,13.2239999771118,2024-12-03
13.5600004196167,13.5799999237061,13.2600002288818,13.3599996566772,44891,13.1648750305176,2024-12-04
13.5600004196167,13.6800003051758,13.3000001907349,13.6800003051758,51329,13.4802026748657,2024-12-05
13.5,13.7799997329712,13.5,13.6199998855591,69690,13.4210786819458,2024-12-06
13.6199998855591,13.8999996185303,13.5799999237061,13.7799997329712,75458,13.5787410736084,2024-12-09
13.6599998474121,14.460000038147,13.6000003814697,14.3599996566772,161892,14.1502704620361,2024-12-10
14.3599996566772,14.5799999237061,14.2799997329712,14.4200000762939,89006,14.2093944549561,2024-12-11
14.4200000762939,14.6800003051758,14.3000001907349,14.539999961853,142405,14.3276414871216,2024-12-12
14.7200002670288,14.8000001907349,14.460000038147,14.539999961853,79528,14.3276414871216,2024-12-13
14.6599998474121,14.6599998474121,13.9799995422363,13.9799995422363,122486,13.7758197784424,2024-12-16
13.8999996185303,14.1599998474121,13.8400001525879,14.1400003433228,84724,13.9334840774536,2024-12-17
14,14.3400001525879,14,14.2799997329712,86922,14.0714387893677,2024-12-18
14.2799997329712,14.2799997329712,13.7600002288818,13.8000001907349,170848,13.5984497070312,2024-12-19
14,14,13.5600004196167,13.8400001525879,130807,13.6378650665283,2024-12-20
14,14,13.6199998855591,13.8999996185303,31127,13.6969890594482,2024-12-23
13.6999998092651,13.9799995422363,13.6999998092651,13.8400001525879,24558,13.6378650665283,2024-12-27
13.960000038147,13.960000038147,13.6999998092651,13.9200000762939,47080,13.7166967391968,2024-12-30
13.960000038147,13.960000038147,13.6800003051758,13.8999996185303,22037,13.6969890594482,2025-01-02
13.960000038147,13.9799995422363,13.7799997329712,13.8400001525879,52319,13.6378650665283,2025-01-03
14,14,13.6999998092651,13.7799997329712,34321,13.5787410736084,2025-01-06
13.9799995422363,13.9799995422363,13.6400003433228,13.9399995803833,52048,13.7364044189453,2025-01-07
13.9799995422363,14.3199996948242,13.7399997711182,14.1599998474121,76448,13.9531917572021,2025-01-08
14.1000003814697,14.1999998092651,13.9399995803833,14.0600004196167,67120,13.8546524047852,2025-01-09
14.1800003051758,14.1800003051758,13.9399995803833,14.0200004577637,66376,13.8152370452881,2025-01-10
14.1599998474121,14.1599998474121,13.6999998092651,13.6999998092651,77476,13.4999094009399,2025-01-13
13.7399997711182,14.0799999237061,13.6199998855591,13.8599996566772,200930,13.6575727462769,2025-01-14
13.9399995803833,14.1000003814697,13.8000001907349,13.8599996566772,116500,13.6575727462769,2025-01-15
14.0799999237061,14.5,14.0799999237061,14.3000001907349,292244,14.0911474227905,2025-01-16
14.4200000762939,15.0600004196167,14.3599996566772,14.9799995422363,260837,14.7612152099609,2025-01-17
14.8999996185303,14.960000038147,14.5,14.5200004577637,95170,14.3079347610474,2025-01-20
14.3800001144409,14.6999998092651,14.3800001144409,14.5799999237061,44044,14.367057800293,2025-01-21
14.6599998474121,14.7600002288818,14.4399995803833,14.539999961853,61076,14.3276414871216,2025-01-22
14.3599996566772,14.4799995422363,14.1599998474121,14.1999998092651,79009,13.9926071166992,2025-01-23
14,14.3800001144409,14,14.1000003814697,37658,13.8940687179565,2025-01-24
14.0600004196167,14.1999998092651,13.9200000762939,14.039999961853,77436,13.8349447250366,2025-01-27
13.8400001525879,14.3199996948242,13.8400001525879,14.2799997329712,27624,14.0714387893677,2025-01-28
14,14.2200002670288,13.8800001144409,13.9399995803833,64497,13.7364044189453,2025-01-29
13.8199996948242,14.1400003433228,13.8199996948242,14,68368,13.7955284118652,2025-01-30
13.8199996948242,14.2399997711182,13.8199996948242,14.2399997711182,77242,14.0320234298706,2025-01-31
14.1000003814697,14.1000003814697,13.7399997711182,13.9799995422363,51146,13.7758197784424,2025-02-03
14.1000003814697,14.1000003814697,13.3800001144409,13.4200000762939,139568,13.2239999771118,2025-02-04
13.2799997329712,13.5200004577637,13.1000003814697,13.5200004577637,124152,13.3225393295288,2025-02-05
13.3000001907349,13.6000003814697,13.3000001907349,13.539999961853,40244,13.3422470092773,2025-02-06
13.6000003814697,13.6000003814697,13.3599996566772,13.3599996566772,46870,13.1648750305176,2025-02-07
13.3599996566772,13.539999961853,13.3199996948242,13.3800001144409,35005,13.1845836639404,2025-02-10
13.3800001144409,13.6000003814697,13.3400001525879,13.5,44484,13.302830696106,2025-02-11
13.6400003433228,14.3400001525879,13.539999961853,14.2600002288818,149798,14.0517311096191,2025-02-12
14.2399997711182,14.3199996948242,13.9200000762939,14.0799999237061,60019,13.8743600845337,2025-02-13
13.8199996948242,14.3199996948242,13.8199996948242,14.1000003814697,72059,13.8940687179565,2025-02-14
14.1000003814697,14.1400003433228,13.9399995803833,14,38352,13.7955284118652,2025-02-17
14.1199998855591,14.1400003433228,13.8999996185303,13.960000038147,47564,13.7561130523682,2025-02-18
13.960000038147,14.3199996948242,13.9200000762939,14.0600004196167,55498,13.8546524047852,2025-02-19
14.0600004196167,14.0600004196167,13.7399997711182,13.8400001525879,51758,13.6378650665283,2025-02-20
13.9399995803833,14.2799997329712,13.8999996185303,14.2600002288818,124724,14.0517311096191,2025-02-21
14.3599996566772,14.3800001144409,14.1199998855591,14.1800003051758,54130,13.9728994369507,2025-02-24
14,14.3199996948242,14,14.0600004196167,37099,13.8546524047852,2025-02-25
14.2799997329712,14.6000003814697,14.0600004196167,14.2600002288818,94089,14.0517311096191,2025-02-26
14.1800003051758,14.3400001525879,14.039999961853,14.2200002670288,50886,14.0123157501221,2025-02-27
14,14.3800001144409,14,14.3199996948242,198668,14.1108541488647,2025-02-28
14.1800003051758,14.6400003433228,14.1800003051758,14.3199996948242,57506,14.1108541488647,2025-03-03
14.1999998092651,14.4200000762939,14.0600004196167,14.1599998474121,47010,13.9531917572021,2025-03-04
14,14.2600002288818,13.4200000762939,13.4799995422363,191254,13.2831230163574,2025-03-05
13.4799995422363,13.6400003433228,13.0600004196167,13.1199998855591,104868,12.9283809661865,2025-03-06
13.6400003433228,13.6400003433228,12.9200000762939,13.3999996185303,60483,13.204291343689,2025-03-07
13.2799997329712,13.3800001144409,13.0200004577637,13.2200002670288,51426,13.0269203186035,2025-03-10
13.1000003814697,13.2200002670288,12.8599996566772,12.9399995803833,65992,12.7510099411011,2025-03-11
12.8000001907349,13,12.7200002670288,12.7399997711182,101683,12.5539302825928,2025-03-12
12.5200004577637,13.1800003051758,12.5200004577637,13.1800003051758,114705,12.9875049591064,2025-03-13
13.2799997329712,13.4200000762939,12.8199996948242,13.0600004196167,140913,12.8692579269409,2025-03-14
13.1400003433228,13.1800003051758,12.9799995422363,13.0600004196167,535118,12.8692579269409,2025-03-17
13.1800003051758,13.3199996948242,13.1199998855591,13.3199996948242,200501,13.1254596710205,2025-03-18
13.2600002288818,13.2799997329712,13.0600004196167,13.1800003051758,41244,12.9875049591064,2025-03-19
13.1800003051758,13.2200002670288,12.9799995422363,13.1400003433228,42741,12.9480895996094,2025-03-20
13.0799999237061,13.1800003051758,12.8800001144409,12.9200000762939,89742,12.7313022613525,2025-03-21
13.0799999237061,13.0799999237061,12.7600002288818,12.8599996566772,37342,12.6721782684326,2025-03-24
12.7799997329712,13.1400003433228,12.7799997329712,13.1400003433228,63306,12.9480895996094,2025-03-25
13.1199998855591,13.1800003051758,12.960000038147,13.1000003814697,181393,12.908673286438,2025-03-26
13,13.3599996566772,13,13.2399997711182,66830,13.0466279983521,2025-03-27
13.1800003051758,13.3999996185303,13.1800003051758,13.3000001907349,35907,13.105751991272,2025-03-28
13.1999998092651,13.1999998092651,12.8999996185303,12.8999996185303,553765,12.7115936279297,2025-03-31
13.0799999237061,13.1599998474121,12.960000038147,13.1199998855591,37876,12.9283809661865,2025-04-01
13.1999998092651,13.1999998092651,12.8800001144409,13,23829,12.810133934021,2025-04-02
12.8599996566772,13.0600004196167,12.8000001907349,12.9399995803833,77981,12.7510099411011,2025-04-03
12.960000038147,13.0799999237061,12.7399997711182,12.8199996948242,190979,12.6327619552612,2025-04-04
12.5,12.6999998092651,11.8199996948242,12.2799997329712,165052,12.1006488800049,2025-04-07
11.8999996185303,12.6999998092651,11.3400001525879,12.6800003051758,96165,12.4948072433472,2025-04-08
12.0200004577637,12.3800001144409,11.7700004577637,11.8999996185303,221362,11.7261991500854,2025-04-09
13,13,12.039999961853,12.1599998474121,116227,11.9824018478394,2025-04-10
12.0600004196167,12.3400001525879,11.8199996948242,12,80333,11.8247385025024,2025-04-11
13.039999961853,13.039999961853,12.1000003814697,12.1999998092651,56333,12.0218172073364,2025-04-14
12.7600002288818,12.7600002288818,11.960000038147,12.3199996948242,253675,12.1400651931763,2025-04-15
12.1800003051758,12.1999998092651,11.8999996185303,11.9799995422363,58043,11.8050308227539,2025-04-16
11.960000038147,12.1400003433228,11.8400001525879,12.1400003433228,75625,11.9626941680908,2025-04-17
12.1000003814697,12.1400003433228,11.8199996948242,12.0600004196167,76554,11.8838624954224,2025-04-22
12.1599998474121,12.4799995422363,12.1000003814697,12.3999996185303,82169,12.2188959121704,2025-04-23
12.8800001144409,12.8800001144409,12.3000001907349,12.539999961853,210169,12.3568515777588,2025-04-24
12.5799999237061,12.7600002288818,12.5,12.6400003433228,102703,12.4553918838501,2025-04-25
12.8000001907349,13.0799999237061,12.7399997711182,13.0200004577637,59580,12.8298416137695,2025-04-28
12.7799997329712,13.1999998092651,12.7799997329712,13.0600004196167,27697,12.8692579269409,2025-04-29
12.960000038147,13.3199996948242,12.960000038147,13.3000001907349,44429,13.105751991272,2025-04-30
13.1000003814697,13.5200004577637,13.1000003814697,13.5,63353,13.302830696106,2025-05-02
13.6000003814697,13.6000003814697,13.1199998855591,13.2200002670288,32965,13.2200002670288,2025-05-05
13.3599996566772,13.5200004577637,13.2399997711182,13.4799995422363,55824,13.4799995422363,2025-05-06
13.2799997329712,13.2799997329712,12.8999996185303,13.0600004196167,46068,13.0600004196167,2025-05-07
13.539999961853,13.6199998855591,12.539999961853,12.9200000762939,176097,12.9200000762939,2025-05-08
12.8000001907349,13.5,12.8000001907349,13.1199998855591,86379,13.1199998855591,2025-05-09
13.3000001907349,13.7399997711182,13.0200004577637,13.6400003433228,109189,13.6400003433228,2025-05-12
13.7399997711182,13.7399997711182,13.2399997711182,13.2600002288818,78845,13.2600002288818,2025-05-13
13.3400001525879,13.4799995422363,13.1999998092651,13.3400001525879,72867,13.3400001525879,2025-05-14
13.2799997329712,13.4399995803833,13.2200002670288,13.2799997329712,60156,13.2799997329712,2025-05-15
13.460000038147,13.5600004196167,13.3800001144409,13.5,54087,13.5,2025-05-16
13.3999996185303,13.6199998855591,13.3800001144409,13.3800001144409,41951,13.3800001144409,2025-05-19
13.3599996566772,13.5799999237061,13.2799997329712,13.4399995803833,87819,13.4399995803833,2025-05-20
13.5,13.6199998855591,13.2799997329712,13.6199998855591,26754,13.6199998855591,2025-05-21
13.5200004577637,13.539999961853,13.3000001907349,13.539999961853,32179,13.539999961853,2025-05-22
13.5600004196167,13.9799995422363,13.5200004577637,13.9399995803833,83075,13.9399995803833,2025-05-23
13.9399995803833,14.2600002288818,13.8000001907349,14.1000003814697,94926,14.1000003814697,2025-05-26
14.1999998092651,14.3400001525879,14,14.2799997329712,49087,14.2799997329712,2025-05-27
14.2799997329712,14.3400001525879,14.0799999237061,14.1800003051758,40819,14.1800003051758,2025-05-28
14.1000003814697,14.2399997711182,13.9799995422363,14,36094,14,2025-05-29
13.960000038147,14.3400001525879,13.960000038147,14.2799997329712,59237,14.2799997329712,2025-05-30
14.2799997329712,14.2799997329712,13.6599998474121,13.6800003051758,69789,13.6800003051758,2025-06-02
13.7200002670288,13.7600002288818,13.460000038147,13.5,64801,13.5,2025-06-03
13.5200004577637,13.7799997329712,13.4799995422363,13.6400003433228,32535,13.6400003433228,2025-06-04
13.5600004196167,13.7799997329712,13.5,13.5,44318,13.5,2025-06-05
13.4799995422363,13.5799999237061,13.4399995803833,13.460000038147,30953,13.460000038147,2025-06-06
13.3599996566772,13.6000003814697,13.3599996566772,13.4799995422363,51011,13.4799995422363,2025-06-09
13.3599996566772,13.6400003433228,13.3599996566772,13.539999961853,34688,13.539999961853,2025-06-10
13.3999996185303,13.7200002670288,13.3999996185303,13.6800003051758,25909,13.6800003051758,2025-06-11
13.7399997711182,13.8400001525879,13.5600004196167,13.7600002288818,37227,13.7600002288818,2025-06-12
13.6000003814697,14.2600002288818,13.6000003814697,13.8999996185303,249774,13.8999996185303,2025-06-13
13.8400001525879,13.8800001144409,13.5200004577637,13.5200004577637,77400,13.5200004577637,2025-06-16
13.6999998092651,13.6999998092651,13.1999998092651,13.1999998092651,56867,13.1999998092651,2025-06-17
13.1999998092651,13.3999996185303,13.1400003433228,13.2399997711182,44229,13.2399997711182,2025-06-18
13.3000001907349,13.3000001907349,12.8999996185303,12.8999996185303,59301,12.8999996185303,2025-06-19
12.8999996185303,13.0600004196167,12.8400001525879,12.8400001525879,138735,12.8400001525879,2025-06-20
12.7600002288818,12.8199996948242,12.5799999237061,12.7200002670288,48933,12.7200002670288,2025-06-23
12.8999996185303,13.1000003814697,12.8400001525879,12.8999996185303,47088,12.8999996185303,2025-06-24
12.8999996185303,12.960000038147,12.6199998855591,12.6599998474121,78303,12.6599998474121,2025-06-25
12.6400003433228,12.8000001907349,12.5200004577637,12.6000003814697,64319,12.6000003814697,2025-06-26
12.7600002288818,12.8000001907349,12.6800003051758,12.6999998092651,25555,12.6999998092651,2025-06-27
12.9200000762939,13.039999961853,12.6800003051758,12.9200000762939,36776,12.9200000762939,2025-06-30
12.8800001144409,13.1599998474121,12.8800001144409,13.1199998855591,34619,13.1199998855591,2025-07-01
13.1199998855591,13.3800001144409,13.0600004196167,13.2799997329712,46083,13.2799997329712,2025-07-02
13.3199996948242,13.3999996185303,13.2200002670288,13.2799997329712,22067,13.2799997329712,2025-07-03
13.2799997329712,13.3999996185303,12.8999996185303,12.960000038147,55660,12.960000038147,2025-07-04
12.8999996185303,13.039999961853,12.6800003051758,12.6800003051758,70907,12.6800003051758,2025-07-07
12.7399997711182,12.8599996566772,12.6000003814697,12.8000001907349,95726,12.8000001907349,2025-07-08
12.7799997329712,12.8400001525879,12.6599998474121,12.6800003051758,68292,12.6800003051758,2025-07-09
12.6400003433228,12.9399995803833,12.6400003433228,12.8400001525879,79567,12.8400001525879,2025-07-10
12.8599996566772,12.8599996566772,12.6400003433228,12.6800003051758,75267,12.6800003051758,2025-07-11
12.5600004196167,12.5600004196167,12.2200002670288,12.3400001525879,111370,12.3400001525879,2025-07-14
12.3999996185303,12.3999996185303,12.2200002670288,12.2200002670288,144463,12.2200002670288,2025-07-15
12.2399997711182,12.460000038147,12.0200004577637,12.0200004577637,78909,12.0200004577637,2025-07-16
12.0200004577637,12.1199998855591,11.8999996185303,12.1199998855591,202787,12.1199998855591,2025-07-17
12,12.0799999237061,11.9399995803833,12.0799999237061,250432,12.0799999237061,2025-07-18
12.4200000762939,12.4200000762939,11.8999996185303,12.039999961853,52051,12.039999961853,2025-07-21
12,12.0200004577637,11.7799997329712,11.8800001144409,51391,11.8800001144409,2025-07-22
11.8800001144409,12.1599998474121,11.8800001144409,12,66528,12,2025-07-23
12,12.2799997329712,11.9200000762939,12.0600004196167,88796,12.0600004196167,2025-07-24
12.0200004577637,12.0200004577637,11.7399997711182,11.8400001525879,38342,11.8400001525879,2025-07-25
12.0799999237061,12.0799999237061,11.7200002670288,11.7399997711182,64869,11.7399997711182,2025-07-28
11.7399997711182,11.8599996566772,11.7399997711182,11.8000001907349,40842,11.8000001907349,2025-07-29
12,12,11.7399997711182,11.7799997329712,36089,11.7799997329712,2025-07-30
12.1000003814697,12.1000003814697,11.6000003814697,11.6999998092651,92688,11.6999998092651,2025-07-31
11.539999961853,11.6400003433228,11.460000038147,11.5799999237061,91889,11.5799999237061,2025-08-01
12,12,11.5,11.6000003814697,74518,11.6000003814697,2025-08-04
10.7600002288818,11.8999996185303,10.4200000762939,11.7600002288818,431149,11.7600002288818,2025-08-05
11.7799997329712,12.1000003814697,11.7600002288818,12.0200004577637,104255,12.0200004577637,2025-08-06
12.0799999237061,12.3000001907349,11.9799995422363,12,109503,12,2025-08-07
12.1400003433228,12.1400003433228,11.8199996948242,11.9200000762939,60555,11.9200000762939,2025-08-08
11.9200000762939,12.0600004196167,11.5600004196167,11.5600004196167,89331,11.5600004196167,2025-08-11
11.5200004577637,11.6400003433228,11.4200000762939,11.5200004577637,67541,11.5200004577637,2025-08-12
11.6400003433228,11.8400001525879,11.6000003814697,11.7200002670288,49282,11.7200002670288,2025-08-13
11.7200002670288,11.9200000762939,11.6999998092651,11.6999998092651,138599,11.6999998092651,2025-08-14
12.0600004196167,12.0600004196167,11.6199998855591,11.8000001907349,48818,11.8000001907349,2025-08-18
11.7799997329712,12.039999961853,11.7799997329712,11.9399995803833,25315,11.9399995803833,2025-08-19
11.8599996566772,12.1599998474121,11.8599996566772,11.9399995803833,40495,11.9399995803833,2025-08-20
11.9799995422363,11.9799995422363,11.8599996566772,11.960000038147,35740,11.960000038147,2025-08-21
12.1800003051758,12.1800003051758,11.8999996185303,12.039999961853,29854,12.039999961853,2025-08-22
12.039999961853,12.1000003814697,11.9399995803833,11.960000038147,39416,11.960000038147,2025-08-25
12.039999961853,12.039999961853,11.7799997329712,11.8599996566772,74971,11.8599996566772,2025-08-26
11.8000001907349,11.9799995422363,11.8000001907349,11.8999996185303,36813,11.8999996185303,2025-08-27
12,12.2399997711182,11.9799995422363,12.0600004196167,59756,12.0600004196167,2025-08-28
12.2399997711182,12.2399997711182,11.9200000762939,11.9399995803833,30413,11.9399995803833,2025-08-29
12,12.2399997711182,11.9200000762939,11.9799995422363,41677,11.9799995422363,2025-09-01
11.9799995422363,12.2399997711182,11.9799995422363,12.1199998855591,71336,12.1199998855591,2025-09-02
12.1000003814697,12.1599998474121,11.5200004577637,11.8800001144409,118625,11.8800001144409,2025-09-03
11.6999998092651,12.039999961853,11.6400003433228,11.6800003051758,37535,11.6800003051758,2025-09-04
11.6800003051758,11.7600002288818,11.4799995422363,11.4799995422363,38112,11.4799995422363,2025-09-05
11.5200004577637,11.5200004577637,11.3199996948242,11.4399995803833,42291,11.4399995803833,2025-09-08
11.7200002670288,11.7200002670288,11.3800001144409,11.4200000762939,53314,11.4200000762939,2025-09-09
11.3999996185303,11.6000003814697,11.3000001907349,11.4399995803833,66806,11.4399995803833,2025-09-10
11.5200004577637,11.539999961853,11.3599996566772,11.460000038147,38097,11.460000038147,2025-09-11
11.5200004577637,11.5799999237061,11.3199996948242,11.4200000762939,55042,11.4200000762939,2025-09-12
11.5600004196167,12.3999996185303,11.5600004196167,12.3000001907349,212253,12.3000001907349,2025-09-15
12.4200000762939,12.5,12.0600004196167,12.1000003814697,136592,12.1000003814697,2025-09-16
12.039999961853,12.3599996566772,11.9399995803833,12.2600002288818,180715,12.2600002288818,2025-09-17
12.3999996185303,12.4200000762939,12.1199998855591,12.3800001144409,91286,12.3800001144409,2025-09-18
12.3800001144409,12.5200004577637,12.3000001907349,12.5200004577637,152423,12.5200004577637,2025-09-19
12.460000038147,12.5799999237061,12.2600002288818,12.3800001144409,146757,12.3800001144409,2025-09-22
12.3999996185303,12.4799995422363,12.1599998474121,12.1800003051758,96619,12.1800003051758,2025-09-23
12.0200004577637,12.4200000762939,12.0200004577637,12.3599996566772,77372,12.3599996566772,2025-09-24
12.3800001144409,12.3800001144409,12.0200004577637,12.0799999237061,77234,12.0799999237061,2025-09-25
12.0799999237061,12.1599998474121,11.9200000762939,12.039999961853,94831,12.039999961853,2025-09-26
12.039999961853,12.1599998474121,11.9799995422363,12.0799999237061,147968,12.0799999237061,2025-09-29
12.1999998092651,12.1999998092651,11.9799995422363,12.0799999237061,68192,12.0799999237061,2025-09-30
12.1800003051758,12.3800001144409,12.0799999237061,12.1199998855591,64705,12.1199998855591,2025-10-01
12.1199998855591,12.3400001525879,12.1000003814697,12.1999998092651,82185,12.1999998092651,2025-10-02
12.1999998092651,12.3400001525879,12.1000003814697,12.3400001525879,84865,12.3400001525879,2025-10-03
12.2600002288818,12.3400001525879,12.1800003051758,12.2200002670288,63107,12.2200002670288,2025-10-06
12.3599996566772,12.4200000762939,12.0799999237061,12.3000001907349,79562,12.3000001907349,2025-10-07
12.2399997711182,12.4200000762939,12.1599998474121,12.3199996948242,33402,12.3199996948242,2025-10-08
12.3199996948242,12.3999996185303,11.9799995422363,11.9799995422363,53997,11.9799995422363,2025-10-09
