"IVG.MI.Open","IVG.MI.High","IVG.MI.Low","IVG.MI.Close","IVG.MI.Volume","IVG.MI.Adjusted","Date"
11.2600002288818,11.3999996185303,9.56999969482422,10.1079998016357,23323315,9.68467712402344,2022-01-03
10.3999996185303,10.9899997711182,10.25,10.710000038147,11315628,10.2614641189575,2022-01-04
10.8999996185303,11.4160003662109,10.8159999847412,11.3760004043579,9073446,10.8995733261108,2022-01-05
11.1000003814697,11.25,10.6000003814697,10.6000003814697,8844542,10.1560716629028,2022-01-06
10.4399995803833,10.8819999694824,10.21399974823,10.289999961853,11941139,9.85905456542969,2022-01-07
10.1000003814697,10.5,10.0900001525879,10.1599998474121,6880124,9.73449897766113,2022-01-10
10.1599998474121,10.3299999237061,10.0799999237061,10.1499996185303,4472971,9.7249174118042,2022-01-11
10.2600002288818,10.7399997711182,10.1999998092651,10.7299995422363,5804326,10.2806262969971,2022-01-12
10.75,11.3599996566772,10.6999998092651,11.0799999237061,7510382,10.6159687042236,2022-01-13
11.0100002288818,11.1300001144409,10.6599998474121,10.6999998092651,4406227,10.2518825531006,2022-01-14
10.8500003814697,10.9499998092651,10.5699996948242,10.6499996185303,3165422,10.2039775848389,2022-01-17
10.6300001144409,10.6499996185303,10.3999996185303,10.3999996185303,2435262,9.96444702148438,2022-01-18
10.3999996185303,10.6300001144409,10.289999961853,10.4499998092651,2413549,10.0123529434204,2022-01-19
10.460000038147,10.6099996566772,10.3999996185303,10.3999996185303,1535035,9.96444702148438,2022-01-20
10.289999961853,10.4399995803833,10.25,10.3199996948242,1777164,9.88779735565186,2022-01-21
10.2600002288818,10.289999961853,9.57999992370605,9.58500003814697,4229589,9.18358039855957,2022-01-24
9.72500038146973,9.74499988555908,9.23999977111816,9.3100004196167,3251441,8.92009735107422,2022-01-25
9.30000019073486,9.78499984741211,9.15499973297119,9.625,3546202,9.22190380096436,2022-01-26
9.4350004196167,9.84000015258789,9.35999965667725,9.625,2484688,9.22190380096436,2022-01-27
9.60499954223633,9.64500045776367,9.36499977111816,9.40499973297119,1984383,9.01111793518066,2022-01-28
9.72999954223633,9.73999977111816,9.39000034332275,9.47000026702881,1481754,9.07339572906494,2022-01-31
9.55000019073486,9.59000015258789,9.38500022888184,9.52499961853027,3182466,9.12609195709229,2022-02-01
9.55000019073486,9.57999992370605,9.31999969482422,9.31999969482422,2785789,8.92967700958252,2022-02-02
9.30000019073486,9.30000019073486,9.04500007629395,9.04500007629395,2319627,8.66619491577148,2022-02-03
9.10000038146973,9.11499977111816,8.72999954223633,8.76000022888184,3367791,8.39313125610352,2022-02-04
8.84000015258789,8.92500019073486,8.69999980926514,8.75,3275204,8.38354969024658,2022-02-07
8.78999996185303,9.125,8.26000022888184,8.43000030517578,6011852,8.07695198059082,2022-02-08
8.47000026702881,9.01500034332275,8.30000019073486,9.01500034332275,6081895,8.637451171875,2022-02-09
8.97000026702881,9.0600004196167,8.74499988555908,8.94999980926514,4204295,8.57517337799072,2022-02-10
8.76000022888184,8.8149995803833,8.58500003814697,8.60999965667725,3316128,8.24941253662109,2022-02-11
8.47999954223633,8.48499965667725,8.10499954223633,8.27000045776367,3910261,7.92365264892578,2022-02-14
8.25,8.48499965667725,8.17000007629395,8.4350004196167,2468105,8.08174228668213,2022-02-15
8.5600004196167,8.59000015258789,8.32499980926514,8.375,2299262,8.02425479888916,2022-02-16
8.35000038146973,8.375,8.06999969482422,8.07999992370605,3404051,7.7416090965271,2022-02-17
8.10000038146973,8.16499996185303,7.93499994277954,8.05500030517578,2313680,7.71765661239624,2022-02-18
8.10000038146973,8.11499977111816,7.84499979019165,7.84499979019165,2369088,7.51645040512085,2022-02-21
7.51000022888184,8.14500045776367,7.16499996185303,8.05000019073486,3062742,7.71286582946777,2022-02-22
8.07999992370605,8.10499954223633,7.73999977111816,7.73999977111816,1845591,7.41584825515747,2022-02-23
7.28000020980835,7.5149998664856,7.20499992370605,7.35500001907349,4104613,7.04697227478027,2022-02-24
7.44999980926514,7.5,7.17000007629395,7.5,3075358,7.18589973449707,2022-02-25
7.30000019073486,7.47499990463257,7.19999980926514,7.44500017166138,2532581,7.13320302963257,2022-02-28
7.5,7.5149998664856,6.91499996185303,6.91499996185303,3306233,6.62539911270142,2022-03-01
6.85500001907349,7.05499982833862,6.67000007629395,7.00500011444092,3447231,6.71163034439087,2022-03-02
7.07999992370605,7.09999990463257,6.82499980926514,6.875,1906095,6.58707475662231,2022-03-03
6.72499990463257,6.78499984741211,6.17999982833862,6.33500003814697,3684492,6.06969022750854,2022-03-04
5.86999988555908,6.33500003814697,5.71999979019165,6.13000011444092,5966204,5.87327527999878,2022-03-07
6.13000011444092,6.6100001335144,6.08500003814697,6.3899998664856,3779682,6.12238645553589,2022-03-08
6.59999990463257,6.65500020980835,6.43499994277954,6.6399998664856,4270764,6.36191654205322,2022-03-09
6.6399998664856,6.65500020980835,6.07999992370605,6.13000011444092,5312212,5.87327527999878,2022-03-10
6.15000009536743,6.73999977111816,6.15000009536743,6.44500017166138,4433079,6.17508316040039,2022-03-11
6.59000015258789,6.72499990463257,6.5149998664856,6.71999979019165,2581341,6.43856573104858,2022-03-14
6.69500017166138,6.69500017166138,6.44999980926514,6.53999996185303,2670255,6.26610422134399,2022-03-15
6.73999977111816,6.79500007629395,6.63000011444092,6.69000005722046,2826765,6.40982246398926,2022-03-16
6.76999998092651,7.0149998664856,6.75,6.92000007629395,3556258,6.63018989562988,2022-03-17
6.95499992370605,6.98000001907349,6.63000011444092,6.71500015258789,4400032,6.43377590179443,2022-03-18
6.625,6.70499992370605,6.5149998664856,6.57999992370605,2303616,6.30442953109741,2022-03-21
6.59000015258789,6.6399998664856,6.50500011444092,6.6399998664856,2735170,6.36191654205322,2022-03-22
6.75,6.8600001335144,6.52500009536743,6.52500009536743,2749560,6.25173282623291,2022-03-23
6.59999990463257,6.6399998664856,6.51000022888184,6.53499984741211,1556296,6.26131343841553,2022-03-24
6.57499980926514,6.57499980926514,6.25,6.2649998664856,3912970,6.0026216506958,2022-03-25
6.28499984741211,6.44000005722046,6.28499984741211,6.30499982833862,3017576,6.0409460067749,2022-03-28
6.3899998664856,6.625,6.28499984741211,6.57000017166138,4427308,6.29484844207764,2022-03-29
6.57499980926514,6.59499979019165,6.28999996185303,6.30000019073486,4370928,6.03615570068359,2022-03-30
6.3600001335144,6.36499977111816,5.94999980926514,5.94999980926514,5857735,5.70081377029419,2022-03-31
5.99700021743774,6.13000011444092,5.94000005722046,6,2974965,5.74871969223022,2022-04-01
6.0149998664856,6.03499984741211,5.86199998855591,5.94299983978271,2524391,5.69410705566406,2022-04-04
5.97800016403198,6.0019998550415,5.64300012588501,5.69500017166138,4549813,5.45649337768555,2022-04-05
5.67199993133545,5.79699993133545,5.38500022888184,5.46199989318848,4125758,5.23325109481812,2022-04-06
5.51599979400635,5.57600021362305,5.34999990463257,5.34999990463257,2522173,5.12594127655029,2022-04-07
5.44999980926514,5.55999994277954,5.34899997711182,5.47300004959106,2794856,5.24379062652588,2022-04-08
5.46600008010864,5.875,5.43200016021729,5.80999994277954,4160054,5.5666766166687,2022-04-11
5.75,5.80999994277954,5.65999984741211,5.71000003814697,2825138,5.47086524963379,2022-04-12
5.69999980926514,6.05999994277954,5.61999988555908,6.05100011825562,3445946,5.79758405685425,2022-04-13
6.04699993133545,6.05999994277954,5.86499977111816,5.95800018310547,2815887,5.70847845077515,2022-04-14
5.98600006103516,6.22800016403198,5.95800018310547,6.13199996948242,2951736,5.8751916885376,2022-04-19
6.16900014877319,6.16900014877319,6.06599998474121,6.12099981307983,1758895,5.86465215682983,2022-04-20
6.14499998092651,6.2189998626709,6.10500001907349,6.13100004196167,1800303,5.87423372268677,2022-04-21
6.07399988174438,6.15999984741211,5.89400005340576,5.89699983596802,2997914,5.65003347396851,2022-04-22
5.79699993133545,5.88600015640259,5.6710000038147,5.69999980926514,1805442,5.46128368377686,2022-04-25
5.76999998092651,6.07000017166138,5.61600017547607,5.74700021743774,4118445,5.50631523132324,2022-04-26
5.72200012207031,5.76800012588501,5.57100009918213,5.63100004196167,2732328,5.3951735496521,2022-04-27
5.71099996566772,5.7810001373291,5.57000017166138,5.61800003051758,1663580,5.38271808624268,2022-04-28
5.66099977493286,5.72700023651123,5.61399984359741,5.64799976348877,1099010,5.41146087646484,2022-04-29
5.6100001335144,5.63399982452393,5.45800018310547,5.57999992370605,1773043,5.34630918502808,2022-05-02
5.61299991607666,5.77799987792969,5.55200004577637,5.75,1785095,5.50918960571289,2022-05-03
5.76999998092651,5.78299999237061,5.57000017166138,5.57000017166138,1422123,5.33672857284546,2022-05-04
5.69299983978271,5.71500015258789,5.38000011444092,5.39900016784668,2009709,5.17288970947266,2022-05-05
5.38000011444092,5.54899978637695,5.36999988555908,5.46000003814697,1944723,5.23133516311646,2022-05-06
5.46799993515015,5.46799993515015,5.26000022888184,5.32399988174438,2313101,5.10103034973145,2022-05-09
5.40999984741211,5.44999980926514,5.23199987411499,5.23600006103516,1768139,5.01671600341797,2022-05-10
5.24499988555908,5.41900014877319,5.21199989318848,5.41900014877319,1860265,5.19205236434937,2022-05-11
5.32999992370605,5.43800020217896,5.22700023651123,5.39699983596802,1936176,5.17097330093384,2022-05-12
5.44000005722046,5.50899982452393,5.38000011444092,5.45499992370605,2716530,5.22654438018799,2022-05-13
5.45499992370605,5.53200006484985,5.39699983596802,5.41499996185303,1002502,5.18821954727173,2022-05-16
5.4539999961853,5.68900012969971,5.44799995422363,5.59000015258789,3413741,5.35589075088501,2022-05-17
5.65000009536743,5.78200006484985,5.55700016021729,5.72100019454956,2097766,5.48140430450439,2022-05-18
5.61199998855591,5.66400003433228,5.50899982452393,5.63199996948242,1569339,5.39613151550293,2022-05-19
5.67999982833862,5.74700021743774,5.57299995422363,5.5939998626709,1773866,5.35972309112549,2022-05-20
5.61299991607666,5.6729998588562,5.5460000038147,5.65000009536743,1355091,5.41337823867798,2022-05-23
5.66200017929077,5.67000007629395,5.50600004196167,5.5770001411438,1233973,5.34343528747559,2022-05-24
5.5770001411438,5.73999977111816,5.49100017547607,5.72300004959106,1984827,5.48332023620605,2022-05-25
5.75,5.91699981689453,5.64799976348877,5.90000009536743,2495941,5.65290784835815,2022-05-26
5.81599998474121,5.98000001907349,5.81599998474121,5.96000003814697,1583023,5.71039533615112,2022-05-27
6.01399993896484,6.10300016403198,5.98999977111816,6.07000017166138,1510660,5.81578826904297,2022-05-30
6.07100009918213,6.10300016403198,5.90399980545044,5.92500019073486,1710248,5.67686080932617,2022-05-31
5.92999982833862,6.04899978637695,5.90500020980835,5.94600009918213,1985267,5.69698095321655,2022-06-01
6.00899982452393,6.09600019454956,5.9539999961853,6.09299993515015,1792655,5.83782482147217,2022-06-02
6.11199998855591,6.22499990463257,6.05000019073486,6.10300016403198,2831477,5.8474063873291,2022-06-03
6.16400003433228,6.41800022125244,6.1269998550415,6.3899998664856,3321010,6.12238645553589,2022-06-06
6.36199998855591,6.38000011444092,6.1729998588562,6.28900003433228,2320257,6.02561664581299,2022-06-07
6.32000017166138,6.38100004196167,6.21600008010864,6.32600021362305,1704261,6.06106662750244,2022-06-08
6.28999996185303,6.29500007629395,5.90399980545044,5.90399980545044,4583558,5.65674018859863,2022-06-09
5.90000009536743,5.90000009536743,5.42399978637695,5.46999979019165,4779877,5.24091577529907,2022-06-10
5.40000009536743,5.46500015258789,5.02099990844727,5.0770001411438,4636137,4.86437511444092,2022-06-13
5.14900016784668,5.24900007247925,5.00400018692017,5.09700012207031,2818082,4.88353776931763,2022-06-14
5.23000001907349,5.46000003814697,5.15000009536743,5.32800006866455,3602352,5.10486316680908,2022-06-15
5.27799987792969,5.28999996185303,5.14799976348877,5.22100019454956,2452422,5.00234460830688,2022-06-16
5.19999980926514,5.32299995422363,5.14400005340576,5.32200002670288,4765434,5.09911441802979,2022-06-17
5.34299993515015,5.46500015258789,5.23799991607666,5.44999980926514,1265113,5.22175359725952,2022-06-20
5.44999980926514,5.58599996566772,5.41400003433228,5.41699981689453,1367658,5.19013595581055,2022-06-21
5.31400012969971,5.38800001144409,5.17199993133545,5.31699991226196,1789692,5.09432363510132,2022-06-22
5.36899995803833,5.36899995803833,5.10699987411499,5.10699987411499,1778269,4.89311838150024,2022-06-23
5.11299991607666,5.22399997711182,5.01999998092651,5.19500017166138,1933194,4.97743320465088,2022-06-24
5.26000022888184,5.38000011444092,5.2020001411438,5.23000001907349,1761818,5.01096725463867,2022-06-27
5.25,5.34800004959106,5.2039999961853,5.30200004577637,1556955,5.07995176315308,2022-06-28
5.23999977111816,5.32800006866455,5.19999980926514,5.2979998588562,1305635,5.0761194229126,2022-06-29
5.21000003814697,5.31500005722046,4.96150016784668,5.04199981689453,3072185,4.83084106445312,2022-06-30
4.98000001907349,5.13800001144409,4.94000005722046,5.0789999961853,1535360,4.86629104614258,2022-07-01
5.05000019073486,5.15500020980835,4.98699998855591,5.14099979400635,985438,4.92569446563721,2022-07-04
5.11499977111816,5.18300008773804,4.74849987030029,4.74849987030029,3762380,4.54963254928589,2022-07-05
4.82000017166138,4.88850021362305,4.58050012588501,4.75449991226196,3036596,4.55538129806519,2022-07-06
4.85799980163574,5.14900016784668,4.83050012588501,5.09600019454956,3052499,4.88257932662964,2022-07-07
5.06099987030029,5.26999998092651,5.01200008392334,5.26900005340576,2393460,5.0483341217041,2022-07-08
5.19999980926514,5.25799989700317,5.03599977493286,5.03599977493286,1794145,4.82509183883667,2022-07-11
5,5.14099979400635,4.94399976730347,5.11999988555908,1560900,4.90557384490967,2022-07-12
5.11899995803833,5.11899995803833,4.8895001411438,4.94999980926514,1981838,4.74269390106201,2022-07-13
4.98999977111816,4.98999977111816,4.73000001907349,4.75950002670288,2312800,4.56017208099365,2022-07-14
4.83750009536743,5.04300022125244,4.72300004959106,5.02400016784668,1947099,4.81359481811523,2022-07-15
5.09000015258789,5.19399976730347,5.02299976348877,5.11299991607666,1625180,4.89886713027954,2022-07-18
5.13500022888184,5.37599992752075,5.02899980545044,5.37599992752075,2254990,5.15085315704346,2022-07-19
5.38800001144409,5.46299982070923,5.26800012588501,5.34999990463257,2033903,5.12594127655029,2022-07-20
5.18699979782104,5.43400001525879,5.15000009536743,5.38399982452393,2301198,5.15851736068726,2022-07-21
5.3600001335144,5.44000005722046,5.26000022888184,5.37400007247925,1162846,5.14893627166748,2022-07-22
5.32200002670288,5.41699981689453,5.2649998664856,5.40000009536743,1157899,5.17384815216064,2022-07-25
5.34499979019165,5.39300012588501,5.21999979019165,5.23199987411499,1532624,5.01288318634033,2022-07-26
5.23600006103516,5.51000022888184,5.23600006103516,5.5,2599217,5.26965951919556,2022-07-27
5.67500019073486,5.8769998550415,5.55700016021729,5.86399984359741,4041376,5.61841535568237,2022-07-28
5.90000009536743,5.99900007247925,5.84000015258789,5.95300006866455,2682369,5.70368814468384,2022-07-29
5.96700000762939,6.01300001144409,5.76399993896484,5.76399993896484,1641881,5.52260303497314,2022-08-01
5.69999980926514,5.9539999961853,5.68900012969971,5.92399978637695,1444990,5.67590236663818,2022-08-02
5.81099987030029,6.00799989700317,5.79500007629395,5.88700008392334,1112997,5.64045238494873,2022-08-03
5.88000011444092,5.96299982070923,5.70800018310547,5.75899982452393,2138183,5.51781272888184,2022-08-04
5.82600021362305,5.82600021362305,5.72700023651123,5.7810001373291,1418521,5.53889131546021,2022-08-05
5.80200004577637,5.87799978256226,5.74599981307983,5.80000019073486,695578,5.55709600448608,2022-08-08
5.84600019454956,5.85799980163574,5.70100021362305,5.73799991607666,947624,5.4976921081543,2022-08-09
5.70100021362305,5.97399997711182,5.67600011825562,5.96199989318848,1266112,5.71231126785278,2022-08-10
6.01100015640259,6.08599996566772,5.94999980926514,6.07499980926514,1462457,5.82057857513428,2022-08-11
6.08699989318848,6.10200023651123,6.02199983596802,6.02400016784668,935810,5.77171468734741,2022-08-12
6.05399990081787,6.10500001907349,5.99300003051758,6.05999994277954,1170223,5.80620670318604,2022-08-16
6.05399990081787,6.11800003051758,5.86299991607666,5.8769998550415,1665740,5.6308708190918,2022-08-17
5.8600001335144,5.99200010299683,5.8600001335144,5.91099977493286,836698,5.66344690322876,2022-08-18
5.84700012207031,5.85500001907349,5.75,5.75,830988,5.50918960571289,2022-08-19
5.71999979019165,5.74399995803833,5.51999998092651,5.53700017929077,1339835,5.30511045455933,2022-08-22
5.5,5.61299991607666,5.49399995803833,5.55000019073486,1460627,5.31756591796875,2022-08-23
5.54500007629395,5.57999992370605,5.42500019073486,5.55999994277954,1306839,5.32714700698853,2022-08-24
5.57000017166138,5.61199998855591,5.42999982833862,5.44399976730347,1508487,5.21600484848022,2022-08-25
5.42000007629395,5.45300006866455,5.17600011825562,5.17600011825562,2664968,4.95922899246216,2022-08-26
5.0770001411438,5.22900009155273,5.05999994277954,5.17899990081787,1228962,4.96210336685181,2022-08-29
5.25,5.27799987792969,5.12200021743774,5.16400003433228,1032447,4.94773149490356,2022-08-30
5.19999980926514,5.21600008010864,5.03900003433228,5.05600023269653,1569176,4.84425497055054,2022-08-31
5.01200008392334,5.0460000038147,4.91599988937378,4.94549989700317,1226903,4.73838186264038,2022-09-01
4.97599983215332,5.18100023269653,4.93800020217896,5.15000009536743,1536086,4.93431806564331,2022-09-02
5.03000020980835,5.03299999237061,4.93050003051758,4.93650007247925,1295189,4.72975921630859,2022-09-05
4.96500015258789,5.04500007629395,4.93599987030029,5.01900005340576,951917,4.80880403518677,2022-09-06
4.99949979782104,5.07000017166138,4.96400022506714,5.06099987030029,743828,4.84904527664185,2022-09-07
5.08900022506714,5.08900022506714,4.87650012969971,4.96999979019165,1462223,4.7618556022644,2022-09-08
5.01200008392334,5.09800004959106,4.97200012207031,5.06699991226196,1113895,4.85479354858398,2022-09-09
5.09999990463257,5.25,5.09899997711182,5.22100019454956,1218078,5.00234460830688,2022-09-12
5.22800016403198,5.30100011825562,5.09600019454956,5.09600019454956,1415013,4.88257932662964,2022-09-13
5.03999996185303,5.10500001907349,4.9850001335144,5.0460000038147,1232509,4.8346734046936,2022-09-14
5.03000020980835,5.10900020599365,5.02199983596802,5.06699991226196,748112,4.85479354858398,2022-09-15
4.97949981689453,5.02500009536743,4.93249988555908,4.98750019073486,1585033,4.77862358093262,2022-09-16
4.92000007629395,5.125,4.8730001449585,5.08699989318848,1118182,4.87395620346069,2022-09-19
5.1100001335144,5.14699983596802,4.93450021743774,4.94799995422363,1049480,4.74077749252319,2022-09-20
4.87949991226196,5.1560001373291,4.86499977111816,5.15000009536743,1032448,4.93431806564331,2022-09-21
5.05000019073486,5.13000011444092,4.96199989318848,4.98000001907349,1010793,4.77143716812134,2022-09-22
5,5,4.72949981689453,4.73600006103516,2075592,4.53765630722046,2022-09-23
4.71999979019165,4.89200019836426,4.69099998474121,4.83949995040894,1054669,4.63682126998901,2022-09-26
4.88450002670288,4.90500020980835,4.76800012588501,4.81150007247925,891838,4.60999441146851,2022-09-27
4.72650003433228,4.92950010299683,4.72499990463257,4.90450000762939,1348230,4.69909906387329,2022-09-28
4.86199998855591,4.87949991226196,4.66800022125244,4.72749996185303,1754522,4.52951192855835,2022-09-29
4.74900007247925,4.92000007629395,4.72650003433228,4.86999988555908,1635754,4.66604423522949,2022-09-30
4.82299995422363,4.94799995422363,4.7350001335144,4.94799995422363,1105812,4.74077749252319,2022-10-03
5.01000022888184,5.18200016021729,4.98750019073486,5.15000009536743,1707922,4.93431806564331,2022-10-04
5.09000015258789,5.1399998664856,5.01999998092651,5.10300016403198,1313665,4.88928604125977,2022-10-05
5.11499977111816,5.22599983215332,5.08099985122681,5.13000011444092,1022230,4.9151554107666,2022-10-06
5.09299993515015,5.21700000762939,5.0770001411438,5.14699983596802,1005472,4.9314432144165,2022-10-07
5.09999990463257,5.23600006103516,5.05600023269653,5.15500020980835,734627,4.93910884857178,2022-10-10
5.08900022506714,5.17700004577637,5.06199979782104,5.15799999237061,1042121,4.94198274612427,2022-10-11
5.17999982833862,5.19999980926514,5.01599979400635,5.03399991989136,960763,4.82317590713501,2022-10-12
5.01300001144409,5.19600009918213,4.95599985122681,5.19600009918213,1007357,4.97839117050171,2022-10-13
5.25,5.27699995040894,5.10699987411499,5.11899995803833,1003543,4.90461587905884,2022-10-14
5.11999988555908,5.21999979019165,5.07600021362305,5.19999980926514,601405,4.98222351074219,2022-10-17
5.25,5.42199993133545,5.21000003814697,5.34499979019165,1822628,5.12115049362183,2022-10-18
5.36299991607666,5.38399982452393,5.25699996948242,5.32999992370605,578241,5.1067795753479,2022-10-19
5.30000019073486,5.38800001144409,5.21999979019165,5.36800003051758,1039336,5.14318799972534,2022-10-20
5.32800006866455,5.42600011825562,5.23299980163574,5.37200021743774,815597,5.14702033996582,2022-10-21
5.42999982833862,5.53299999237061,5.30200004577637,5.51800012588501,1632705,5.28690624237061,2022-10-24
5.53999996185303,5.54500007629395,5.44000005722046,5.51800012588501,1178589,5.28690624237061,2022-10-25
5.53000020980835,5.58799982070923,5.46500015258789,5.55000019073486,981454,5.31756591796875,2022-10-26
5.53900003433228,5.63299989700317,5.49399995803833,5.60200023651123,1401317,5.3673882484436,2022-10-27
5.5,5.54400014877319,5.44299983978271,5.48899984359741,1086736,5.25912046432495,2022-10-28
5.54699993133545,5.54699993133545,5.42000007629395,5.46999979019165,561510,5.24091577529907,2022-10-31
5.46999979019165,5.59899997711182,5.46799993515015,5.51599979400635,771072,5.28498935699463,2022-11-01
5.51999998092651,5.59899997711182,5.4520001411438,5.4520001411438,710760,5.22367000579834,2022-11-02
5.47300004959106,5.47300004959106,5.23899984359741,5.37900018692017,1446118,5.15372705459595,2022-11-03
5.38700008392334,5.59499979019165,5.38000011444092,5.57600021362305,1097994,5.3424768447876,2022-11-04
5.55000019073486,5.8600001335144,5.55000019073486,5.80000019073486,1966146,5.55709600448608,2022-11-07
5.7960000038147,5.95100021362305,5.74900007247925,5.90000009536743,1345223,5.65290784835815,2022-11-08
6.02099990844727,6.19899988174438,5.99599981307983,6.1399998664856,3310511,5.88285636901855,2022-11-09
6.03000020980835,6.23400020599365,5.90799999237061,6.22499990463257,2465306,5.96429634094238,2022-11-10
6.28000020980835,6.35500001907349,6.23899984359741,6.28000020980835,1940924,6.01699352264404,2022-11-11
6.33199977874756,6.3600001335144,6.20900011062622,6.21999979019165,1230545,5.95950555801392,2022-11-14
6.23699998855591,6.29500007629395,6.15299987792969,6.20499992370605,1148359,5.94513416290283,2022-11-15
6.15000009536743,6.27400016784668,6.09000015258789,6.1710000038147,1220830,5.91255807876587,2022-11-16
6.19999980926514,6.24900007247925,6.0460000038147,6.08300018310547,1183007,5.82824373245239,2022-11-17
6.11399984359741,6.24900007247925,6.07000017166138,6.24900007247925,1114284,5.98729133605957,2022-11-18
6.19999980926514,6.23999977111816,6.15700006484985,6.19000005722046,548307,5.93076276779175,2022-11-21
6.1399998664856,6.24599981307983,6.11199998855591,6.16200017929077,421479,5.90393543243408,2022-11-22
6.20499992370605,6.20599985122681,6.09999990463257,6.19299983978271,540433,5.93363666534424,2022-11-23
6.15999984741211,6.24900007247925,6.15999984741211,6.2039999961853,341527,5.944176197052,2022-11-24
6.18400001525879,6.27699995040894,6.15399980545044,6.26000022888184,709890,5.99783134460449,2022-11-25
6.26000022888184,6.35900020599365,6.20800018310547,6.35200023651123,1390641,6.08597850799561,2022-11-28
6.375,6.42199993133545,6.30999994277954,6.34999990463257,1153771,6.08406162261963,2022-11-29
6.38800001144409,6.42199993133545,6.35099983215332,6.42199993133545,986833,6.15304613113403,2022-11-30
6.45100021362305,6.52799987792969,6.45100021362305,6.49599981307983,1118846,6.22394704818726,2022-12-01
6.48999977111816,6.48999977111816,6.35400009155273,6.46999979019165,855642,6.19903564453125,2022-12-02
6.44999980926514,6.55200004577637,6.39400005340576,6.5019998550415,1182469,6.22969579696655,2022-12-05
6.48799991607666,6.52199983596802,6.30600023269653,6.31300020217896,1219252,6.04861164093018,2022-12-06
6.28399991989136,6.33900022506714,6.12400007247925,6.2039999961853,1305794,5.944176197052,2022-12-07
6.20300006866455,6.22499990463257,6.16300010681152,6.20300006866455,718598,5.94321823120117,2022-12-08
6.25600004196167,6.25600004196167,6.12599992752075,6.24900007247925,1010763,5.98729133605957,2022-12-09
6.19199991226196,6.23799991607666,6.15299987792969,6.18599987030029,568662,5.92692995071411,2022-12-12
6.16900014877319,6.36800003051758,6.14699983596802,6.28000020980835,1194931,6.01699352264404,2022-12-13
6.24399995803833,6.32499980926514,6.10200023651123,6.13600015640259,1169428,5.87902402877808,2022-12-14
6.07200002670288,6.13100004196167,5.84100008010864,5.84100008010864,1882389,5.59637880325317,2022-12-15
5.84100008010864,5.92600011825562,5.82600021362305,5.87200021743774,911894,5.62608051300049,2022-12-16
5.86700010299683,6.01800012588501,5.86700010299683,5.96400022506714,795631,5.7142276763916,2022-12-19
5.87599992752075,5.89300012588501,5.77699995040894,5.81799983978271,1305048,5.57434177398682,2022-12-20
5.86199998855591,5.86199998855591,5.78399991989136,5.81799983978271,1142347,5.57434177398682,2022-12-21
5.80000019073486,5.80999994277954,5.55499982833862,5.55499982833862,2220991,5.32235622406006,2022-12-22
5.58699989318848,5.69099998474121,5.56300020217896,5.66499996185303,1270112,5.4277491569519,2022-12-23
5.71700000762939,5.72200012207031,5.60099983215332,5.6399998664856,708248,5.40379667282104,2022-12-27
5.63800001144409,5.65100002288818,5.5019998550415,5.53499984741211,892336,5.30319356918335,2022-12-28
5.50400018692017,5.61299991607666,5.47700023651123,5.61299991607666,792824,5.37792730331421,2022-12-29
5.55399990081787,5.57800006866455,5.53399991989136,5.55800008773804,475168,5.32523107528687,2022-12-30
5.56199979782104,5.73999977111816,5.56199979782104,5.73999977111816,683671,5.49960803985596,2023-01-02
5.75,5.84200000762939,5.73999977111816,5.79899978637695,1139125,5.5561375617981,2023-01-03
5.83500003814697,5.8899998664856,5.72100019454956,5.8899998664856,2305811,5.64332628250122,2023-01-04
5.85799980163574,5.89900016784668,5.76000022888184,5.87200021743774,1652373,5.62608051300049,2023-01-05
5.91900014877319,6.01599979400635,5.88000011444092,6.01599979400635,1735246,5.76404905319214,2023-01-06
6.0479998588562,6.23299980163574,6.03000020980835,6.17600011825562,1604373,5.91734886169434,2023-01-09
6.15000009536743,6.23000001907349,6.11399984359741,6.23000001907349,1003317,5.96908712387085,2023-01-10
6.23999977111816,6.55399990081787,6.23099994659424,6.55399990081787,3181061,6.27951812744141,2023-01-11
6.55800008773804,6.8899998664856,6.52699995040894,6.84000015258789,4637628,6.55354070663452,2023-01-12
6.92500019073486,7.06599998474121,6.75799989700317,7.03399991989136,2733666,6.73941564559937,2023-01-13
7.08500003814697,7.15500020980835,6.92999982833862,6.94099998474121,2146613,6.65031099319458,2023-01-16
6.94099998474121,6.96999979019165,6.76800012588501,6.78999996185303,2130259,6.50563430786133,2023-01-17
6.8270001411438,6.95900011062622,6.78999996185303,6.90199995040894,1305558,6.61294412612915,2023-01-18
6.8730001449585,7.09899997711182,6.8730001449585,7.01399993896484,2895765,6.72025299072266,2023-01-19
7.09600019454956,7.29099988937378,6.99700021743774,7.29099988937378,2779861,6.98565244674683,2023-01-20
7.30800008773804,7.33300018310547,7.10400009155273,7.26999998092651,2063203,6.96553230285645,2023-01-23
7.3730001449585,7.46500015258789,7.15999984741211,7.24599981307983,1735281,6.94253730773926,2023-01-24
7.32100009918213,7.5939998626709,7.32000017166138,7.47300004959106,3618760,7.16003036499023,2023-01-25
7.5,7.59000015258789,7.38899993896484,7.5770001411438,1864510,7.25967502593994,2023-01-26
7.61999988555908,7.74700021743774,7.54300022125244,7.57499980926514,2333721,7.25775861740112,2023-01-27
7.53999996185303,7.53999996185303,7.39699983596802,7.45300006866455,1291216,7.14086818695068,2023-01-30
7.47399997711182,7.52600002288818,7.36199998855591,7.50600004196167,1448874,7.19164848327637,2023-01-31
7.54099988937378,7.66499996185303,7.48999977111816,7.59299993515015,1294165,7.27500438690186,2023-02-01
7.62400007247925,7.71999979019165,7.58599996566772,7.58599996566772,1616105,7.26829767227173,2023-02-02
7.54300022125244,7.65000009536743,7.45599985122681,7.61199998855591,1233601,7.29320907592773,2023-02-03
7.53299999237061,7.55999994277954,7.38000011444092,7.5310001373291,1340387,7.21560144424438,2023-02-06
7.55999994277954,7.63000011444092,7.4850001335144,7.55200004577637,773657,7.23572158813477,2023-02-07
7.54500007629395,7.61100006103516,7.45599985122681,7.48199987411499,1023863,7.16865301132202,2023-02-08
7.55499982833862,7.75500011444092,7.51200008392334,7.68599987030029,2462672,7.36410999298096,2023-02-09
8.17500019073486,8.91499996185303,8.12399959564209,8.91499996185303,11576056,8.54163932800293,2023-02-10
9.04500007629395,9.57999992370605,8.94999980926514,9.48799991607666,8785274,9.09064197540283,2023-02-13
9.60000038146973,9.80000019073486,9.21500015258789,9.26299953460693,5659371,8.87506484985352,2023-02-14
9.26299953460693,9.34700012207031,9.11400032043457,9.15299987792969,1832776,8.76967239379883,2023-02-15
9.21399974822998,9.43000030517578,9.20100021362305,9.33500003814697,1551590,8.94404983520508,2023-02-16
9.32900047302246,9.41699981689453,9.17000007629395,9.26799964904785,1429447,8.87985515594482,2023-02-17
9.375,9.375,8.9709997177124,9.03400039672852,1649945,8.65565586090088,2023-02-20
8.97000026702881,9.10000038146973,8.90299987792969,8.95600032806396,1037804,8.58092212677002,2023-02-21
8.89999961853027,8.92899990081787,8.71599960327148,8.80500030517578,1414060,8.43624687194824,2023-02-22
8.80500030517578,8.97999954223633,8.74199962615967,8.97999954223633,990544,8.60391616821289,2023-02-23
9,9.04399967193604,8.68299961090088,8.75,1065274,8.38354969024658,2023-02-24
8.76799964904785,9.00599956512451,8.76500034332275,8.97500038146973,834113,8.5991268157959,2023-02-27
8.9980001449585,9.01700019836426,8.875,8.93599987030029,974549,8.56175899505615,2023-02-28
8.91800022125244,9.03699970245361,8.89599990844727,8.95400047302246,774116,8.57900714874268,2023-03-01
9.01799964904785,9.01799964904785,8.76299953460693,8.94200038909912,740488,8.56750869750977,2023-03-02
8.98999977111816,9.11100006103516,8.94099998474121,9.11100006103516,850913,8.72943019866943,2023-03-03
9.11100006103516,9.17000007629395,8.96000003814697,9.08899974822998,1216143,8.70835208892822,2023-03-06
9.06599998474121,9.2189998626709,9.02000045776367,9.05200004577637,1512205,8.67290210723877,2023-03-07
9.04699993133545,9.27999973297119,9.03999996185303,9.17399978637695,1343595,8.78979206085205,2023-03-08
9.19999980926514,9.31999969482422,9.02000045776367,9.07299995422363,1336985,8.69302177429199,2023-03-09
8.88799953460693,9.03499984741211,8.80000019073486,8.95300006866455,1036237,8.57804775238037,2023-03-10
8.94499969482422,8.94499969482422,8.4069995880127,8.50899982452393,1509651,8.15264320373535,2023-03-13
8.5,8.9370002746582,8.5,8.8129997253418,1388014,8.44391059875488,2023-03-14
8.8149995803833,8.83699989318848,8.37899971008301,8.39599990844727,1335804,8.0443754196167,2023-03-15
8.56999969482422,8.93200016021729,8.45499992370605,8.8769998550415,1769031,8.50523090362549,2023-03-16
9,9,8.48499965667725,8.49300003051758,2412855,8.13731288909912,2023-03-17
8.39500045776367,8.52200031280518,8.11699962615967,8.52200031280518,1517156,8.16509819030762,2023-03-20
8.64900016784668,8.76599979400635,8.56599998474121,8.68900012969971,816021,8.32510375976562,2023-03-21
8.67500019073486,9.08800029754639,8.67300033569336,9.03499984741211,1294330,8.65661334991455,2023-03-22
8.91300010681152,9.08699989318848,8.8100004196167,9.01900005340576,1068724,8.64128398895264,2023-03-23
8.92700004577637,8.92800045013428,8.48700046539307,8.56700038909912,1777741,8.20821475982666,2023-03-24
8.78800010681152,8.89400005340576,8.61400032043457,8.85299968719482,757013,8.4822359085083,2023-03-27
8.88799953460693,8.9680004119873,8.81599998474121,8.89299964904785,742878,8.5205602645874,2023-03-28
8.9379997253418,8.94900035858154,8.71000003814697,8.76000022888184,1043632,8.39313125610352,2023-03-29
8.84200000762939,8.8730001449585,8.62399959564209,8.76500034332275,905026,8.39792156219482,2023-03-30
8.82999992370605,8.82999992370605,8.61999988555908,8.72500038146973,967814,8.35959720611572,2023-03-31
8.63000011444092,8.63000011444092,8.4680004119873,8.48799991607666,1626293,8.1325216293335,2023-04-03
8.48999977111816,8.65799999237061,8.36400032043457,8.42000007629395,1282373,8.06737041473389,2023-04-04
8.38399982452393,8.4399995803833,7.94199991226196,7.94199991226196,2485078,7.60938835144043,2023-04-05
7.96999979019165,8.05399990081787,7.78800010681152,7.8600001335144,1268089,7.53082275390625,2023-04-06
8,8.0959997177124,7.92000007629395,7.94600009918213,1219270,7.61322116851807,2023-04-11
8.14999961853027,8.32199954986572,8.03400039672852,8.05399990081787,2329069,7.71669816970825,2023-04-12
8.11200046539307,8.12399959564209,7.96799993515015,7.96799993515015,756992,7.63429975509644,2023-04-13
7.99200010299683,8.16800022125244,7.94600009918213,8.10200023651123,1125328,7.76268815994263,2023-04-14
8.14000034332275,8.27799987792969,8.11999988555908,8.23999977111816,1403612,7.89490795135498,2023-04-17
8.28999996185303,8.51200008392334,8.27200031280518,8.33800029754639,2007066,7.98880481719971,2023-04-18
8.33600044250488,8.4399995803833,8.19999980926514,8.29599952697754,1137057,7.94856214523315,2023-04-19
8.35599994659424,8.47799968719482,8.25,8.42599964141846,1375057,8.07311820983887,2023-04-20
8.44999980926514,8.50599956512451,8.26200008392334,8.4379997253418,1097585,8.08461570739746,2023-04-21
8.43000030517578,8.45800018310547,8.35400009155273,8.35400009155273,610594,8.00413417816162,2023-04-24
8.3100004196167,8.3439998626709,8.10999965667725,8.20800018310547,731614,7.86424875259399,2023-04-25
8.14999961853027,8.19799995422363,8.07999992370605,8.11800003051758,731872,7.7780179977417,2023-04-26
8.15999984741211,8.25,8.04199981689453,8.20600032806396,797257,7.86233234405518,2023-04-27
8.22200012207031,8.22200012207031,7.94000005722046,8.14999961853027,1247923,7.80867719650269,2023-04-28
8.10999965667725,8.14799976348877,7.85400009155273,7.86199998855591,1370858,7.53273868560791,2023-05-02
7.90000009536743,7.90399980545044,7.76200008392334,7.86399984359741,806647,7.53465557098389,2023-05-03
7.84000015258789,7.89400005340576,7.53999996185303,7.62200021743774,1174384,7.30279016494751,2023-05-04
7.64400005340576,7.88000011444092,7.63399982452393,7.88000011444092,824519,7.54998540878296,2023-05-05
7.84000015258789,7.96799993515015,7.81400012969971,7.93599987030029,557874,7.60364007949829,2023-05-08
7.82000017166138,7.96199989318848,7.71199989318848,7.96199989318848,1300436,7.62855100631714,2023-05-09
7.96000003814697,8.07400035858154,7.85200023651123,7.98000001907349,1047427,7.64579725265503,2023-05-10
8.25,8.27400016784668,7.44000005722046,7.5,8073141,7.18589973449707,2023-05-11
7.52600002288818,7.63800001144409,7.34600019454956,7.34600019454956,3108681,7.03834915161133,2023-05-12
7.34000015258789,7.40000009536743,7.28000020980835,7.33199977874756,1343262,7.02493524551392,2023-05-15
7.30200004577637,7.38000011444092,7.23000001907349,7.26599979400635,1070151,6.96169900894165,2023-05-16
7.23000001907349,7.42000007629395,7.2020001411438,7.41800022125244,1123756,7.10733413696289,2023-05-17
7.44000005722046,7.59999990463257,7.44000005722046,7.54400014877319,1886306,7.22805738449097,2023-05-18
7.56400012969971,7.69600009918213,7.55999994277954,7.63199996948242,1115525,7.31237125396729,2023-05-19
7.5939998626709,7.6100001335144,7.47399997711182,7.55000019073486,1249783,7.23380565643311,2023-05-22
7.59999990463257,7.62799978256226,7.48199987411499,7.53800010681152,721988,7.22230815887451,2023-05-23
7.42000007629395,7.42199993133545,7.24200010299683,7.26599979400635,1284720,6.96169900894165,2023-05-24
7.26599979400635,7.26999998092651,7.07200002670288,7.14200019836426,1382671,6.84289312362671,2023-05-25
7.18599987030029,7.28800010681152,7.05399990081787,7.28000020980835,837846,6.97511386871338,2023-05-26
7.31799983978271,7.32999992370605,7.18599987030029,7.23600006103516,443396,6.93295621871948,2023-05-29
7.2519998550415,7.2960000038147,7.13800001144409,7.14599990844727,619289,6.84672498703003,2023-05-30
7.07200002670288,7.07800006866455,6.91599988937378,6.98600006103516,2613625,6.69342613220215,2023-05-31
7.12799978256226,7.16400003433228,6.98400020599365,7.06199979782104,1027763,6.76624298095703,2023-06-01
7.15799999237061,7.38399982452393,7.12599992752075,7.35200023651123,1068223,7.04409837722778,2023-06-02
7.40000009536743,7.42999982833862,7.30200004577637,7.38399982452393,868973,7.07475757598877,2023-06-05
7.30600023269653,7.39799976348877,7.21199989318848,7.36999988555908,978343,7.06134366989136,2023-06-06
7.34000015258789,7.36600017547607,7.21999979019165,7.29400014877319,1112937,6.98852729797363,2023-06-07
7.28999996185303,7.37599992752075,7.26200008392334,7.34000015258789,1136830,7.03260087966919,2023-06-08
7.30999994277954,7.37599992752075,7.26800012588501,7.32600021362305,618100,7.01918697357178,2023-06-09
7.37799978256226,7.46799993515015,7.31799983978271,7.46600008010864,872450,7.15332365036011,2023-06-12
7.5,7.64599990844727,7.43599987030029,7.62799978256226,1193345,7.30853891372681,2023-06-13
7.61999988555908,7.7519998550415,7.61600017547607,7.71999979019165,1028465,7.39668560028076,2023-06-14
7.65000009536743,7.7519998550415,7.62799978256226,7.72599983215332,584786,7.40243482589722,2023-06-15
7.75,7.88000011444092,7.68200016021729,7.7979998588562,1589421,7.47141933441162,2023-06-16
7.73600006103516,7.82800006866455,7.71999979019165,7.82600021362305,584900,7.49824666976929,2023-06-19
7.77799987792969,7.87799978256226,7.75600004196167,7.81400012969971,879423,7.48674917221069,2023-06-20
7.85799980163574,8.13000011444092,7.79400014877319,7.93200016021729,3080122,7.59980726242065,2023-06-21
7.8439998626709,8.14400005340576,7.65000009536743,8.14400005340576,2401660,7.80292892456055,2023-06-22
8.05599975585938,8.20600032806396,8.01399993896484,8.07999992370605,1476056,7.7416090965271,2023-06-23
8.15200042724609,8.15200042724609,7.81400012969971,8.0019998550415,1291207,7.6668758392334,2023-06-26
8.00399971008301,8.11400032043457,7.79400014877319,7.89599990844727,1027240,7.56531476974487,2023-06-27
7.89599990844727,7.99599981307983,7.80200004577637,7.85599994659424,909012,7.52699041366577,2023-06-28
7.85799980163574,8.06999969482422,7.84999990463257,7.95800018310547,997333,7.62471866607666,2023-06-29
8.01000022888184,8.30200004577637,7.98600006103516,8.2519998550415,1867030,7.90640592575073,2023-06-30
8.31799983978271,8.3439998626709,8.13799953460693,8.17000007629395,1237649,7.82783985137939,2023-07-03
8.17000007629395,8.23600006103516,8.12600040435791,8.13399982452393,1186915,7.79334735870361,2023-07-04
8.12600040435791,8.17199993133545,7.96600008010864,7.97399997711182,1194785,7.64004850387573,2023-07-05
7.94600009918213,7.98000001907349,7.69399976730347,7.79400014877319,2067268,7.46758699417114,2023-07-06
7.81799983978271,8.12600040435791,7.75,8.08600044250488,1552098,7.74735832214355,2023-07-07
8.00599956512451,8.10999965667725,7.96999979019165,8.02400016784668,610844,7.68795442581177,2023-07-10
8.14200019836426,8.25599956512451,8.10400009155273,8.20800018310547,1149636,7.86424875259399,2023-07-11
8.2519998550415,8.39000034332275,8.23799991607666,8.32400035858154,2069415,7.97539138793945,2023-07-12
8.36999988555908,8.48200035095215,8.29800033569336,8.46599960327148,1448265,8.11144351959229,2023-07-13
8.5,8.56999969482422,8.39200019836426,8.42000007629395,1342906,8.06737041473389,2023-07-14
8.35000038146973,8.48400020599365,8.2819995880127,8.4040002822876,1175604,8.05204010009766,2023-07-17
8.40999984741211,8.53400039672852,8.37800025939941,8.48600006103516,1166669,8.13060569763184,2023-07-18
8.4980001449585,8.52400016784668,8.25599956512451,8.30000019073486,1898927,7.95239639282227,2023-07-19
8.27000045776367,8.29599952697754,8.16800022125244,8.23600006103516,1662385,7.89107608795166,2023-07-20
8.1879997253418,8.27400016784668,8.11400032043457,8.14000034332275,1256843,7.79909706115723,2023-07-21
8.06400012969971,8.23600006103516,8.05000019073486,8.20600032806396,775903,7.86233234405518,2023-07-24
8.1560001373291,8.26599979400635,8.10200023651123,8.10200023651123,1183718,7.76268815994263,2023-07-25
8.15200042724609,8.23600006103516,8.10599994659424,8.15799999237061,890149,7.8163423538208,2023-07-26
8.14000034332275,8.3459997177124,8.0939998626709,8.3459997177124,1808163,7.99646902084351,2023-07-27
8.35000038146973,8.62600040435791,8.30799961090088,8.57800006866455,2581213,8.21875286102295,2023-07-28
8.62800025939941,8.71000003814697,8.52000045776367,8.62600040435791,1357346,8.26474285125732,2023-07-31
8.60999965667725,8.80000019073486,8.52400016784668,8.76799964904785,1665434,8.40079498291016,2023-08-01
8.98999977111816,9.81799983978271,8.94999980926514,9.53400039672852,10634260,9.13471603393555,2023-08-02
9.60400009155273,9.75,9.40799999237061,9.7180004119873,3234067,9.31101036071777,2023-08-03
9.73999977111816,9.94600009918213,9.60999965667725,9.69999980926514,2733714,9.29376316070557,2023-08-04
9.63599967956543,9.66399955749512,9.32800006866455,9.4060001373291,1595872,9.01207637786865,2023-08-07
9.39999961853027,9.5,9.28999996185303,9.43400001525879,929420,9.03890419006348,2023-08-08
9.51399993896484,9.5600004196167,9.23999977111816,9.32800006866455,951090,8.93734359741211,2023-08-09
9.39999961853027,9.40200042724609,9.23999977111816,9.28999996185303,817793,8.90093421936035,2023-08-10
9.21199989318848,9.23999977111816,9.01799964904785,9.0600004196167,900855,8.68056774139404,2023-08-11
9.0019998550415,9.05000019073486,8.85400009155273,8.93200016021729,1271542,8.55792713165283,2023-08-14
8.89200019836426,9.08600044250488,8.87800025939941,9.03600025177002,989526,8.65757274627686,2023-08-16
9.04199981689453,9.04199981689453,8.80599975585938,8.85000038146973,839338,8.47936153411865,2023-08-17
8.83399963378906,8.85200023651123,8.63599967956543,8.78999996185303,1220620,8.421875,2023-08-18
8.77400016784668,8.85599994659424,8.60999965667725,8.63199996948242,1609287,8.27049160003662,2023-08-21
8.69999980926514,8.72200012207031,8.58600044250488,8.63000011444092,1409991,8.26857566833496,2023-08-22
8.60799980163574,8.69799995422363,8.55399990081787,8.63799953460693,708380,8.2762393951416,2023-08-23
8.68000030517578,8.68400001525879,8.24600028991699,8.27999973297119,2610359,7.9332332611084,2023-08-24
8.24400043487549,8.67399978637695,8.24400043487549,8.62600040435791,2422377,8.26474285125732,2023-08-25
8.71000003814697,8.8439998626709,8.69600009918213,8.81999969482422,963967,8.45061683654785,2023-08-28
8.77000045776367,8.89400005340576,8.72200012207031,8.89400005340576,1029644,8.52151870727539,2023-08-29
8.89999961853027,8.9379997253418,8.85200023651123,8.85400009155273,685213,8.48319339752197,2023-08-30
8.85000038146973,9.23600006103516,8.85000038146973,9.17800045013428,1981669,8.793625831604,2023-08-31
9.10000038146973,9.19600009918213,9.07999992370605,9.13799953460693,729053,8.75529956817627,2023-09-01
9.18400001525879,9.22200012207031,9.04599952697754,9.05200004577637,462036,8.67290210723877,2023-09-04
9.00399971008301,9.15200042724609,8.92599964141846,9.12800025939941,592640,8.74571895599365,2023-09-05
9.10000038146973,9.16199970245361,8.88399982452393,8.9680004119873,1056988,8.59242057800293,2023-09-06
8.94999980926514,9.07199954986572,8.79399967193604,8.82800006866455,533030,8.45828342437744,2023-09-07
8.89599990844727,9.00800037384033,8.82600021362305,8.94200038909912,771857,8.56750869750977,2023-09-08
8.97799968719482,9.02799987792969,8.92000007629395,8.9980001449585,513724,8.6211633682251,2023-09-11
8.97200012207031,8.97799968719482,8.66800022125244,8.93200016021729,1829397,8.55792713165283,2023-09-12
8.89400005340576,9.14799976348877,8.85200023651123,8.88599967956543,954787,8.51385402679443,2023-09-13
8.89999961853027,9.0600004196167,8.81599998474121,9.01000022888184,877361,8.63266086578369,2023-09-14
9.0959997177124,9.0959997177124,8.90799999237061,8.98200035095215,1115280,8.60583400726318,2023-09-15
8.88799953460693,9.0620002746582,8.81400012969971,8.84799957275391,745131,8.47744560241699,2023-09-18
8.84799957275391,9.0019998550415,8.84799957275391,8.95400047302246,556517,8.57900714874268,2023-09-19
8.9040002822876,9.14999961853027,8.79599952697754,9.10200023651123,1296803,8.7208080291748,2023-09-20
9.05599975585938,9.14000034332275,8.99400043487549,9.07400035858154,812225,8.6939811706543,2023-09-21
9.00599956512451,9.11400032043457,8.86400032043457,9.10999965667725,1030117,8.72847270965576,2023-09-22
9.14000034332275,9.41399955749512,9.11200046539307,9.19400024414062,1671458,8.80895519256592,2023-09-25
9.20400047302246,9.35000038146973,9.02400016784668,9.11200046539307,1364171,8.73038959503174,2023-09-26
9.14799976348877,9.14799976348877,8.94799995422363,9.10599994659424,971388,8.72463989257812,2023-09-27
9.14799976348877,9.20800018310547,8.72399997711182,9,1870723,8.62307929992676,2023-09-28
9,9.0620002746582,8.85999965667725,8.86200046539307,1062778,8.49085998535156,2023-09-29
8.92399978637695,9.01599979400635,8.82199954986572,8.85599994659424,746956,8.48511028289795,2023-10-02
8.81999969482422,8.98200035095215,8.73200035095215,8.78400039672852,988269,8.4161262512207,2023-10-03
8.72399997711182,8.86999988555908,8.64400005340576,8.84799957275391,722064,8.47744560241699,2023-10-04
8.80000019073486,8.84799957275391,8.57600021362305,8.72999954223633,1497747,8.36438655853271,2023-10-05
8.68599987030029,8.92000007629395,8.68599987030029,8.88599967956543,1027395,8.51385402679443,2023-10-06
8.73799991607666,8.90799999237061,8.48200035095215,8.52600002288818,1565076,8.16893100738525,2023-10-09
8.61400032043457,8.83399963378906,8.57600021362305,8.80200004577637,1173522,8.43337154388428,2023-10-10
8.80000019073486,9.15799999237061,8.80000019073486,9.07800006866455,2123712,8.69781303405762,2023-10-11
9.0319995880127,9.10799980163574,8.93000030517578,8.9680004119873,1441148,8.59242057800293,2023-10-12
9.07800006866455,9.07800006866455,8.76200008392334,8.78800010681152,867989,8.41995811462402,2023-10-13
8.78800010681152,8.81400012969971,8.66199970245361,8.79599952697754,727028,8.42762184143066,2023-10-16
8.72000026702881,8.78600025177002,8.48200035095215,8.64999961853027,2271949,8.28773784637451,2023-10-17
8.61200046539307,8.79199981689453,8.45800018310547,8.52799987792969,1645113,8.17084693908691,2023-10-18
8.48400020599365,8.48400020599365,8.28800010681152,8.34799957275391,1243781,7.99838542938232,2023-10-19
8.26399993896484,8.26399993896484,7.92399978637695,7.96000003814697,2564625,7.62663507461548,2023-10-20
7.96799993515015,7.9980001449585,7.79199981689453,7.84200000762939,1025453,7.51357698440552,2023-10-23
7.82800006866455,7.91599988937378,7.67000007629395,7.83400011062622,1213624,7.5059118270874,2023-10-24
7.88800001144409,7.88800001144409,7.70599985122681,7.81199979782104,851531,7.48483276367188,2023-10-25
7.75400018692017,7.98400020599365,7.65999984741211,7.92000007629395,1182375,7.58830976486206,2023-10-26
7.92600011825562,8.05399990081787,7.82000017166138,7.96600008010864,921952,7.63238334655762,2023-10-27
7.96600008010864,8.07600021362305,7.87400007247925,8.04800033569336,812307,7.71094989776611,2023-10-30
8.08199977874756,8.12600040435791,7.92799997329712,7.9539999961853,1735396,7.62088584899902,2023-10-31
8.05000019073486,8.07800006866455,7.24599981307983,7.24599981307983,13000528,6.94253730773926,2023-11-01
7.17199993133545,7.40000009536743,7.04199981689453,7.15000009536743,9194544,6.85055780410767,2023-11-02
7.15799999237061,7.20800018310547,7.04400014877319,7.15199995040894,4573066,6.85247373580933,2023-11-03
7.17799997329712,7.26000022888184,6.96999979019165,6.9980001449585,3578164,6.70492362976074,2023-11-06
6.96000003814697,7.06799983978271,6.91200017929077,6.98199987411499,2452630,6.68959331512451,2023-11-07
6.92600011825562,7.21600008010864,6.88199996948242,7.16599988937378,3509239,6.86588764190674,2023-11-08
7.16599988937378,7.2039999961853,7.09200000762939,7.18400001525879,2148643,6.88313341140747,2023-11-09
7.15000009536743,7.16400003433228,6.98000001907349,7.01599979400635,2197891,6.72216939926147,2023-11-10
7.02799987792969,7.12799978256226,7.02799987792969,7.07000017166138,1338555,6.77390813827515,2023-11-13
7.08799982070923,7.18800020217896,7.02799987792969,7.16200017929077,1773638,6.86205530166626,2023-11-14
7.19399976730347,7.39799976348877,7.18400001525879,7.3600001335144,3692477,7.05176305770874,2023-11-15
7.38199996948242,7.40000009536743,7.25,7.25,2096743,6.94636964797974,2023-11-16
7.23999977111816,7.34999990463257,7.23600006103516,7.31599998474121,1326009,7.009605884552,2023-11-17
7.34999990463257,7.38000011444092,7.2480001449585,7.34800004959106,1741135,7.04026556015015,2023-11-20
7.35400009155273,7.41599988937378,7.16200017929077,7.16400003433228,1805261,6.86397171020508,2023-11-21
7.21400022506714,7.26000022888184,7.11800003051758,7.14599990844727,1855349,6.84672498703003,2023-11-22
7.14599990844727,7.27400016784668,7.13800001144409,7.23199987411499,1282850,6.92912292480469,2023-11-23
7.26999998092651,7.30600023269653,7.18400001525879,7.29199981689453,1062819,6.98661088943481,2023-11-24
7.30000019073486,7.33199977874756,7.19199991226196,7.19999980926514,997609,6.8984637260437,2023-11-27
7.22599983215332,7.40199995040894,7.21799993515015,7.38399982452393,2998839,7.07475757598877,2023-11-28
7.34999990463257,7.46999979019165,7.34999990463257,7.46999979019165,2706817,7.15715551376343,2023-11-29
7.44000005722046,7.50799989700317,7.37200021743774,7.46000003814697,2467504,7.14757490158081,2023-11-30
7.46400022506714,7.61600017547607,7.44199991226196,7.61600017547607,2819991,7.29704189300537,2023-12-01
7.61999988555908,7.65000009536743,7.57600021362305,7.57600021362305,1479490,7.25871658325195,2023-12-04
7.55600023269653,7.80999994277954,7.55000019073486,7.80600023269653,2448121,7.47908449172974,2023-12-05
7.80999994277954,7.98799991607666,7.74599981307983,7.97399997711182,2796261,7.64004850387573,2023-12-06
7.92000007629395,7.98600006103516,7.85599994659424,7.86999988555908,1593539,7.54040384292603,2023-12-07
7.82999992370605,8.02600002288818,7.82399988174438,7.93599987030029,1351028,7.60364007949829,2023-12-08
7.94199991226196,7.97599983215332,7.89200019836426,7.90000009536743,999232,7.56914806365967,2023-12-11
7.94600009918213,7.94799995422363,7.81599998474121,7.88199996948242,1457384,7.55190134048462,2023-12-12
7.84999990463257,7.88600015640259,7.69399976730347,7.69999980926514,2160367,7.37752342224121,2023-12-13
7.80000019073486,7.91200017929077,7.73999977111816,7.7979998588562,2617256,7.47141933441162,2023-12-14
7.83799982070923,8.02000045776367,7.81599998474121,7.91800022125244,2644025,7.5863938331604,2023-12-15
7.94000005722046,7.98199987411499,7.80800008773804,7.87400007247925,1319000,7.5442361831665,2023-12-18
7.89400005340576,7.98999977111816,7.86999988555908,7.94000005722046,1197400,7.60747241973877,2023-12-19
7.98000001907349,8.05000019073486,7.9520001411438,8.05000019073486,1280179,7.71286582946777,2023-12-20
7.96199989318848,8.07199954986572,7.82000017166138,8.00800037384033,1345581,7.67262506484985,2023-12-21
7.98999977111816,8.03999996185303,7.96199989318848,7.96999979019165,821721,7.6362156867981,2023-12-22
8.01200008392334,8.13799953460693,7.98999977111816,8.04800033569336,1443560,7.71094989776611,2023-12-27
8.0600004196167,8.15999984741211,8.05599975585938,8.15999984741211,1280503,7.81825828552246,2023-12-28
8.17000007629395,8.23999977111816,8.14200019836426,8.14599990844727,928002,7.80484485626221,2023-12-29
8.20600032806396,8.28600025177002,8.0620002746582,8.10000038146973,1228095,7.76077175140381,2024-01-02
8.07999992370605,8.13599967956543,7.96999979019165,8.05399990081787,1395334,7.71669816970825,2024-01-03
8.0019998550415,8.1899995803833,7.98000001907349,8.1899995803833,1172090,7.84700202941895,2024-01-04
8.13000011444092,8.3439998626709,8.10599994659424,8.27400016784668,2231042,7.9274845123291,2024-01-05
8.27400016784668,8.4680004119873,8.18000030517578,8.45600032806396,1752740,8.10186290740967,2024-01-08
8.44999980926514,8.52600002288818,8.34000015258789,8.51399993896484,1685476,8.15743350982666,2024-01-09
8.54800033569336,8.76799964904785,8.5319995880127,8.69799995422363,1992357,8.33372783660889,2024-01-10
8.72200012207031,9.39999961853027,8.72200012207031,9.21000003814697,8210065,8.82428455352783,2024-01-11
9.25,9.48799991607666,9.23600006103516,9.44600009918213,2482896,9.05040073394775,2024-01-12
9.7480001449585,9.78800010681152,9.44200038909912,9.44200038909912,4282126,9.04656887054443,2024-01-15
9.42599964141846,9.59000015258789,9.32199954986572,9.43400001525879,2967550,9.03890419006348,2024-01-16
9.39999961853027,9.42199993133545,9.14799976348877,9.25,1934023,8.86260986328125,2024-01-17
9.24199962615967,9.27400016784668,9.07999992370605,9.10200023651123,1721895,8.7208080291748,2024-01-18
9.16800022125244,9.18000030517578,8.95400047302246,8.97999954223633,1802779,8.60391616821289,2024-01-19
9,9.14000034332275,9,9.10200023651123,994506,8.7208080291748,2024-01-22
9.10200023651123,9.39200019836426,9.03400039672852,9.3100004196167,1251679,8.92009735107422,2024-01-23
9.38000011444092,9.56400012969971,9.31999969482422,9.53800010681152,1494558,9.13854789733887,2024-01-24
9.47999954223633,9.66600036621094,9.35799980163574,9.51599979400635,2063351,9.11746978759766,2024-01-25
9.51599979400635,9.68400001525879,9.33199977874756,9.60599994659424,1752325,9.20370006561279,2024-01-26
9.60000038146973,9.7819995880127,9.56400012969971,9.75,1252149,9.3416690826416,2024-01-29
9.78999996185303,9.91800022125244,9.76799964904785,9.84200000762939,1780393,9.42981624603271,2024-01-30
9.8100004196167,10.1499996185303,9.78999996185303,9.91199970245361,2342231,9.4968843460083,2024-01-31
9.8459997177124,10.085000038147,9.68200016021729,9.94999980926514,1809327,9.53329277038574,2024-02-01
10,10.210000038147,9.98999977111816,10.1199998855591,1931735,9.69617366790771,2024-02-02
10.0799999237061,10.1499996185303,9.81799983978271,9.81799983978271,1797973,9.40682125091553,2024-02-05
9.82400035858154,9.97200012207031,9.76000022888184,9.86600017547607,956747,9.45281219482422,2024-02-06
9.86600017547607,10.0749998092651,9.78400039672852,9.91399955749512,1117605,9.49880123138428,2024-02-07
9.94799995422363,9.9680004119873,9.8120002746582,9.81999969482422,1373635,9.40873718261719,2024-02-08
10.5900001525879,10.8149995803833,10.3549995422363,10.5799999237061,6833320,10.136908531189,2024-02-09
10.5349998474121,10.8500003814697,10.3299999237061,10.8000001907349,3410381,10.3476963043213,2024-02-12
10.8500003814697,10.9300003051758,10.7550001144409,10.8649997711182,2008354,10.4099731445312,2024-02-13
10.8500003814697,11.1350002288818,10.710000038147,11.0200004577637,1957564,10.558482170105,2024-02-14
11.039999961853,11.1800003051758,11.0150003433228,11.1149997711182,1662762,10.6495037078857,2024-02-15
11.1899995803833,11.210000038147,11.0600004196167,11.1850004196167,1308976,10.7165718078613,2024-02-16
11.1450004577637,11.1700000762939,10.914999961853,10.9350004196167,945726,10.4770421981812,2024-02-19
10.9099998474121,10.9099998474121,10.5349998474121,10.5349998474121,2425730,10.0937929153442,2024-02-20
11,11.1300001144409,10.8950004577637,11.0649995803833,2964098,10.6015968322754,2024-02-21
11.1800003051758,11.3199996948242,11.0100002288818,11.0349998474121,2293340,10.5728530883789,2024-02-22
11,11.2650003433228,11,11.1000003814697,1318480,10.6351318359375,2024-02-23
11.0950002670288,11.6549997329712,11.0749998092651,11.6000003814697,2679665,11.1141920089722,2024-02-26
11.6000003814697,11.6499996185303,11.5,11.625,1462288,11.1381435394287,2024-02-27
11.5649995803833,11.710000038147,11.5100002288818,11.6850004196167,978481,11.195631980896,2024-02-28
11.7399997711182,11.8649997711182,11.3599996566772,11.3800001144409,2337716,10.9034051895142,2024-02-29
11.5100002288818,11.9700002670288,11.5100002288818,11.9700002670288,2829914,11.468695640564,2024-03-01
11.8999996185303,12.039999961853,11.7950000762939,11.8999996185303,1506109,11.4016275405884,2024-03-04
11.8500003814697,12.1850004196167,11.7799997329712,12,1947524,11.4974393844604,2024-03-05
12,12.2150001525879,11.9549999237061,12.0900001525879,1628712,11.5836696624756,2024-03-06
12.085000038147,12.1700000762939,11.9549999237061,11.9549999237061,1480713,11.4543237686157,2024-03-07
12.25,12.6700000762939,12.1949996948242,12.2550001144409,3458397,11.7417593002319,2024-03-08
12.2049999237061,12.6549997329712,12.0900001525879,12.3950004577637,2896424,11.8758974075317,2024-03-11
12.4250001907349,12.4499998092651,11.9799995422363,12.2399997711182,2570522,11.727388381958,2024-03-12
12.3500003814697,12.3649997711182,12.0900001525879,12.1700000762939,1551305,11.6603202819824,2024-03-13
12.1750001907349,13.6999998092651,12.1700000762939,13.5600004196167,7426474,12.9921073913574,2024-03-14
13.5,14.0299997329712,13.4049997329712,13.4049997329712,5754990,12.8435974121094,2024-03-15
13.4049997329712,13.4049997329712,12.8400001525879,13.0649995803833,3617516,12.5178365707397,2024-03-18
13.1000003814697,13.5050001144409,13.0500001907349,13.4700002670288,2613180,12.905876159668,2024-03-19
13.5,13.6750001907349,13.3050003051758,13.6450004577637,1870794,13.0735464096069,2024-03-20
13.6450004577637,13.8400001525879,13.6400003433228,13.8100004196167,1639116,13.2316370010376,2024-03-21
13.8500003814697,13.9799995422363,13.7600002288818,13.8400001525879,1437346,13.2603797912598,2024-03-22
13.8800001144409,13.9899997711182,13.6599998474121,13.9250001907349,1346272,13.3418207168579,2024-03-25
13.9799995422363,14.2150001525879,13.8850002288818,14.039999961853,1791246,13.4520044326782,2024-03-26
14.0799999237061,14.1000003814697,13.9399995803833,14.0900001525879,1118116,13.4999103546143,2024-03-27
14.125,14.1450004577637,13.75,13.8000001907349,1902319,13.2220554351807,2024-03-28
13.8100004196167,14.2299995422363,13.8050003051758,14.0649995803833,1678619,13.4759569168091,2024-04-02
14.1400003433228,14.164999961853,13.6700000762939,13.9949998855591,2197272,13.4088888168335,2024-04-03
13.9449996948242,14.1199998855591,13.8450002670288,14.0100002288818,1182892,13.4232606887817,2024-04-04
13.8400001525879,14.0349998474121,13.5450000762939,14.0349998474121,1873488,13.4472131729126,2024-04-05
14,14.6099996566772,13.9049997329712,14.5799999237061,2092638,13.9693880081177,2024-04-08
14.6000003814697,14.8000001907349,13.5050001144409,13.5649995803833,4615582,12.9968967437744,2024-04-09
13.6999998092651,13.7849998474121,12.7749996185303,13.289999961853,4533092,12.7334146499634,2024-04-10
13.1700000762939,13.1949996948242,12.7349996566772,12.75,3115092,12.2160291671753,2024-04-11
12.8500003814697,12.9200000762939,12.5299997329712,12.6599998474121,2183078,12.1297988891602,2024-04-12
12.7200002670288,12.9849996566772,12.5100002288818,12.6000003814697,1819559,12.0723114013672,2024-04-15
12.4549999237061,12.7250003814697,12.3500003814697,12.5649995803833,1264193,12.0387763977051,2024-04-16
12.5,12.6999998092651,12.460000038147,12.5550003051758,1149074,12.0291957855225,2024-04-17
12.6049995422363,12.6049995422363,12.3999996185303,12.5500001907349,883840,12.0244054794312,2024-04-18
12.5249996185303,12.5299997329712,12.2200002670288,12.3599996566772,1138478,11.8423624038696,2024-04-19
12.0299997329712,12.039999961853,11.5,11.875,3812849,11.5838603973389,2024-04-22
11.9399995803833,12.0550003051758,11.7650003433228,12.0249996185303,1477754,11.7301816940308,2024-04-23
12.0649995803833,12.0649995803833,11.8850002288818,11.9449996948242,844793,11.6521434783936,2024-04-24
11.8900003433228,11.914999961853,11.4899997711182,11.5699996948242,1799211,11.2863368988037,2024-04-25
11.6599998474121,11.9399995803833,11.6400003433228,11.8850002288818,2482645,11.5936145782471,2024-04-26
12.0450000762939,12.2600002288818,11.9399995803833,12.1899995803833,1370145,11.8911361694336,2024-04-29
12.1949996948242,12.289999961853,11.7600002288818,11.8050003051758,1343574,11.5155763626099,2024-04-30
11.8050003051758,11.8050003051758,11.4449996948242,11.664999961853,1702715,11.3790082931519,2024-05-02
11.7150001525879,11.7200002670288,11.2849998474121,11.5,2070634,11.218053817749,2024-05-03
11.585000038147,11.6099996566772,11.3450002670288,11.5050001144409,1111394,11.2229309082031,2024-05-06
11.5550003051758,11.5900001525879,11.4350004196167,11.5450000762939,1144101,11.2619504928589,2024-05-07
11.5900001525879,11.710000038147,11.4899997711182,11.6499996185303,1299934,11.3643760681152,2024-05-08
11.6000003814697,11.7200002670288,11.5349998474121,11.7200002670288,944291,11.4326601028442,2024-05-09
12.3800001144409,12.6700000762939,11.6899995803833,11.7449998855591,6055514,11.4570474624634,2024-05-10
11.6999998092651,11.7349996566772,11.1800003051758,11.375,4357376,11.096118927002,2024-05-13
11.3000001907349,11.7299995422363,11.2600002288818,11.7299995422363,2462453,11.4424142837524,2024-05-14
11.8199996948242,11.8299999237061,11.5299997329712,11.6750001907349,1751757,11.3887634277344,2024-05-15
11.6750001907349,11.7749996185303,11.5299997329712,11.5799999237061,1233297,11.2960920333862,2024-05-16
11.5749998092651,11.5900001525879,11.3299999237061,11.4399995803833,1668618,11.1595239639282,2024-05-17
11.4049997329712,11.5349998474121,11.3249998092651,11.375,943692,11.096118927002,2024-05-20
11.3500003814697,11.3649997711182,11.1049995422363,11.289999961853,1440947,11.0132026672363,2024-05-21
11.2600002288818,11.3000001907349,11.1099996566772,11.2449998855591,1482029,10.9693059921265,2024-05-22
11.2449998855591,11.4399995803833,11.2049999237061,11.2049999237061,774151,10.9302864074707,2024-05-23
11.1949996948242,11.6099996566772,11.1549997329712,11.5600004196167,1718098,11.2765836715698,2024-05-24
11.5299997329712,11.6049995422363,11.4099998474121,11.5749998092651,953411,11.2912149429321,2024-05-27
11.5900001525879,11.789999961853,11.4700002670288,11.585000038147,1331610,11.3009700775146,2024-05-28
11.585000038147,11.6000003814697,11.0550003051758,11.0550003051758,2401486,10.7839641571045,2024-05-29
11.0450000762939,11.1949996948242,10.5,11.0950002670288,1263861,10.8229837417603,2024-05-30
11.0799999237061,11.085000038147,10.8450002670288,10.9750003814697,1883401,10.7059259414673,2024-05-31
11.0349998474121,11.210000038147,11.0050001144409,11.0649995803833,1258370,10.7937183380127,2024-06-03
11.039999961853,11.039999961853,10.7600002288818,11,1728496,10.7303123474121,2024-06-04
11.0900001525879,11.289999961853,10.9499998092651,11.2349996566772,1949076,10.9595508575439,2024-06-05
12.0500001907349,12.1300001144409,11.539999961853,11.6599998474121,5911430,11.3741312026978,2024-06-06
11.6850004196167,11.6850004196167,11.2600002288818,11.4849996566772,2466372,11.2034215927124,2024-06-07
11.3000001907349,11.6350002288818,11.2150001525879,11.6350002288818,1875863,11.3497438430786,2024-06-10
11.7299995422363,11.8800001144409,11.460000038147,11.5950002670288,2114723,11.3107252120972,2024-06-11
11.625,11.6599998474121,11.4300003051758,11.6350002288818,1003281,11.3497438430786,2024-06-12
11.6199998855591,11.625,11.0100002288818,11.0349998474121,3057795,10.7644538879395,2024-06-13
11.0299997329712,11.0950002670288,10.4700002670288,10.4700002670288,2034035,10.213306427002,2024-06-14
10.6499996185303,10.6700000762939,10.4700002670288,10.5550003051758,1554132,10.2962226867676,2024-06-17
10.6400003433228,10.8100004196167,10.5,10.5,1355501,10.2425708770752,2024-06-18
10.4799995422363,10.75,10.4650001525879,10.6850004196167,961522,10.4230356216431,2024-06-19
10.7250003814697,10.7950000762939,10.5749998092651,10.6750001907349,1340364,10.4132804870605,2024-06-20
10.6999998092651,10.7349996566772,10.4399995803833,10.5,2198835,10.2425708770752,2024-06-21
10.5,10.8249998092651,10.4799995422363,10.7749996185303,1188311,10.5108280181885,2024-06-24
10.7650003433228,10.8249998092651,10.5150003433228,10.5950002670288,922139,10.3352422714233,2024-06-25
10.6499996185303,10.710000038147,10.4499998092651,10.460000038147,1236283,10.2035512924194,2024-06-26
10.5,10.5749998092651,10.3450002670288,10.3800001144409,818826,10.1255130767822,2024-06-27
10.4499998092651,10.710000038147,10.3599996566772,10.4700002670288,1104944,10.213306427002,2024-06-28
10.6149997711182,10.9200000762939,10.5100002288818,10.6350002288818,1477565,10.3742609024048,2024-07-01
10.5500001907349,10.5550003051758,10.1750001907349,10.2349996566772,2866854,9.98406791687012,2024-07-02
10.3299999237061,10.3800001144409,10.2399997711182,10.2700004577637,1622237,10.0182104110718,2024-07-03
10.2799997329712,10.5,10.2749996185303,10.5,1472445,10.2425708770752,2024-07-04
10.5,10.6149997711182,10.2950000762939,10.3000001907349,1299347,10.047474861145,2024-07-05
10.3100004196167,10.6750001907349,10.289999961853,10.4449996948242,1807666,10.1889190673828,2024-07-08
10.4449996948242,10.8100004196167,10.4399995803833,10.5649995803833,2016688,10.3059768676758,2024-07-09
10.5649995803833,10.8850002288818,10.4099998474121,10.8699998855591,1729364,10.6034994125366,2024-07-10
10.9549999237061,11.1800003051758,10.7650003433228,11.1800003051758,1668673,10.9059000015259,2024-07-11
11.1400003433228,11.4849996566772,11.0900001525879,11.4449996948242,1764822,11.1644020080566,2024-07-12
11.4200000762939,11.5799999237061,11.3450002670288,11.5150003433228,1235632,11.2326860427856,2024-07-15
11.4549999237061,11.5450000762939,11.1750001907349,11.4949998855591,1397538,11.2131767272949,2024-07-16
11.3699998855591,11.3950004577637,11.1400003433228,11.2700004577637,1895690,10.9936933517456,2024-07-17
11.2950000762939,11.9849996566772,11.2950000762939,11.9250001907349,3854714,11.6326341629028,2024-07-18
11.875,11.8950004577637,11.5649995803833,11.5950002670288,1855485,11.3107252120972,2024-07-19
11.6350002288818,11.9650001525879,11.6049995422363,11.914999961853,1553688,11.6228790283203,2024-07-22
11.8900003433228,11.9549999237061,11.6599998474121,11.7700004577637,1718199,11.4814348220825,2024-07-23
11.1850004196167,11.3450002670288,9.89000034332275,10.0600004196167,21113678,9.81335926055908,2024-07-24
9.88799953460693,9.99199962615967,9.29399967193604,9.29399967193604,8382824,9.06613826751709,2024-07-25
9.29599952697754,9.46000003814697,9.20400047302246,9.2519998550415,4678338,9.02516841888428,2024-07-26
9.30000019073486,9.43000030517578,9.0620002746582,9.11800003051758,2619573,8.89445304870605,2024-07-29
9.1899995803833,9.36800003051758,9.14999961853027,9.23999977111816,1755091,9.01346206665039,2024-07-30
9.39799976348877,9.71000003814697,9.35200023651123,9.5,3753941,9.26708793640137,2024-07-31
9.35000038146973,9.53400039672852,9.11800003051758,9.11800003051758,2610988,8.89445304870605,2024-08-01
8.92800045013428,8.96599960327148,8.60599994659424,8.6560001373291,4162401,8.44378089904785,2024-08-02
8.08399963378906,8.46399974822998,7.8899998664856,8.39599990844727,4859349,8.19015502929688,2024-08-05
8.47599983215332,8.64999961853027,8.4060001373291,8.56799983978271,2417625,8.35793781280518,2024-08-06
8.60000038146973,8.84799957275391,8.53600025177002,8.71599960327148,2083157,8.50230884552002,2024-08-07
8.64799976348877,8.75599956512451,8.55000019073486,8.67199993133545,1280023,8.45938777923584,2024-08-08
8.67800045013428,8.79599952697754,8.59200000762939,8.65999984741211,1004735,8.44768238067627,2024-08-09
8.71000003814697,8.79399967193604,8.62600040435791,8.64200019836426,997482,8.4301233291626,2024-08-12
8.68200016021729,8.72599983215332,8.50599956512451,8.72599983215332,1462513,8.51206398010254,2024-08-13
8.79399967193604,8.84000015258789,8.65799999237061,8.73400020599365,1597479,8.51986789703369,2024-08-14
8.88000011444092,9.11999988555908,8.86800003051758,8.94200038909912,2096737,8.72276878356934,2024-08-16
8.96199989318848,9.11200046539307,8.94999980926514,9.02200031280518,1560577,8.80080699920654,2024-08-19
9.0600004196167,9.16600036621094,8.96000003814697,9.0319995880127,1784399,8.81056118011475,2024-08-20
9.04599952697754,9.1540002822876,9.0319995880127,9.06799983978271,1377103,8.84567928314209,2024-08-21
9.09799957275391,9.15200042724609,9.01200008392334,9.05200004577637,1440910,8.83007144927979,2024-08-22
9.0620002746582,9.3459997177124,9.0620002746582,9.28800010681152,2191981,9.0602855682373,2024-08-23
9.26799964904785,9.34000015258789,9.21599960327148,9.26599979400635,1072143,9.03882503509521,2024-08-26
9.29399967193604,9.40799999237061,9.25599956512451,9.26200008392334,1366723,9.0349235534668,2024-08-27
9.35400009155273,9.37399959564209,9.26200008392334,9.2819995880127,980480,9.0544319152832,2024-08-28
9.32800006866455,9.35999965667725,9.25399971008301,9.34000015258789,1110070,9.11101055145264,2024-08-29
9.35999965667725,9.57999992370605,9.33600044250488,9.52400016784668,2789742,9.29049968719482,2024-08-30
9.51599979400635,9.52000045776367,9.19999980926514,9.41399955749512,2400809,9.18319606781006,2024-09-02
9.36999988555908,9.4399995803833,8.91399955749512,8.94999980926514,2106694,8.73057174682617,2024-09-03
8.83800029754639,8.92599964141846,8.78400039672852,8.8459997177124,2056748,8.62912178039551,2024-09-04
8.80000019073486,8.96399974822998,8.76000022888184,8.7819995880127,1656793,8.56669044494629,2024-09-05
8.75,8.81999969482422,8.61999988555908,8.67399978637695,1892396,8.46133899688721,2024-09-06
8.70800018310547,8.82600021362305,8.6540002822876,8.66199970245361,1295054,8.44963264465332,2024-09-09
8.68400001525879,8.68400001525879,8.41199970245361,8.5620002746582,2580415,8.35208511352539,2024-09-10
8.57800006866455,8.77400016784668,8.4680004119873,8.50800037384033,1633525,8.29940891265869,2024-09-11
8.6560001373291,8.72999954223633,8.50800037384033,8.64599990844727,1412037,8.43402576446533,2024-09-12
8.64000034332275,8.86400032043457,8.62800025939941,8.86400032043457,1677865,8.64668083190918,2024-09-13
8.81799983978271,8.86200046539307,8.73999977111816,8.74400043487549,1181321,8.52962303161621,2024-09-16
8.7519998550415,9.1879997253418,8.7519998550415,9.13799953460693,2462515,8.91396236419678,2024-09-17
9.12399959564209,9.21599960327148,9.02600002288818,9.17000007629395,1410849,8.9451789855957,2024-09-18
9.30399990081787,9.50599956512451,9.27799987792969,9.45400047302246,2437479,9.22221660614014,2024-09-19
9.39599990844727,9.40999984741211,8.84799957275391,8.84799957275391,5231576,8.63107299804688,2024-09-20
8.86200046539307,8.90799999237061,8.72399997711182,8.88399982452393,1531966,8.6661901473999,2024-09-23
8.9980001449585,9.22999954223633,8.94799995422363,9.12600040435791,3218967,8.90225791931152,2024-09-24
9.14200019836426,9.22599983215332,9.02200031280518,9.08600044250488,1981493,8.86323833465576,2024-09-25
9.14999961853027,9.4379997253418,9.12800025939941,9.32800006866455,2629183,9.09930515289307,2024-09-26
9.30000019073486,9.45600032806396,9.21399974822998,9.39799976348877,2682089,9.16758823394775,2024-09-27
9.30200004577637,9.30200004577637,8.85400009155273,9.01799964904785,4206730,8.79690456390381,2024-09-30
9.09799957275391,9.26200008392334,8.94999980926514,8.98999977111816,3178801,8.76959133148193,2024-10-01
8.98999977111816,9.13199996948242,8.68000030517578,8.75,3618036,8.535475730896,2024-10-02
8.80599975585938,8.90999984741211,8.64200019836426,8.78999996185303,2659934,8.57449531555176,2024-10-03
8.83199977874756,9.04800033569336,8.82400035858154,8.95800018310547,2126857,8.73837661743164,2024-10-04
9.02799987792969,9.13599967956543,8.8439998626709,9.13000011444092,2026936,8.90615940093994,2024-10-07
8.98799991607666,9.13199996948242,8.82999992370605,9.03400039672852,1498085,8.81251335144043,2024-10-08
9.06999969482422,9.22999954223633,8.8100004196167,9.13199996948242,2955864,8.90811061859131,2024-10-09
9.14599990844727,9.14599990844727,8.93000030517578,9.01200008392334,2554492,8.79105281829834,2024-10-10
8.97999954223633,9.08800029754639,8.88599967956543,9.01000022888184,1639852,8.78910160064697,2024-10-11
9.01200008392334,9.11200046539307,8.98999977111816,9.05599975585938,1282640,8.8339729309082,2024-10-14
9.11999988555908,9.25800037384033,8.99600028991699,9.1540002822876,2001280,8.9295711517334,2024-10-15
9.03999996185303,9.28600025177002,9.03999996185303,9.14400005340576,1851448,8.91981601715088,2024-10-16
9.19200038909912,9.28999996185303,9.08399963378906,9.19799995422363,2430966,8.97249221801758,2024-10-17
9.13399982452393,9.77000045776367,9.11999988555908,9.77000045776367,5988458,9.53046894073486,2024-10-18
9.80000019073486,9.84799957275391,9.61400032043457,9.64200019836426,2640643,9.40560626983643,2024-10-21
9.70199966430664,9.89200019836426,9.65999984741211,9.70600032806396,3141284,9.46803760528564,2024-10-22
9.67000007629395,9.81599998474121,9.58600044250488,9.63399982452393,1962181,9.39780235290527,2024-10-23
9.66800022125244,9.86999988555908,9.63799953460693,9.72000026702881,1522179,9.48169422149658,2024-10-24
9.73999977111816,10.1149997711182,9.66399955749512,10.0349998474121,3961916,9.78897094726562,2024-10-25
10.1199998855591,10.2299995422363,9.67399978637695,9.76000022888184,3547733,9.52071380615234,2024-10-28
9.8120002746582,10.1099996566772,9.80399990081787,9.83600044250488,3582670,9.59485054016113,2024-10-29
9.79599952697754,9.88399982452393,9.55399990081787,9.55399990081787,2210569,9.31976413726807,2024-10-30
9.48600006103516,9.66199970245361,9.38399982452393,9.57199954986572,1737553,9.33732223510742,2024-10-31
9.5600004196167,9.69999980926514,9.48600006103516,9.69600009918213,1858552,9.45828247070312,2024-11-01
9.61200046539307,9.6879997253418,9.38599967956543,9.38599967956543,1865357,9.15588283538818,2024-11-04
9.42000007629395,9.47999954223633,9.27400016784668,9.35000038146973,1358816,9.12076568603516,2024-11-05
9.4399995803833,9.74600028991699,9.21199989318848,9.21199989318848,2918824,8.98614883422852,2024-11-06
9.24199962615967,10.1999998092651,8.90200042724609,10.1999998092651,8286642,9.94992542266846,2024-11-07
10.1800003051758,10.1850004196167,9.63000011444092,9.79800033569336,5467015,9.55778217315674,2024-11-08
9.9379997253418,9.94999980926514,9.69600009918213,9.85200023651123,1986404,9.61045837402344,2024-11-11
9.97999954223633,10.1149997711182,9.77200031280518,9.86400032043457,4138184,9.62216377258301,2024-11-12
9.85200023651123,9.89200019836426,9.62399959564209,9.72000026702881,2242320,9.48169422149658,2024-11-13
9.67000007629395,9.72999954223633,9.35000038146973,9.47599983215332,3363073,9.24367618560791,2024-11-14
9.39400005340576,9.8100004196167,9.33800029754639,9.59799957275391,2990029,9.36268520355225,2024-11-15
9.53600025177002,9.67399978637695,9.39400005340576,9.5019998550415,1630942,9.26903915405273,2024-11-18
9.4399995803833,9.54599952697754,9.0600004196167,9.26000022888184,2326437,9.03297233581543,2024-11-19
9.28999996185303,9.33800029754639,9.0319995880127,9.06999969482422,1586988,8.84762954711914,2024-11-20
9.0620002746582,9.1540002822876,8.84000015258789,9.13000011444092,1967557,8.90615940093994,2024-11-21
9.19999980926514,9.26799964904785,8.94600009918213,9.21599960327148,1657610,8.99005031585693,2024-11-22
9.24199962615967,9.39200019836426,9.14799976348877,9.33600044250488,1777215,9.10710906982422,2024-11-25
9.22599983215332,9.3120002746582,9.08199977874756,9.21000003814697,1271263,8.98419761657715,2024-11-26
9.21599960327148,9.2180004119873,8.94600009918213,9.11600017547607,1559432,8.892502784729,2024-11-27
9.16600036621094,9.56599998474121,9.16600036621094,9.5019998550415,2906567,9.26903915405273,2024-11-28
9.49400043487549,9.5939998626709,9.39999961853027,9.47000026702881,1130280,9.23782348632812,2024-11-29
9.37399959564209,9.60599994659424,9.28800010681152,9.52200031280518,1353665,9.28854846954346,2024-12-02
9.57400035858154,9.7180004119873,9.53400039672852,9.67000007629395,1472605,9.43292045593262,2024-12-03
9.72599983215332,9.96199989318848,9.72599983215332,9.78999996185303,1983228,9.54997825622559,2024-12-04
9.7180004119873,10.0699996948242,9.71599960327148,9.92199993133545,2428586,9.67874145507812,2024-12-05
9.95199966430664,10.1700000762939,9.89000034332275,9.94999980926514,2439653,9.7060546875,2024-12-06
9.85200023651123,9.95199966430664,9.5019998550415,9.62600040435791,4980557,9.38999938964844,2024-12-09
9.55000019073486,9.78600025177002,9.55000019073486,9.69600009918213,1373245,9.45828247070312,2024-12-10
9.6560001373291,9.89400005340576,9.6560001373291,9.82600021362305,1786995,9.58509540557861,2024-12-11
9.85000038146973,9.88599967956543,9.70800018310547,9.72000026702881,1356029,9.48169422149658,2024-12-12
9.79399967193604,10.0900001525879,9.7480001449585,9.95400047302246,2943745,9.70995807647705,2024-12-13
10.0100002288818,10.0249996185303,9.51000022888184,9.51599979400635,3277617,9.28269577026367,2024-12-16
9.5,9.60799980163574,9.46000003814697,9.52799987792969,1666428,9.29440116882324,2024-12-17
9.55200004577637,9.62199974060059,9.4379997253418,9.61600017547607,1656167,9.38024425506592,2024-12-18
9.47000026702881,9.52600002288818,9.32999992370605,9.39200019836426,2658217,9.16173553466797,2024-12-19
9.22999954223633,9.28999996185303,9.09799957275391,9.26799964904785,2579512,9.04077529907227,2024-12-20
9.27000045776367,9.29599952697754,9.14400005340576,9.21599960327148,1442117,8.99005031585693,2024-12-23
9.25,9.37399959564209,9.22000026702881,9.31599998474121,1011393,9.08759880065918,2024-12-27
9.28400039672852,9.38599967956543,9.2519998550415,9.34000015258789,969076,9.11101055145264,2024-12-30
9.4379997253418,9.47999954223633,9.04399967193604,9.26799964904785,2725833,9.04077529907227,2025-01-02
9.26799964904785,9.27000045776367,8.95600032806396,9.01000022888184,2113906,8.78910160064697,2025-01-03
9.0959997177124,9.52999973297119,9.0319995880127,9.35000038146973,3627542,9.12076568603516,2025-01-06
9.26200008392334,9.51799964904785,9.18400001525879,9.51000022888184,2637057,9.27684307098389,2025-01-07
9.48600006103516,9.70800018310547,9.41399955749512,9.54800033569336,2222555,9.31391143798828,2025-01-08
9.5620002746582,10.1850004196167,9.47200012207031,10.1049995422363,6158054,9.85725498199463,2025-01-09
10.0200004577637,10.0349998474121,9.39999961853027,9.39999961853027,6885826,9.16953945159912,2025-01-10
9.42000007629395,9.50599956512451,9.0959997177124,9.30799961090088,3565694,9.07979488372803,2025-01-13
9.39999961853027,9.59799957275391,9.32800006866455,9.34200000762939,2714989,9.112961769104,2025-01-14
9.48200035095215,10.0299997329712,9.47999954223633,9.9040002822876,8728423,9.66118335723877,2025-01-15
10.0600004196167,10.1350002288818,9.69200038909912,9.71399974822998,2836839,9.47584056854248,2025-01-16
9.76000022888184,10.2700004577637,9.71199989318848,10.2700004577637,5415675,10.0182104110718,2025-01-17
10.3999996185303,10.625,10.3100004196167,10.5500001907349,3966282,10.2913455963135,2025-01-20
10.539999961853,10.6199998855591,10.4300003051758,10.5749998092651,2214059,10.3157320022583,2025-01-21
10.539999961853,10.7550001144409,10.5349998474121,10.7200002670288,2762680,10.4571771621704,2025-01-22
10.7700004577637,10.875,10.6149997711182,10.8649997711182,2399106,10.5986223220825,2025-01-23
10.9499998092651,11.3450002670288,10.914999961853,11.2849998474121,4874468,11.0083246231079,2025-01-24
11.1949996948242,11.3050003051758,11.085000038147,11.1999998092651,2700619,10.9254083633423,2025-01-27
11.2200002670288,11.4200000762939,11.085000038147,11.085000038147,2767572,10.8132286071777,2025-01-28
11.2150001525879,11.7600002288818,11.2049999237061,11.75,5950403,11.4619245529175,2025-01-29
11.8000001907349,12.1350002288818,11.7700004577637,11.9399995803833,5568551,11.6472654342651,2025-01-30
11.9200000762939,11.9750003814697,11.7349996566772,11.8199996948242,3430925,11.5302076339722,2025-01-31
11.3500003814697,11.6999998092651,11.3000001907349,11.5649995803833,3020927,11.2814598083496,2025-02-03
11.5799999237061,11.6800003051758,11.4499998092651,11.6549997329712,1563790,11.3692531585693,2025-02-04
11.5500001907349,11.6000003814697,11.375,11.3900003433228,2034103,11.1107511520386,2025-02-05
11.4499998092651,11.6400003433228,11.3500003814697,11.6049995422363,2487608,11.3204793930054,2025-02-06
13.3400001525879,14.1049995422363,12.9949998855591,14.1049995422363,21011241,13.7591867446899,2025-02-07
14.460000038147,15.1800003051758,14.1099996566772,14.3850002288818,8758221,14.0323219299316,2025-02-10
14.5500001907349,14.7200002670288,14.2399997711182,14.6700000762939,4433890,14.3103351593018,2025-02-11
14.9499998092651,15.0500001907349,14.7150001525879,14.8699998855591,4399432,14.5054311752319,2025-02-12
15.0100002288818,15.2049999237061,14.7550001144409,15.1199998855591,3742754,14.7493019104004,2025-02-13
15.1450004577637,15.6800003051758,15.0600004196167,15.5500001907349,3946616,15.1687602996826,2025-02-14
15.6549997329712,16.0149993896484,15.5500001907349,15.835000038147,3587768,15.4467725753784,2025-02-17
15.8900003433228,15.9849996566772,15.6199998855591,15.6850004196167,2900200,15.3004503250122,2025-02-18
15.6599998474121,15.8649997711182,15.5450000762939,15.7250003814697,2657503,15.339469909668,2025-02-19
15.6300001144409,15.8649997711182,15.4549999237061,15.4549999237061,2452255,15.0760889053345,2025-02-20
15.5799999237061,15.6949996948242,15.3549995422363,15.4499998092651,2205228,15.0712108612061,2025-02-21
15.5,15.5349998474121,15.1949996948242,15.2849998474121,1267684,14.9102563858032,2025-02-24
15.1899995803833,15.3400001525879,15.125,15.1800003051758,1560972,14.8078317642212,2025-02-25
15.1199998855591,15.289999961853,14.914999961853,15.2650003433228,1908794,14.8907470703125,2025-02-26
15.289999961853,15.4200000762939,14.9849996566772,15.1450004577637,1422925,14.7736892700195,2025-02-27
14.9099998474121,15.1599998474121,14.9099998474121,15.1149997711182,1638560,14.7444248199463,2025-02-28
15.3500003814697,16.6100006103516,15.3050003051758,16.0450000762939,6829585,15.6516237258911,2025-03-03
15.9899997711182,15.9899997711182,14.6999998092651,14.8050003051758,3902203,14.4420251846313,2025-03-04
15.3400001525879,15.9449996948242,15.2299995422363,15.7849998474121,3171229,15.3979978561401,2025-03-05
15.9700002670288,16.3549995422363,15.7600002288818,16.1849994659424,2951875,15.7881908416748,2025-03-06
16.1299991607666,16.1299991607666,15.5150003433228,15.5600004196167,2115144,15.1785154342651,2025-03-07
15.5900001525879,15.6000003814697,14.9250001907349,15.0349998474121,1793337,14.6663856506348,2025-03-10
15.1049995422363,15.3199996948242,14.8450002670288,14.9099998474121,1560898,14.5444507598877,2025-03-11
15.1499996185303,15.3199996948242,14.835000038147,15.2849998474121,1544197,14.9102563858032,2025-03-12
15.0299997329712,15.2550001144409,14.5799999237061,15.1149997711182,1978124,14.7444248199463,2025-03-13
15.2399997711182,16.2900009155273,15.0900001525879,16.2000007629395,3500840,15.8028240203857,2025-03-14
16.25,16.4799995422363,16.1100006103516,16.1599998474121,2171041,15.76380443573,2025-03-17
16.5499992370605,17.2250003814697,16.4050006866455,17,4144937,16.5832099914551,2025-03-18
16.9150009155273,17.2099990844727,16.6550006866455,16.7350006103516,2998052,16.32470703125,2025-03-19
16.7549991607666,16.8050003051758,16.0900001525879,16.3700008392334,1756499,15.968656539917,2025-03-20
16.1650009155273,16.9699993133545,15.9300003051758,16.4449996948242,4233994,16.0418167114258,2025-03-21
16.7849998474121,16.8449993133545,16.3649997711182,16.4699993133545,1495955,16.0662040710449,2025-03-24
16.4099998474121,16.7999992370605,16.1949996948242,16.6399993896484,1503927,16.2320346832275,2025-03-25
16.6499996185303,16.7749996185303,16.4899997711182,16.5750007629395,1239790,16.1686305999756,2025-03-26
16.2649993896484,16.625,15.9700002670288,16.5,1813430,16.0954685211182,2025-03-27
16.1900005340576,16.375,15.7650003433228,15.8400001525879,1829549,15.4516496658325,2025-03-28
15.6099996566772,15.6350002288818,14.8950004577637,15.0699996948242,2267336,14.7005271911621,2025-03-31
15.125,15.1549997329712,14.8400001525879,14.9949998855591,1710958,14.6273670196533,2025-04-01
14.7950000762939,15.125,14.664999961853,15.0600004196167,1548894,14.6907739639282,2025-04-02
14.4750003814697,15.1400003433228,14.3149995803833,14.3249998092651,1695315,13.9737930297852,2025-04-03
14.0950002670288,14.1350002288818,12.4499998092651,13.0749998092651,5129733,12.7544393539429,2025-04-04
11.5,13.3800001144409,11.4650001525879,12.664999961853,5756556,12.3544912338257,2025-04-07
13.1899995803833,13.3100004196167,12.5050001144409,12.8699998855591,2682628,12.5544652938843,2025-04-08
12.4799995422363,13.0500001907349,12.4350004196167,12.875,2138192,12.5593433380127,2025-04-09
14.5,14.5900001525879,13.2049999237061,13.2749996185303,2895890,12.949535369873,2025-04-10
13.5299997329712,13.539999961853,12.8649997711182,13.3400001525879,1823500,13.0129423141479,2025-04-11
13.7600002288818,13.9549999237061,13.539999961853,13.9300003051758,1423948,13.5884780883789,2025-04-14
14.0050001144409,14.3999996185303,13.9899997711182,14.289999961853,1823348,13.9396514892578,2025-04-15
14.1999998092651,14.2749996185303,13.6000003814697,13.7349996566772,2867791,13.3982582092285,2025-04-16
13.7799997329712,13.8649997711182,13.3199996948242,13.460000038147,1416494,13.1300001144409,2025-04-17
13.2650003433228,13.2650003433228,12.8549995422363,13.085000038147,984746,13.085000038147,2025-04-22
13.2849998474121,13.8450002670288,13.210000038147,13.3800001144409,2138559,13.3800001144409,2025-04-23
13.3149995803833,13.5649995803833,13.0649995803833,13.5200004577637,2201348,13.5200004577637,2025-04-24
13.7250003814697,14.1750001907349,13.5550003051758,13.9849996566772,2292991,13.9849996566772,2025-04-25
14.0749998092651,14.2799997329712,14,14.1300001144409,1358646,14.1300001144409,2025-04-28
14.1800003051758,14.4849996566772,14.0450000762939,14.1450004577637,1618179,14.1450004577637,2025-04-29
14.164999961853,14.4049997329712,13.7950000762939,14.0050001144409,1485905,14.0050001144409,2025-04-30
14.2849998474121,14.4849996566772,14.1099996566772,14.3549995422363,1840733,14.3549995422363,2025-05-02
14.3000001907349,14.5,14.210000038147,14.4099998474121,1016237,14.4099998474121,2025-05-05
14.4200000762939,14.4849996566772,13.8050003051758,14.0900001525879,2084934,14.0900001525879,2025-05-06
14.1049995422363,14.3850002288818,13.9700002670288,13.9750003814697,1198673,13.9750003814697,2025-05-07
14.1599998474121,14.5299997329712,14.0450000762939,14.4799995422363,1831303,14.4799995422363,2025-05-08
14.6850004196167,14.9099998474121,14.5550003051758,14.6549997329712,2072516,14.6549997329712,2025-05-09
15.1999998092651,15.6750001907349,15.125,15.6099996566772,3348952,15.6099996566772,2025-05-12
15.6350002288818,16.2649993896484,15.5749998092651,16.2049999237061,3007546,16.2049999237061,2025-05-13
16.375,16.4349994659424,16.0599994659424,16.2199993133545,2886234,16.2199993133545,2025-05-14
15.5500001907349,16.1499996185303,15.0200004577637,15.7799997329712,6521083,15.7799997329712,2025-05-15
15.6999998092651,16.6700000762939,15.5900001525879,16.6700000762939,4907725,16.6700000762939,2025-05-16
16.6450004577637,16.7549991607666,16.4750003814697,16.6849994659424,2081888,16.6849994659424,2025-05-19
16.6949996948242,16.8349990844727,16.4549999237061,16.6650009155273,1681859,16.6650009155273,2025-05-20
16.5650005340576,16.9750003814697,16.4549999237061,16.6599998474121,2082560,16.6599998474121,2025-05-21
16.5900001525879,16.7399997711182,16.5349998474121,16.6599998474121,1189512,16.6599998474121,2025-05-22
17,17.6650009155273,16.5499992370605,17.2199993133545,7822287,17.2199993133545,2025-05-23
17.5,17.8500003814697,17.4899997711182,17.75,2320981,17.75,2025-05-26
17.8500003814697,18.1049995422363,17.7000007629395,17.8999996185303,2439856,17.8999996185303,2025-05-27
17.9449996948242,18.0400009155273,17.5750007629395,17.5750007629395,2061935,17.5750007629395,2025-05-28
17.8150005340576,17.8549995422363,17.4400005340576,17.5049991607666,1018093,17.5049991607666,2025-05-29
17.4500007629395,17.7450008392334,17.4050006866455,17.5499992370605,1386307,17.5499992370605,2025-05-30
16.8799991607666,17.3999996185303,16.5900001525879,16.8649997711182,4215645,16.8649997711182,2025-06-02
16.9500007629395,17.0849990844727,16.7199993133545,16.9349994659424,1969935,16.9349994659424,2025-06-03
17.0599994659424,17.4099998474121,16.9799995422363,17.2399997711182,1913331,17.2399997711182,2025-06-04
17.2199993133545,17.4599990844727,17.0300006866455,17.2150001525879,1786402,17.2150001525879,2025-06-05
17.3950004577637,17.5499992370605,17.0550003051758,17.1700000762939,1869801,17.1700000762939,2025-06-06
17.1200008392334,17.2099990844727,16.6499996185303,16.7450008392334,2371967,16.7450008392334,2025-06-09
16.7800006866455,16.9400005340576,16.6900005340576,16.8050003051758,1459513,16.8050003051758,2025-06-10
16.8449993133545,17.0049991607666,16.6450004577637,16.6900005340576,1355419,16.6900005340576,2025-06-11
16.5349998474121,16.7350006103516,16.2900009155273,16.4050006866455,1215252,16.4050006866455,2025-06-12
15.9399995803833,16.3400001525879,15.8850002288818,15.9650001525879,1514584,15.9650001525879,2025-06-13
15.9949998855591,16.1700000762939,15.9049997329712,16.1700000762939,1114468,16.1700000762939,2025-06-16
16,16.1800003051758,15.5200004577637,15.9849996566772,1892644,15.9849996566772,2025-06-17
15.9399995803833,15.9700002670288,15.5200004577637,15.6499996185303,1531609,15.6499996185303,2025-06-18
15.5900001525879,15.6499996185303,15.3500003814697,15.4449996948242,1379536,15.4449996948242,2025-06-19
15.5,15.6549997329712,15.4849996566772,15.5699996948242,1422774,15.5699996948242,2025-06-20
15.3999996185303,15.4750003814697,14.9750003814697,15.1750001907349,1239298,15.1750001907349,2025-06-23
15.625,15.6949996948242,15.3500003814697,15.5,1089058,15.5,2025-06-24
15.5600004196167,15.6549997329712,15.3500003814697,15.4350004196167,840608,15.4350004196167,2025-06-25
15.5,15.9350004196167,15.3900003433228,15.8149995803833,1521336,15.8149995803833,2025-06-26
16.0799999237061,16.4500007629395,15.8500003814697,16.3449993133545,2148806,16.3449993133545,2025-06-27
16.5900001525879,16.8549995422363,16.4500007629395,16.7000007629395,2395632,16.7000007629395,2025-06-30
16.6299991607666,16.6550006866455,16.3099994659424,16.5699996948242,1182786,16.5699996948242,2025-07-01
16.5949993133545,16.7399997711182,16.3850002288818,16.7150001525879,1183716,16.7150001525879,2025-07-02
16.7350006103516,16.7600002288818,16.3500003814697,16.6399993896484,994920,16.6399993896484,2025-07-03
16.6299991607666,16.6749992370605,16.4599990844727,16.6749992370605,838975,16.6749992370605,2025-07-04
16.6749992370605,17.3299999237061,16.5949993133545,17.2950000762939,1990224,17.2950000762939,2025-07-07
17.4200000762939,17.4300003051758,17.0300006866455,17.3899993896484,2099272,17.3899993896484,2025-07-08
17.3999996185303,17.9349994659424,17.3250007629395,17.5750007629395,2052872,17.5750007629395,2025-07-09
17.4500007629395,17.4799995422363,16.4400005340576,16.5,5503733,16.5,2025-07-10
16.5,16.5049991607666,15.2349996566772,15.4949998855591,5441129,15.4949998855591,2025-07-11
15.289999961853,15.8400001525879,15.25,15.7849998474121,2997599,15.7849998474121,2025-07-14
15.7200002670288,16.0450000762939,15.5249996185303,15.6350002288818,3238135,15.6350002288818,2025-07-15
15.6149997711182,15.6149997711182,15.0500001907349,15.1000003814697,3924907,15.1000003814697,2025-07-16
15.25,15.4799995422363,15.1499996185303,15.3249998092651,1838658,15.3249998092651,2025-07-17
15.4049997329712,16.8150005340576,15.1400003433228,16.6000003814697,8728358,16.6000003814697,2025-07-18
16.6800003051758,16.9200000762939,16.5249996185303,16.6499996185303,3368263,16.6499996185303,2025-07-21
16.6200008392334,18.1949996948242,16.6200008392334,17.9449996948242,7698263,17.9449996948242,2025-07-22
18.0750007629395,19.7000007629395,18.0599994659424,19.25,9843039,19.25,2025-07-23
19.3899993896484,19.6499996185303,18.7600002288818,19,3160567,19,2025-07-24
18.7099990844727,19.1049995422363,18.5100002288818,18.8799991607666,2713274,18.8799991607666,2025-07-25
19.2900009155273,19.3600006103516,18.1599998474121,18.1650009155273,3607885,18.1650009155273,2025-07-28
18.2000007629395,19.5799999237061,18.0650005340576,19.0450000762939,4483235,19.0450000762939,2025-07-29
19.3150005340576,19.7999992370605,19.0100002288818,19.0100002288818,5401627,19.0100002288818,2025-07-30
17.9449996948242,18.3449993133545,17.8050003051758,18.1550006866455,14651161,18.1550006866455,2025-07-31
18.1550006866455,18.2800006866455,18.0300006866455,18.1800003051758,6615539,18.1800003051758,2025-08-01
18.2999992370605,18.3500003814697,18.1450004577637,18.2999992370605,3496859,18.2999992370605,2025-08-04
18.2849998474121,18.5049991607666,18.2299995422363,18.3500003814697,2356007,18.3500003814697,2025-08-05
18.4099998474121,18.4899997711182,18.2950000762939,18.3500003814697,2775503,18.3500003814697,2025-08-06
18.3999996185303,18.5049991607666,18.3099994659424,18.4300003051758,3507040,18.4300003051758,2025-08-07
18.5,18.5949993133545,18.4150009155273,18.4500007629395,2293147,18.4500007629395,2025-08-08
18.4549999237061,18.5,18.3700008392334,18.3999996185303,2470540,18.3999996185303,2025-08-11
18.3799991607666,18.4950008392334,18.3500003814697,18.4249992370605,1061604,18.4249992370605,2025-08-12
18.4650001525879,18.4899997711182,18.3700008392334,18.4200000762939,927346,18.4200000762939,2025-08-13
18.4200000762939,18.4850006103516,18.3500003814697,18.3500003814697,1302490,18.3500003814697,2025-08-14
18.3549995422363,18.4099998474121,18.3400001525879,18.3549995422363,1141340,18.3549995422363,2025-08-18
18.4050006866455,18.4300003051758,18.2700004577637,18.3099994659424,2005827,18.3099994659424,2025-08-19
18.2999992370605,18.3500003814697,18.2399997711182,18.2700004577637,2601035,18.2700004577637,2025-08-20
18.2600002288818,18.3250007629395,18.2600002288818,18.2999992370605,1301658,18.2999992370605,2025-08-21
18.2800006866455,18.3649997711182,18.2800006866455,18.3400001525879,1589531,18.3400001525879,2025-08-22
18.3449993133545,18.375,18.2600002288818,18.375,1250740,18.375,2025-08-25
18.3700008392334,18.3700008392334,18.2999992370605,18.3500003814697,1606644,18.3500003814697,2025-08-26
18.375,18.375,18.2900009155273,18.3199996948242,1792768,18.3199996948242,2025-08-27
18.3500003814697,18.4599990844727,18.3449993133545,18.3950004577637,1011491,18.3950004577637,2025-08-28
18.3600006103516,18.4599990844727,18.3600006103516,18.375,1210037,18.375,2025-08-29
18.3999996185303,18.4349994659424,18.3199996948242,18.375,3522379,18.375,2025-09-01
18.3500003814697,18.3700008392334,18.2999992370605,18.3050003051758,3289274,18.3050003051758,2025-09-02
18.3700008392334,18.3700008392334,18.2150001525879,18.2399997711182,2979675,18.2399997711182,2025-09-03
18.2549991607666,18.3099994659424,18.2549991607666,18.2700004577637,1343899,18.2700004577637,2025-09-04
18.2600002288818,18.3299999237061,18.2399997711182,18.2749996185303,1886445,18.2749996185303,2025-09-05
18.2999992370605,18.3099994659424,18.1849994659424,18.2399997711182,1481811,18.2399997711182,2025-09-08
18.2350006103516,18.2649993896484,18.2000007629395,18.2299995422363,1540054,18.2299995422363,2025-09-09
18.2299995422363,18.2849998474121,18.2099990844727,18.2649993896484,1998736,18.2649993896484,2025-09-10
18.2700004577637,18.3199996948242,18.2399997711182,18.2900009155273,1688896,18.2900009155273,2025-09-11
18.3050003051758,18.3250007629395,18.25,18.2700004577637,1156907,18.2700004577637,2025-09-12
18.2700004577637,18.3899993896484,18.2700004577637,18.3050003051758,983754,18.3050003051758,2025-09-15
18.3050003051758,18.3600006103516,18.2649993896484,18.3299999237061,1565169,18.3299999237061,2025-09-16
18.2950000762939,18.3799991607666,18.2950000762939,18.3050003051758,2079736,18.3050003051758,2025-09-17
18.3099994659424,18.3349990844727,18.1700000762939,18.2900009155273,2329783,18.2900009155273,2025-09-18
18.3400001525879,18.3999996185303,18.2749996185303,18.2900009155273,1472520,18.2900009155273,2025-09-19
18.2700004577637,18.3050003051758,18.2150001525879,18.2950000762939,1169437,18.2950000762939,2025-09-22
18.3050003051758,18.4249992370605,18.2649993896484,18.2999992370605,1218920,18.2999992370605,2025-09-23
18.2849998474121,18.3099994659424,18.2199993133545,18.2299995422363,1032175,18.2299995422363,2025-09-24
18.2399997711182,18.2749996185303,18.2199993133545,18.2399997711182,1066245,18.2399997711182,2025-09-25
18.25,18.2700004577637,18.1800003051758,18.2600002288818,1728963,18.2600002288818,2025-09-26
18.2600002288818,18.3700008392334,18.2350006103516,18.3299999237061,632067,18.3299999237061,2025-09-29
18.2749996185303,18.4099998474121,18.2749996185303,18.3549995422363,677855,18.3549995422363,2025-09-30
18.2999992370605,18.3400001525879,18.2399997711182,18.3050003051758,1333191,18.3050003051758,2025-10-01
18.3400001525879,18.3799991607666,18.2749996185303,18.2950000762939,1140950,18.2950000762939,2025-10-02
18.3400001525879,18.3899993896484,18.2450008392334,18.2450008392334,1356014,18.2450008392334,2025-10-03
18.25,18.2800006866455,18.2099990844727,18.2099990844727,1203844,18.2099990844727,2025-10-06
18.2099990844727,18.2649993896484,18.1350002288818,18.1749992370605,1653358,18.1749992370605,2025-10-07
18.1749992370605,18.2399997711182,18.1599998474121,18.1749992370605,2865072,18.1749992370605,2025-10-08
18.2150001525879,18.2199993133545,18.1450004577637,18.1849994659424,2429162,18.1849994659424,2025-10-09
