"LTMC.MI.Open","LTMC.MI.High","LTMC.MI.Low","LTMC.MI.Close","LTMC.MI.Volume","LTMC.MI.Adjusted","Date"
8.5,8.5,7.95800018310547,8.19999980926514,13006120,7.89268827438354,2023-05-03
8.22000026702881,8.42000007629395,8.15999984741211,8.27000045776367,2759922,7.9600658416748,2023-05-04
8.39500045776367,8.47299957275391,8.27799987792969,8.44600009918213,1476712,8.129469871521,2023-05-05
8.5,8.6269998550415,8.38099956512451,8.48400020599365,738523,8.16604518890381,2023-05-08
8.5,8.66100025177002,8.40999984741211,8.59099960327148,974676,8.26903438568115,2023-05-09
8.64999961853027,8.66199970245361,8.30300045013428,8.38000011444092,640304,8.06594276428223,2023-05-10
8.49699974060059,8.49699974060059,7.97100019454956,7.98600006103516,1283605,7.68670892715454,2023-05-11
8.05599975585938,8.36999988555908,7.92700004577637,8.25,1073912,7.94081401824951,2023-05-12
8.37399959564209,8.58899974822998,8.27999973297119,8.44999980926514,1947465,8.13331985473633,2023-05-15
8.58699989318848,8.58699989318848,8.46000003814697,8.5,542745,8.18144512176514,2023-05-16
8.52999973297119,8.56099987030029,8.35000038146973,8.35000038146973,525562,8.03706741333008,2023-05-17
8.5,8.5,8.00100040435791,8.00100040435791,788846,7.70114660263062,2023-05-18
8.09000015258789,8.11600017547607,7.80999994277954,7.94999980926514,981832,7.65205717086792,2023-05-19
8.05900001525879,8.09899997711182,7.63100004196167,7.65999984741211,941850,7.37292575836182,2023-05-22
7.67000007629395,7.93499994277954,7.62599992752075,7.86899995803833,479599,7.57409334182739,2023-05-23
7.86999988555908,7.86999988555908,7.58199977874756,7.72300004959106,588439,7.43356513977051,2023-05-24
7.8289999961853,7.84999990463257,7.63700008392334,7.67999982833862,228832,7.39217615127563,2023-05-25
7.72599983215332,7.84000015258789,7.61299991607666,7.81099987030029,293074,7.51826667785645,2023-05-26
7.84999990463257,7.86999988555908,7.76599979400635,7.80100011825562,40924,7.50864171981812,2023-05-29
7.86999988555908,7.88199996948242,7.67999982833862,7.71199989318848,118298,7.42297744750977,2023-05-30
7.75299978256226,7.80999994277954,7.35200023651123,7.43499994277954,597512,7.15635824203491,2023-05-31
7.43499994277954,7.55999994277954,7.43499994277954,7.50699996948242,387333,7.22566032409668,2023-06-01
7.55000019073486,7.63800001144409,7.46000003814697,7.52500009536743,443495,7.24298572540283,2023-06-02
7.52600002288818,7.70800018310547,7.4980001449585,7.69999980926514,218758,7.41142654418945,2023-06-05
7.75,7.86800003051758,7.65899991989136,7.86800003051758,235788,7.57313060760498,2023-06-06
7.88899993896484,8.29500007629395,7.84899997711182,8.12600040435791,1170934,7.82146215438843,2023-06-07
8.40299987792969,8.55000019073486,8.15100002288818,8.21000003814697,1704311,7.90231370925903,2023-06-08
8.3149995803833,8.63399982452393,8.25599956512451,8.52200031280518,1531238,8.20262145996094,2023-06-09
8.5629997253418,8.64000034332275,8.33199977874756,8.39000034332275,748680,8.07556819915771,2023-06-12
8.43000030517578,8.43000030517578,8.1870002746582,8.23200035095215,749433,7.92348957061768,2023-06-13
8.26000022888184,8.2790002822876,8.15799999237061,8.16199970245361,440552,7.85611248016357,2023-06-14
8.2180004119873,8.27299976348877,8.16499996185303,8.21399974822998,327710,7.90616321563721,2023-06-15
8.21399974822998,8.4379997253418,8.19099998474121,8.41300010681152,540974,8.09770584106445,2023-06-16
8.39799976348877,8.47999954223633,8.22700023651123,8.24600028991699,379647,7.93696451187134,2023-06-19
8.2480001449585,8.31599998474121,8.14999961853027,8.25500011444092,219714,7.94562768936157,2023-06-20
8.28999996185303,8.38000011444092,8.19999980926514,8.38000011444092,223839,8.06594276428223,2023-06-21
8.35799980163574,8.44999980926514,8.30000019073486,8.4379997253418,178091,8.12176895141602,2023-06-22
8.44900035858154,8.47399997711182,8.37800025939941,8.43299961090088,99001,8.11695575714111,2023-06-23
8.4399995803833,8.44400024414062,8.35000038146973,8.43599987030029,155784,8.11984348297119,2023-06-26
8.40100002288818,8.44999980926514,8.37100028991699,8.38000011444092,133019,8.06594276428223,2023-06-27
8.35000038146973,8.43099975585938,8.35000038146973,8.41300010681152,122155,8.09770584106445,2023-06-28
8.45300006866455,8.72900009155273,8.30300045013428,8.69999980926514,362592,8.37395000457764,2023-06-29
8.65999984741211,8.75399971008301,8.52000045776367,8.71599960327148,146543,8.38934993743896,2023-06-30
8.75399971008301,8.75399971008301,8.47999954223633,8.5620002746582,252798,8.24112224578857,2023-07-03
8.60000038146973,8.72000026702881,8.58600044250488,8.69499969482422,188291,8.36913681030273,2023-07-04
8.69999980926514,8.69999980926514,8.52400016784668,8.58300018310547,162361,8.2613353729248,2023-07-05
8.5319995880127,8.54599952697754,8.34099960327148,8.39500045776367,297588,8.08038139343262,2023-07-06
8.43000030517578,8.78800010681152,8.3149995803833,8.78800010681152,417701,8.45865154266357,2023-07-07
8.77999973297119,9.00599956512451,8.62199974060059,8.97999954223633,475388,8.64345550537109,2023-07-10
8.84000015258789,9.0319995880127,8.84000015258789,9.0319995880127,200387,8.69350719451904,2023-07-11
9.00300025939941,9.29899978637695,8.96100044250488,9.28999996185303,1027347,8.94183921813965,2023-07-12
9.48999977111816,9.64500045776367,9.36100006103516,9.4689998626709,1003139,9.1141300201416,2023-07-13
9.44600009918213,9.60000038146973,9.39999961853027,9.47999954223633,321248,9.12471675872803,2023-07-14
9.4680004119873,9.50699996948242,9.3120002746582,9.36900043487549,178651,9.01787853240967,2023-07-17
9.3100004196167,9.51900005340576,9.3100004196167,9.39500045776367,278706,9.0429048538208,2023-07-18
9.39999961853027,9.5,9.38000011444092,9.38399982452393,292101,9.03231620788574,2023-07-19
9.44999980926514,9.44999980926514,9.19499969482422,9.35000038146973,404952,8.99958992004395,2023-07-20
9.39000034332275,9.39000034332275,9.22999954223633,9.27099990844727,287274,8.92355060577393,2023-07-21
9.29100036621094,9.42700004577637,9.25,9.37600040435791,240981,9.02461624145508,2023-07-24
9.4680004119873,9.4680004119873,9.16699981689453,9.1899995803833,491329,8.84558582305908,2023-07-25
9.22000026702881,9.22000026702881,9.00100040435791,9.14999961853027,407302,8.80708503723145,2023-07-26
9.22000026702881,9.31900024414062,9.15499973297119,9.17800045013428,254936,8.8340368270874,2023-07-27
9.26500034332275,9.39000034332275,9.125,9.30000019073486,396592,8.95146369934082,2023-07-28
9.40200042724609,9.69400024414062,9.39599990844727,9.44999980926514,900757,9.0958423614502,2023-07-31
9.47000026702881,9.47000026702881,9.3100004196167,9.3100004196167,258997,8.96109008789062,2023-08-01
9.25699996948242,9.44999980926514,9.21000003814697,9.32499980926514,266872,8.97552680969238,2023-08-02
9.30099964141846,9.38899993896484,9.18400001525879,9.35000038146973,269589,8.99958992004395,2023-08-03
9.37899971008301,9.39400005340576,9.23200035095215,9.30300045013428,181453,8.9543514251709,2023-08-04
9.38000011444092,9.46000003814697,9.30000019073486,9.38000011444092,257403,9.02846622467041,2023-08-07
9.35000038146973,9.35000038146973,9.22999954223633,9.30300045013428,228312,8.9543514251709,2023-08-08
9.30000019073486,9.41199970245361,9.20800018310547,9.31900024414062,303822,8.96975231170654,2023-08-09
9.35000038146973,9.41699981689453,9.23999977111816,9.30000019073486,161362,8.95146369934082,2023-08-10
9.32699966430664,9.42000007629395,9.10599994659424,9.14700031280518,250420,8.80419826507568,2023-08-11
9.27000045776367,9.30700016021729,9.15999984741211,9.27700042724609,173131,8.92932605743408,2023-08-14
9.32999992370605,9.3459997177124,9.22700023651123,9.2519998550415,344778,8.90526294708252,2023-08-16
9.27000045776367,9.27000045776367,9.12600040435791,9.12600040435791,248031,8.78398513793945,2023-08-17
9.12600040435791,9.17700004577637,9,9.08300018310547,262830,8.74259662628174,2023-08-18
9.07999992370605,9.22999954223633,9.03600025177002,9.10799980163574,127272,8.76665878295898,2023-08-21
9.07900047302246,9.27000045776367,9.05200004577637,9.17000007629395,180085,8.82633590698242,2023-08-22
9.20800018310547,9.3459997177124,9.20800018310547,9.34099960327148,215124,8.99092674255371,2023-08-23
9.30200004577637,9.44999980926514,9.30200004577637,9.35999965667725,299886,9.00921535491943,2023-08-24
9.44999980926514,9.47000026702881,9.35000038146973,9.42000007629395,325430,9.06696701049805,2023-08-25
9.21000003814697,9.47700023651123,9.21000003814697,9.39200019836426,248541,9.04001617431641,2023-08-28
9.35000038146973,9.47999954223633,9.32800006866455,9.42000007629395,265573,9.06696701049805,2023-08-29
9.34000015258789,9.46500015258789,9.33199977874756,9.34000015258789,322079,8.98996448516846,2023-08-30
9.35700035095215,9.4370002746582,9,9,2756951,8.66270637512207,2023-08-31
9.05000019073486,9.27499961853027,8.90900039672852,9.10799980163574,496089,8.76665878295898,2023-09-01
9.19999980926514,9.27799987792969,9.14999961853027,9.23999977111816,146265,8.89371204376221,2023-09-04
9.26000022888184,9.26000022888184,9.10200023651123,9.17899990081787,216140,8.83499813079834,2023-09-05
9.19999980926514,9.20800018310547,9.07100009918213,9.08100032806396,211156,8.74067115783691,2023-09-06
9.05000019073486,9.17099952697754,9.01599979400635,9.17099952697754,204917,8.82729721069336,2023-09-07
9.13199996948242,9.26599979400635,9.12899971008301,9.22700023651123,184727,8.88119983673096,2023-09-08
9.11999988555908,9.22000026702881,8.97700023651123,9.02299976348877,577462,8.68484401702881,2023-09-11
9.03699970245361,9.10000038146973,8.97200012207031,9.02000045776367,212825,8.68195819854736,2023-09-12
9.02000045776367,9.15200042724609,8.97900009155273,9,322675,8.66270637512207,2023-09-13
9.02999973297119,9.18599987030029,8.92000007629395,9.17000007629395,420414,8.82633590698242,2023-09-14
9.19999980926514,9.25599956512451,9.07600021362305,9.08100032806396,901629,8.74067115783691,2023-09-15
9.14999961853027,9.17700004577637,9.0310001373291,9.03899955749512,208613,8.70024490356445,2023-09-18
9.09200000762939,9.09200000762939,8.86600017547607,8.9069995880127,428743,8.57319259643555,2023-09-19
8.98900032043457,9.04199981689453,8.90999984741211,9.01900005340576,120168,8.68099498748779,2023-09-20
8.98999977111816,8.98999977111816,8.88799953460693,8.89700031280518,170277,8.56356716156006,2023-09-21
8.86699962615967,8.87399959564209,8.76799964904785,8.78400039672852,125113,8.45480251312256,2023-09-22
8.78499984741211,8.78499984741211,8.41399955749512,8.5,467833,8.18144512176514,2023-09-25
8.5600004196167,8.5600004196167,8.37100028991699,8.53899955749512,153907,8.2189826965332,2023-09-26
8.5019998550415,8.64999961853027,8.47399997711182,8.64999961853027,191316,8.32582378387451,2023-09-27
8.74899959564209,8.79800033569336,8.54199981689453,8.78400039672852,245795,8.45480251312256,2023-09-28
8.8439998626709,8.85400009155273,8.72999954223633,8.80700016021729,188343,8.4769401550293,2023-09-29
8.82999992370605,8.8769998550415,8.73999977111816,8.73999977111816,186396,8.41245079040527,2023-10-02
8.72999954223633,8.93900012969971,8.71000003814697,8.85000038146973,209809,8.51832866668701,2023-10-03
8.89000034332275,8.89000034332275,8.55000019073486,8.64000034332275,213577,8.31619834899902,2023-10-04
8.64200019836426,8.65799999237061,8.55000019073486,8.56900024414062,111567,8.24785995483398,2023-10-05
8.73999977111816,8.73999977111816,8.57100009918213,8.64999961853027,116595,8.32582378387451,2023-10-06
8.60400009155273,8.66499996185303,8.45600032806396,8.60000038146973,108045,8.27769756317139,2023-10-09
8.59899997711182,8.80099964141846,8.59700012207031,8.80099964141846,109286,8.47116470336914,2023-10-10
8.80000019073486,8.88599967956543,8.75500011444092,8.75500011444092,68870,8.42688941955566,2023-10-11
8.77999973297119,8.9040002822876,8.77000045776367,8.85400009155273,105095,8.52217864990234,2023-10-12
8.89500045776367,8.90900039672852,8.62899971008301,8.69999980926514,188950,8.37395000457764,2023-10-13
8.63199996948242,8.75699996948242,8.63199996948242,8.7209997177124,127697,8.39416313171387,2023-10-16
8.75599956512451,8.76200008392334,8.6230001449585,8.75,97384,8.42207527160645,2023-10-17
8.76000022888184,8.87100028991699,8.71100044250488,8.82600021362305,222699,8.4952278137207,2023-10-18
8.94999980926514,8.97999954223633,8.71500015258789,8.91100025177002,162243,8.57704257965088,2023-10-19
8.80000019073486,8.91199970245361,8.6899995803833,8.7810001373291,162637,8.45191383361816,2023-10-20
8.9399995803833,9.04800033569336,8.73400020599365,9,178371,8.66270637512207,2023-10-23
9.05000019073486,9.10299968719482,8.83100032806396,9.0959997177124,157359,8.75510883331299,2023-10-24
9.10999965667725,9.10999965667725,8.80799961090088,8.84000015258789,152716,8.50870323181152,2023-10-25
8.80000019073486,8.94099998474121,8.77299976348877,8.85000038146973,102561,8.51832866668701,2023-10-26
8.85000038146973,8.89200019836426,8.72999954223633,8.82100009918213,174329,8.49041557312012,2023-10-27
8.82100009918213,8.9350004196167,8.79399967193604,8.93000030517578,141108,8.5953311920166,2023-10-30
8.94999980926514,9.07999992370605,8.7480001449585,8.93599987030029,394314,8.60110569000244,2023-10-31
9.09799957275391,9.09799957275391,8.85999965667725,9.03800010681152,165794,8.6992826461792,2023-11-01
9.09799957275391,9.45899963378906,9.05000019073486,9.18099975585938,551469,8.83692359924316,2023-11-02
9.22000026702881,9.32400035858154,9.10099983215332,9.22200012207031,178676,8.87638664245605,2023-11-03
9.22999954223633,9.27999973297119,9.03299999237061,9.05300045013428,123966,8.71372127532959,2023-11-06
9.19999980926514,9.19999980926514,9.02999973297119,9.10200023651123,75451,8.76088523864746,2023-11-07
9.0600004196167,9.16399955749512,8.99499988555908,9.02000045776367,172542,8.68195819854736,2023-11-08
9.09799957275391,9.12600040435791,8.93000030517578,9.10200023651123,197102,8.76088523864746,2023-11-09
9,9.07800006866455,8.64999961853027,9.02799987792969,270693,8.68965816497803,2023-11-10
9,9.02600002288818,8.93599987030029,9,111082,8.66270637512207,2023-11-13
9.01000022888184,9.14700031280518,8.9399995803833,9.08300018310547,217994,8.74259662628174,2023-11-14
9.12800025939941,9.23900032043457,9.05900001525879,9.07999992370605,114910,8.73970890045166,2023-11-15
9.05000019073486,9.14299964904785,8.97700023651123,9.11999988555908,176941,8.7782096862793,2023-11-16
9.11999988555908,9.30000019073486,9.11999988555908,9.22000026702881,159354,8.87446212768555,2023-11-17
9.25,9.4399995803833,9.2209997177124,9.39299964904785,219022,9.04097843170166,2023-11-20
9.26099967956543,9.39999961853027,9.26000022888184,9.3129997253418,69118,8.96397686004639,2023-11-21
9.35099983215332,9.43099975585938,9.27000045776367,9.31999969482422,95465,8.97071361541748,2023-11-22
9.27999973297119,9.36900043487549,9.26000022888184,9.26200008392334,55579,8.91488742828369,2023-11-23
9.30300045013428,9.43400001525879,9.28400039672852,9.36699962615967,76421,9.01595211029053,2023-11-24
9.37800025939941,9.39999961853027,9.26200008392334,9.35000038146973,91350,8.99958992004395,2023-11-27
9.36499977111816,9.45499992370605,9.27200031280518,9.45199966430664,141690,9.0977668762207,2023-11-28
9.44999980926514,9.47999954223633,9.30599975585938,9.32999992370605,103859,8.98033905029297,2023-11-29
9.31099987030029,9.43599987030029,9.28800010681152,9.43599987030029,209817,9.08236694335938,2023-11-30
9.43599987030029,9.4709997177124,9.35999965667725,9.41600036621094,168115,9.06311702728271,2023-12-01
9.48799991607666,9.51299953460693,9.40499973297119,9.47000026702881,127739,9.11509323120117,2023-12-04
9.47999954223633,9.55900001525879,9.40900039672852,9.42599964141846,113950,9.07274055480957,2023-12-05
9.39999961853027,9.52999973297119,9.39999961853027,9.52000045776367,146799,9.1632194519043,2023-12-06
9.52499961853027,9.67899990081787,9.48499965667725,9.60900020599365,302816,9.24888324737549,2023-12-07
9.60000038146973,9.65799999237061,9.51599979400635,9.60799980163574,157212,9.24792098999023,2023-12-08
9.6560001373291,9.6560001373291,9.44099998474121,9.51799964904785,122948,9.16129302978516,2023-12-11
9.55000019073486,9.64099979400635,9.51599979400635,9.58500003814697,66904,9.22578239440918,2023-12-12
9.5290002822876,9.73499965667725,9.44999980926514,9.44999980926514,242695,9.0958423614502,2023-12-13
9.64000034332275,9.69799995422363,9.51200008392334,9.63000011444092,177419,9.26909637451172,2023-12-14
9.63099956512451,9.9350004196167,9.61999988555908,9.79300022125244,2495031,9.42598724365234,2023-12-15
9.94999980926514,10.0200004577637,9.72000026702881,9.80000019073486,159322,9.43272495269775,2023-12-18
9.73499965667725,9.9379997253418,9.73499965667725,9.80599975585938,183228,9.43850040435791,2023-12-19
9.94799995422363,9.97999954223633,9.85000038146973,9.89999961853027,681433,9.528977394104,2023-12-20
9.88000011444092,9.93599987030029,9.78999996185303,9.85000038146973,175516,9.4808521270752,2023-12-21
9.97900009155273,9.97900009155273,9.76799964904785,9.8149995803833,125832,9.44716262817383,2023-12-22
9.89999961853027,9.89999961853027,9.80500030517578,9.84700012207031,94635,9.4779634475708,2023-12-27
9.89999961853027,9.90999984741211,9.7819995880127,9.7819995880127,59025,9.4153995513916,2023-12-28
9.85799980163574,9.85799980163574,9.74100017547607,9.78999996185303,112232,9.42310047149658,2023-12-29
9.88000011444092,9.88000011444092,9.64400005340576,9.64400005340576,181879,9.28257179260254,2024-01-02
9.67599964141846,9.77499961853027,9.5,9.57100009918213,138205,9.21230792999268,2024-01-03
9.50300025939941,9.63000011444092,9.45600032806396,9.6230001449585,254745,9.26235866546631,2024-01-04
9.64400005340576,9.66899967193604,9.42599964141846,9.64000034332275,258760,9.27872180938721,2024-01-05
9.77999973297119,9.77999973297119,9.55500030517578,9.66800022125244,121337,9.30567169189453,2024-01-08
9.71000003814697,9.75100040435791,9.67500019073486,9.75100040435791,109551,9.3855619430542,2024-01-09
9.77999973297119,9.80000019073486,9.67199993133545,9.71000003814697,132214,9.34609794616699,2024-01-10
9.80000019073486,9.80000019073486,9.58500003814697,9.63000011444092,138026,9.26909637451172,2024-01-11
9.72200012207031,9.72399997711182,9.5629997253418,9.60700035095215,108866,9.24695873260498,2024-01-12
9.73999977111816,9.9399995803833,9.73900032043457,9.9370002746582,349291,9.56459140777588,2024-01-15
9.85700035095215,10.4020004272461,9.76700019836426,10.3780002593994,1480151,9.98906326293945,2024-01-16
10.3020000457764,10.4580001831055,10.1840000152588,10.4580001831055,362012,10.066065788269,2024-01-17
9.77999973297119,10.3100004196167,9.76000022888184,10.1619997024536,2039385,9.78115844726562,2024-01-18
10.3000001907349,10.6800003051758,10.206000328064,10.6099996566772,748210,10.2123689651489,2024-01-19
10.6899995803833,10.8680000305176,10.4340000152588,10.78600025177,469378,10.3817739486694,2024-01-22
10.8000001907349,10.8380002975464,10.6199998855591,10.6339998245239,279044,10.2354698181152,2024-01-23
10.6499996185303,10.753999710083,10.5920000076294,10.6120004653931,196008,10.2142944335938,2024-01-24
10.6099996566772,10.7880001068115,10.6020002365112,10.7840003967285,162445,10.3798484802246,2024-01-25
10.8000001907349,10.8800001144409,10.6639995574951,10.8699998855591,166030,10.4626245498657,2024-01-26
10.8999996185303,10.8999996185303,10.6719999313354,10.6820001602173,152759,10.2816705703735,2024-01-29
10.7440004348755,10.8319997787476,10.6700000762939,10.7720003128052,183949,10.3682975769043,2024-01-30
10.8000001907349,10.826000213623,10.6960000991821,10.7440004348755,138082,10.341347694397,2024-01-31
10.7799997329712,10.9280004501343,10.75,10.7700004577637,199527,10.3663730621338,2024-02-01
10.8000001907349,10.8380002975464,10.710000038147,10.7740001678467,175955,10.3702220916748,2024-02-02
10.7419996261597,10.8819999694824,10.5179996490479,10.5500001907349,149105,10.1546173095703,2024-02-05
10.5979995727539,11.0480003356934,10.5979995727539,11.0480003356934,281143,10.6339550018311,2024-02-06
11,11.1899995803833,10.9659996032715,11.0799999237061,255451,10.6647548675537,2024-02-07
11.1379995346069,11.289999961853,11.0080003738403,11.1260004043579,264065,10.7090320587158,2024-02-08
11.1260004043579,11.3500003814697,11.0699996948242,11.2299995422363,271427,10.8091325759888,2024-02-09
11.2299995422363,11.2299995422363,11.0520000457764,11.1800003051758,211395,10.76100730896,2024-02-12
11.1319999694824,11.2119998931885,10.96399974823,11.1000003814697,244760,10.6840057373047,2024-02-13
10.9079999923706,11.2259998321533,10.9079999923706,11.1999998092651,128498,10.7802581787109,2024-02-14
11.1899995803833,11.2299995422363,11.1459999084473,11.2040004730225,94315,10.7841081619263,2024-02-15
11.1999998092651,11.3999996185303,11.1999998092651,11.3420000076294,152325,10.9169359207153,2024-02-16
11.4399995803833,11.5640001296997,11.3979997634888,11.5340003967285,303356,11.1017408370972,2024-02-19
11.6000003814697,11.6000003814697,11.4499998092651,11.5900001525879,191397,11.1556415557861,2024-02-20
11.6000003814697,11.6000003814697,11.2659997940063,11.6000003814697,197138,11.1652669906616,2024-02-21
11.4200000762939,11.6300001144409,11.4200000762939,11.5579996109009,170731,11.1248397827148,2024-02-22
11.5,11.6160001754761,11.4280004501343,11.539999961853,166746,11.107515335083,2024-02-23
11.539999961853,11.7220001220703,11.4899997711182,11.5279998779297,189999,11.0959644317627,2024-02-26
11.6199998855591,11.6680002212524,11.3579998016357,11.4820003509521,251501,11.0516891479492,2024-02-27
11.4820003509521,11.6599998474121,11.4280004501343,11.5019998550415,216641,11.0709390640259,2024-02-28
11.4799995422363,11.6940002441406,10.3500003814697,11.1000003814697,940630,10.6840057373047,2024-02-29
11.2340002059937,11.5900001525879,11.2340002059937,11.3999996185303,622398,10.9727621078491,2024-03-01
11.5900001525879,11.5900001525879,11.1219997406006,11.1219997406006,261787,10.7051811218262,2024-03-04
11.1219997406006,11.1999998092651,10.956000328064,11.0299997329712,269996,10.6166286468506,2024-03-05
10.9739999771118,11.0380001068115,10.8559999465942,10.8739995956421,223312,10.4664745330811,2024-03-06
10.9499998092651,10.9659996032715,10.7580003738403,10.8500003814697,238286,10.4433746337891,2024-03-07
10.8800001144409,11.0100002288818,10.789999961853,10.9619998931885,156811,10.5511770248413,2024-03-08
10.9980001449585,11.3159999847412,10.8999996185303,11.1940002441406,287043,10.7744827270508,2024-03-11
11.2399997711182,11.3299999237061,11.0939998626709,11.2340002059937,159090,10.8129835128784,2024-03-12
11.2760000228882,11.7180004119873,11.2239999771118,11.6719999313354,345428,11.2345676422119,2024-03-13
11.6379995346069,11.8500003814697,11.503999710083,11.8500003814697,273187,11.4058980941772,2024-03-14
11.9879999160767,11.9879999160767,11.7519998550415,11.9340000152588,1392941,11.4867486953735,2024-03-15
11.96399974823,11.9840002059937,11.7399997711182,11.7880001068115,111774,11.3462209701538,2024-03-18
11.1899995803833,11.2959995269775,10.9700002670288,11.0959997177124,2591241,10.680154800415,2024-03-19
11.1000003814697,11.1639995574951,10.9020004272461,11,808095,10.5877523422241,2024-03-20
11.0200004577637,11.1020002365112,10.8999996185303,11.0500001907349,563146,10.6358795166016,2024-03-21
10.9840002059937,11.1420001983643,10.9580001831055,10.9799995422363,475068,10.5685014724731,2024-03-22
11.039999961853,11.0679998397827,10.9499998092651,10.96399974823,204899,10.5531015396118,2024-03-25
10.9799995422363,11.1239995956421,10.9379997253418,11.0279998779297,329462,10.6147031784058,2024-03-26
11.0600004196167,11.1379995346069,11.0340003967285,11.1000003814697,228150,10.6840057373047,2024-03-27
11.1700000762939,11.1700000762939,11.0100002288818,11.1099996566772,148165,10.6936292648315,2024-03-28
11.1499996185303,11.1700000762939,10.8900003433228,10.9099998474121,263197,10.5011253356934,2024-04-02
10.8500003814697,11,10.7299995422363,10.8199996948242,356369,10.4144983291626,2024-04-03
10.789999961853,10.9200000762939,10.7200002670288,10.8500003814697,250841,10.4433746337891,2024-04-04
10.789999961853,10.8800001144409,10.6400003433228,10.8199996948242,235729,10.4144983291626,2024-04-05
10.8000001907349,10.8800001144409,10.7399997711182,10.8000001907349,180336,10.3952484130859,2024-04-08
10.7399997711182,10.8299999237061,10.5,10.6099996566772,634447,10.2123689651489,2024-04-09
10.710000038147,10.7299995422363,10.5,10.6099996566772,254072,10.2123689651489,2024-04-10
10.5699996948242,10.7299995422363,10.5699996948242,10.6800003051758,332984,10.2797451019287,2024-04-11
10.6199998855591,10.789999961853,10.4700002670288,10.5,812845,10.1064910888672,2024-04-12
10.6499996185303,10.7200002670288,10.5699996948242,10.6099996566772,132610,10.2123689651489,2024-04-15
10.5500001907349,10.5699996948242,10.4200000762939,10.539999961853,173366,10.1449928283691,2024-04-16
10.5200004577637,10.6199998855591,10.3800001144409,10.5,433074,10.1064910888672,2024-04-17
10.5600004196167,10.5600004196167,10.3800001144409,10.4700002670288,223084,10.0776166915894,2024-04-18
10.4099998474121,10.5600004196167,10.3999996185303,10.5500001907349,172114,10.1546173095703,2024-04-19
10.6199998855591,10.6400003433228,10.4200000762939,10.4799995422363,135852,10.0872402191162,2024-04-22
10.5,10.5799999237061,10.4499998092651,10.5,155263,10.1064910888672,2024-04-23
10.5,10.5100002288818,10.3599996566772,10.460000038147,221470,10.0679903030396,2024-04-24
10.4099998474121,10.4700002670288,10.2700004577637,10.3699998855591,215067,9.98136329650879,2024-04-25
10.3299999237061,10.5,10.3299999237061,10.4399995803833,178647,10.0487394332886,2024-04-26
10.5,10.5600004196167,10.3699998855591,10.5600004196167,244328,10.1642436981201,2024-04-29
10.75,10.8800001144409,10.6199998855591,10.8800001144409,668230,10.4722509384155,2024-04-30
10.8500003814697,11.1300001144409,10.7200002670288,10.9799995422363,552393,10.5685014724731,2024-05-02
11.0500001907349,11.0500001907349,10.8100004196167,10.8500003814697,500317,10.4433746337891,2024-05-03
10.9300003051758,10.9300003051758,10.7799997329712,10.8500003814697,138687,10.4433746337891,2024-05-06
10.9899997711182,10.9899997711182,10.8000001907349,10.8299999237061,180911,10.4241237640381,2024-05-07
10.9899997711182,10.9899997711182,10.8000001907349,10.8199996948242,290152,10.4144983291626,2024-05-08
10.8699998855591,10.9200000762939,10.7600002288818,10.7600002288818,113192,10.3567476272583,2024-05-09
10.7600002288818,10.8699998855591,10.6700000762939,10.8199996948242,242006,10.4144983291626,2024-05-10
10.7700004577637,10.9300003051758,10.6899995803833,10.7600002288818,175964,10.3567476272583,2024-05-13
10.789999961853,10.8299999237061,10.6899995803833,10.8000001907349,152399,10.3952484130859,2024-05-14
10.7600002288818,11.0200004577637,10.7600002288818,10.9300003051758,168749,10.5203762054443,2024-05-15
11,11.0200004577637,10.7200002670288,10.7200002670288,192613,10.3182468414307,2024-05-16
10.7799997329712,10.8000001907349,10.5299997329712,10.5900001525879,171371,10.1931180953979,2024-05-17
10.4099998474121,10.5200004577637,10.1099996566772,10.4099998474121,162147,10.2720584869385,2024-05-20
10.3999996185303,10.5299997329712,10.3100004196167,10.5299997329712,199808,10.3904676437378,2024-05-21
10.5799999237061,10.7700004577637,10.539999961853,10.7399997711182,127811,10.5976848602295,2024-05-22
10.8699998855591,10.8699998855591,10.6899995803833,10.7399997711182,230667,10.5976848602295,2024-05-23
10.6199998855591,10.7600002288818,10.6199998855591,10.7399997711182,155651,10.5976848602295,2024-05-24
10.7600002288818,11.0600004196167,10.6999998092651,11.0600004196167,242313,10.9134454727173,2024-05-27
11.0600004196167,11.1199998855591,10.9399995803833,10.9700002670288,427477,10.8246383666992,2024-05-28
11,11.0699996948242,10.6400003433228,10.6499996185303,417991,10.5088777542114,2024-05-29
10.6999998092651,11.0500001907349,10.6800003051758,10.9399995803833,593905,10.7950344085693,2024-05-30
10.8900003433228,11.1300001144409,10.8900003433228,11.039999961853,1373348,10.8937101364136,2024-05-31
11.0500001907349,11.1599998474121,10.7799997329712,10.8999996185303,237084,10.7555646896362,2024-06-03
10.8500003814697,10.9700002670288,10.8000001907349,10.8000001907349,162910,10.6568908691406,2024-06-04
10.7600002288818,10.9099998474121,10.7200002670288,10.8000001907349,189174,10.6568908691406,2024-06-05
10.9399995803833,10.9799995422363,10.8299999237061,10.8800001144409,157893,10.7358303070068,2024-06-06
11,11,10.8100004196167,10.9700002670288,163077,10.8246383666992,2024-06-07
10.8999996185303,11,10.8800001144409,10.9499998092651,129742,10.8049030303955,2024-06-10
10.9499998092651,10.9499998092651,10.8400001525879,10.8699998855591,106210,10.725962638855,2024-06-11
10.8900003433228,10.9300003051758,10.8500003814697,10.8900003433228,180726,10.7456979751587,2024-06-12
10.9499998092651,10.9499998092651,10.6800003051758,10.6800003051758,131363,10.538480758667,2024-06-13
10.6800003051758,10.6999998092651,10.4700002670288,10.5699996948242,235286,10.4299373626709,2024-06-14
10.5900001525879,10.6599998474121,10.5,10.6300001144409,127440,10.489143371582,2024-06-17
10.710000038147,10.8500003814697,10.6300001144409,10.8000001907349,95263,10.6568908691406,2024-06-18
10.9499998092651,10.9499998092651,10.75,10.7600002288818,97733,10.6174211502075,2024-06-19
10.7700004577637,11.039999961853,10.7700004577637,11.0100002288818,275746,10.8641080856323,2024-06-20
10.960000038147,11.2799997329712,10.960000038147,11.2299995422363,1283453,11.0811920166016,2024-06-21
11.3000001907349,11.3199996948242,11.1400003433228,11.1800003051758,370294,11.0318555831909,2024-06-24
11.1899995803833,11.2200002670288,11.0299997329712,11.1400003433228,209159,10.9923858642578,2024-06-25
11.1000003814697,11.3800001144409,11.1000003814697,11.2600002288818,413840,11.1107950210571,2024-06-26
11.2399997711182,11.3400001525879,11.1499996185303,11.2200002670288,116227,11.071325302124,2024-06-27
11.2200002670288,11.289999961853,11.1599998474121,11.289999961853,175726,11.1403970718384,2024-06-28
11.3000001907349,11.5500001907349,11.0699996948242,11.0900001525879,301876,10.9430475234985,2024-07-01
11.039999961853,11.1300001144409,10.8100004196167,11.1000003814697,258548,10.9529151916504,2024-07-02
11.1000003814697,11.460000038147,11.1000003814697,11.3500003814697,196271,11.1996030807495,2024-07-03
11.4200000762939,11.460000038147,11.3400001525879,11.460000038147,99197,11.308144569397,2024-07-04
11.460000038147,11.5500001907349,11.3800001144409,11.5,153217,11.3476152420044,2024-07-05
11.5,11.7299995422363,11.4399995803833,11.6300001144409,236859,11.4758920669556,2024-07-08
11.6300001144409,11.6899995803833,11.5500001907349,11.6599998474121,105063,11.5054941177368,2024-07-09
11.6599998474121,11.9399995803833,11.5900001525879,11.9399995803833,274687,11.7817840576172,2024-07-10
11.9399995803833,11.960000038147,11.75,11.9300003051758,139226,11.7719173431396,2024-07-11
11.9300003051758,11.9899997711182,11.7799997329712,11.7799997329712,274156,11.6239042282104,2024-07-12
11.6999998092651,11.8699998855591,11.6599998474121,11.7299995422363,80383,11.5745668411255,2024-07-15
11.7299995422363,11.8299999237061,11.6400003433228,11.6599998474121,245471,11.5054941177368,2024-07-16
11.710000038147,11.7399997711182,11.4899997711182,11.5299997329712,313978,11.3772172927856,2024-07-17
11.5900001525879,11.8000001907349,11.4899997711182,11.5699996948242,287636,11.4166870117188,2024-07-18
11.5799999237061,11.6199998855591,11.3999996185303,11.5799999237061,201439,11.4265546798706,2024-07-19
11.7799997329712,11.7799997329712,11.539999961853,11.6800003051758,184054,11.5252304077148,2024-07-22
11.6800003051758,11.75,11.5799999237061,11.6899995803833,110179,11.5350971221924,2024-07-23
11.75,11.75,11.5699996948242,11.6499996185303,128606,11.495626449585,2024-07-24
11.710000038147,11.710000038147,11.4799995422363,11.5,119495,11.3476152420044,2024-07-25
11.5,11.6800003051758,11.4399995803833,11.6000003814697,381622,11.4462900161743,2024-07-26
11.6999998092651,11.6999998092651,11.4499998092651,11.4499998092651,113597,11.2982769012451,2024-07-29
11.710000038147,11.710000038147,11.1300001144409,11.2600002288818,487964,11.1107950210571,2024-07-30
11.5,11.6599998474121,11.289999961853,11.289999961853,279934,11.1403970718384,2024-07-31
11.289999961853,11.6000003814697,11.289999961853,11.4700002670288,205773,11.3180122375488,2024-08-01
11.4499998092651,11.4499998092651,11.2299995422363,11.3100004196167,185383,11.1601324081421,2024-08-02
11,11.1199998855591,10.8900003433228,11,371502,10.8542404174805,2024-08-05
11,11.0900001525879,10.9099998474121,11.0799999237061,184196,10.9331798553467,2024-08-06
11.0799999237061,11.1499996185303,11,11.0600004196167,207969,10.9134454727173,2024-08-07
10.9899997711182,11.1099996566772,10.9700002670288,11.1000003814697,132433,10.9529151916504,2024-08-08
11.1499996185303,11.1499996185303,11.0200004577637,11.0500001907349,80274,10.9035778045654,2024-08-09
11.1300001144409,11.1400003433228,11.0600004196167,11.0900001525879,81593,10.9430475234985,2024-08-12
11.4499998092651,11.460000038147,11.0500001907349,11.1499996185303,255497,11.0022525787354,2024-08-13
11.1999998092651,11.3299999237061,11.1000003814697,11.2299995422363,486224,11.0811920166016,2024-08-14
11.4499998092651,11.5100002288818,11.2600002288818,11.4499998092651,231832,11.2982769012451,2024-08-16
11.4499998092651,11.539999961853,11.4300003051758,11.4300003051758,79593,11.2785425186157,2024-08-19
11.4300003051758,11.5500001907349,11.4099998474121,11.4700002670288,117421,11.3180122375488,2024-08-20
11.5200004577637,11.5500001907349,11.4399995803833,11.4799995422363,92993,11.3278789520264,2024-08-21
11.4899997711182,11.6199998855591,11.4799995422363,11.4799995422363,109603,11.3278789520264,2024-08-22
11.539999961853,11.6199998855591,11.4899997711182,11.6099996566772,128402,11.4561567306519,2024-08-23
11.6400003433228,11.6800003051758,11.4899997711182,11.5799999237061,76303,11.4265546798706,2024-08-26
11.6300001144409,11.6599998474121,11.5600004196167,11.6199998855591,100130,11.4660243988037,2024-08-27
11.6000003814697,11.7299995422363,11.5699996948242,11.7299995422363,149071,11.5745668411255,2024-08-28
11.7600002288818,11.8199996948242,11.6099996566772,11.8100004196167,131175,11.653507232666,2024-08-29
11.8100004196167,11.8599996566772,11.7200002670288,11.7600002288818,275168,11.6041698455811,2024-08-30
11.7600002288818,11.8000001907349,11.5,11.5500001907349,145666,11.3969526290894,2024-09-02
11.6099996566772,11.6099996566772,11.4399995803833,11.5100002288818,53734,11.3574829101562,2024-09-03
11.4700002670288,11.4700002670288,11.1700000762939,11.2600002288818,259395,11.1107950210571,2024-09-04
11.5500001907349,11.5500001907349,11.2299995422363,11.3100004196167,250890,11.1601324081421,2024-09-05
11.3100004196167,11.3299999237061,11.1599998474121,11.3000001907349,157159,11.1502647399902,2024-09-06
11.3500003814697,11.4099998474121,11.25,11.3400001525879,187467,11.1897354125977,2024-09-09
11.3900003433228,11.3900003433228,11.2600002288818,11.3400001525879,109481,11.1897354125977,2024-09-10
11.3800001144409,11.4399995803833,11.289999961853,11.4099998474121,122076,11.258807182312,2024-09-11
11.4099998474121,11.7299995422363,11.4099998474121,11.5500001907349,168605,11.3969526290894,2024-09-12
11.5900001525879,11.7700004577637,11.5699996948242,11.6599998474121,170604,11.5054941177368,2024-09-13
11.6599998474121,11.75,11.6000003814697,11.7299995422363,109496,11.5745668411255,2024-09-16
11.8100004196167,11.9399995803833,11.6300001144409,11.6499996185303,236235,11.495626449585,2024-09-17
11.6999998092651,11.7200002670288,11.6000003814697,11.6499996185303,51730,11.495626449585,2024-09-18
11.7799997329712,11.7799997329712,11.6000003814697,11.6099996566772,118820,11.4561567306519,2024-09-19
11.1999998092651,11.4300003051758,11.1899995803833,11.4099998474121,887137,11.258807182312,2024-09-20
11.4099998474121,11.4300003051758,11.3000001907349,11.3999996185303,184343,11.2489395141602,2024-09-23
11.5100002288818,11.5100002288818,11.210000038147,11.3900003433228,246979,11.2390727996826,2024-09-24
11.3000001907349,11.3999996185303,11.2799997329712,11.3400001525879,186510,11.1897354125977,2024-09-25
11.3999996185303,11.5600004196167,11.3400001525879,11.3800001144409,306057,11.2292051315308,2024-09-26
11.5299997329712,11.6599998474121,11.4700002670288,11.4700002670288,304305,11.3180122375488,2024-09-27
11.4700002670288,11.5100002288818,11.2299995422363,11.25,440278,11.1009273529053,2024-09-30
11.289999961853,11.4700002670288,11.2200002670288,11.4200000762939,238190,11.2686748504639,2024-10-01
11.3800001144409,11.5500001907349,11.3500003814697,11.4899997711182,188007,11.3377466201782,2024-10-02
11.5100002288818,11.6599998474121,11.4899997711182,11.5299997329712,186103,11.3772172927856,2024-10-03
11.5699996948242,11.6300001144409,11.460000038147,11.5299997329712,184791,11.3772172927856,2024-10-04
11.6000003814697,11.6000003814697,11.3500003814697,11.3999996185303,195723,11.2489395141602,2024-10-07
11.3999996185303,11.4700002670288,11.3100004196167,11.4700002670288,74924,11.3180122375488,2024-10-08
11.5,11.6300001144409,11.4700002670288,11.4899997711182,107932,11.3377466201782,2024-10-09
11.4300003051758,11.5900001525879,11.3500003814697,11.4700002670288,211424,11.3180122375488,2024-10-10
11.5200004577637,11.5600004196167,11.3900003433228,11.4799995422363,118399,11.3278789520264,2024-10-11
11.4399995803833,11.4499998092651,11.3599996566772,11.3800001144409,119335,11.2292051315308,2024-10-14
11.3800001144409,11.4700002670288,11.3199996948242,11.3599996566772,147161,11.2094697952271,2024-10-15
11.2799997329712,11.4799995422363,11.25,11.3699998855591,210764,11.2193374633789,2024-10-16
11.3699998855591,11.5500001907349,11.3199996948242,11.3900003433228,267068,11.2390727996826,2024-10-17
11.539999961853,11.539999961853,11.3699998855591,11.4099998474121,82939,11.258807182312,2024-10-18
11.3999996185303,11.460000038147,11.2799997329712,11.3599996566772,130368,11.2094697952271,2024-10-21
11.3400001525879,11.3400001525879,11.0900001525879,11.1999998092651,307600,11.0515899658203,2024-10-22
11.25,11.25,11.0900001525879,11.1800003051758,159398,11.0318555831909,2024-10-23
11.2299995422363,11.3500003814697,11.1800003051758,11.210000038147,100746,11.0614576339722,2024-10-24
11.1999998092651,11.2700004577637,11.1300001144409,11.2700004577637,151323,11.120662689209,2024-10-25
11.3000001907349,11.5200004577637,11.1999998092651,11.4399995803833,274529,11.2884092330933,2024-10-28
11.4499998092651,11.5,11.3699998855591,11.4799995422363,194313,11.3278789520264,2024-10-29
11.6000003814697,11.6000003814697,11.1300001144409,11.5100002288818,447993,11.3574829101562,2024-10-30
11.4899997711182,11.6300001144409,11.3999996185303,11.5,247902,11.3476152420044,2024-10-31
11.5799999237061,11.5799999237061,11.460000038147,11.5100002288818,181597,11.3574829101562,2024-11-01
11.5799999237061,11.6400003433228,11.460000038147,11.5200004577637,197901,11.3673505783081,2024-11-04
11.5900001525879,11.9799995422363,11.5200004577637,11.9099998474121,508975,11.7521820068359,2024-11-05
11.9499998092651,12.0699996948242,11.8000001907349,11.8000001907349,259214,11.6436395645142,2024-11-06
11.75,11.960000038147,11.75,11.9099998474121,321137,11.7521820068359,2024-11-07
12,12.0500001907349,11.8000001907349,11.8999996185303,287891,11.7423143386841,2024-11-08
11.9799995422363,12.2299995422363,11.9399995803833,12.2200002670288,194096,12.0580739974976,2024-11-11
12.3000001907349,12.3299999237061,12.0900001525879,12.0900001525879,165033,11.9297971725464,2024-11-12
12.1000003814697,12.2600002288818,12.0600004196167,12.0600004196167,171327,11.9001951217651,2024-11-13
12.0600004196167,12.1899995803833,12.0299997329712,12.1800003051758,127430,12.0186042785645,2024-11-14
12.1099996566772,12.1800003051758,12.1099996566772,12.1400003433228,76834,11.9791345596313,2024-11-15
12.1099996566772,12.1899995803833,12.0500001907349,12.1000003814697,776490,11.9396648406982,2024-11-18
12.1999998092651,12.2700004577637,11.8000001907349,11.9899997711182,192088,11.8311214447021,2024-11-19
12.0600004196167,12.1599998474121,11.9399995803833,11.9399995803833,137161,11.7817840576172,2024-11-20
12.1999998092651,12.3400001525879,11.9099998474121,12.2399997711182,195473,12.0778093338013,2024-11-21
12.3599996566772,12.6000003814697,12.1999998092651,12.5299997329712,266196,12.3639659881592,2024-11-22
12.6000003814697,12.8999996185303,12.5699996948242,12.6400003433228,1023066,12.4725093841553,2024-11-25
12.6000003814697,12.6899995803833,12.5299997329712,12.5699996948242,108069,12.4034357070923,2024-11-26
12.5600004196167,12.6099996566772,12.4799995422363,12.4799995422363,118742,12.3146286010742,2024-11-27
12.4799995422363,12.5699996948242,12.4399995803833,12.5699996948242,135114,12.4034357070923,2024-11-28
12.7600002288818,12.7700004577637,12.4099998474121,12.5799999237061,230714,12.4133033752441,2024-11-29
12.5299997329712,12.6000003814697,12.3999996185303,12.6000003814697,185001,12.4330396652222,2024-12-02
12.6199998855591,12.7299995422363,12.6000003814697,12.6300001144409,172512,12.4626417160034,2024-12-03
12.6499996185303,12.7399997711182,12.5,12.5,241731,12.3343639373779,2024-12-04
12.4399995803833,12.8100004196167,12.4399995803833,12.8100004196167,418114,12.6402568817139,2024-12-05
12.8199996948242,12.8900003433228,12.8000001907349,12.8500003814697,133030,12.679726600647,2024-12-06
12.8999996185303,12.8999996185303,12.710000038147,12.7700004577637,148541,12.6007862091064,2024-12-09
12.7399997711182,12.8199996948242,12.6800003051758,12.8199996948242,184259,12.6501235961914,2024-12-10
12.8999996185303,12.9799995422363,12.8000001907349,12.9399995803833,159780,12.7685327529907,2024-12-11
13,13.0500001907349,12.8100004196167,12.8599996566772,171294,12.6895933151245,2024-12-12
12.8999996185303,13.0100002288818,12.8299999237061,12.9099998474121,117020,12.7389307022095,2024-12-13
12.9499998092651,12.9499998092651,12.7600002288818,12.8100004196167,91509,12.6402568817139,2024-12-16
12.7299995422363,12.789999961853,12.4799995422363,12.6700000762939,181336,12.5021114349365,2024-12-17
12.7299995422363,12.7399997711182,12.5100002288818,12.6300001144409,165954,12.4626417160034,2024-12-18
12.6099996566772,12.6199998855591,12.4200000762939,12.6000003814697,258706,12.4330396652222,2024-12-19
12.5,12.7700004577637,12.4300003051758,12.6400003433228,823254,12.4725093841553,2024-12-20
12.6000003814697,12.6899995803833,12.4899997711182,12.5900001525879,137376,12.423171043396,2024-12-23
12.6599998474121,12.8000001907349,12.5500001907349,12.7700004577637,99466,12.6007862091064,2024-12-27
12.7700004577637,12.8900003433228,12.7299995422363,12.8400001525879,143115,12.6698589324951,2024-12-30
12.8599996566772,12.9700002670288,12.8199996948242,12.9499998092651,140278,12.7784004211426,2025-01-02
12.9700002670288,13.0200004577637,12.8500003814697,12.9300003051758,197307,12.7586660385132,2025-01-03
12.9499998092651,13.0500001907349,12.8299999237061,13.0200004577637,148262,12.8474740982056,2025-01-06
12.9499998092651,13.25,12.8800001144409,13.25,441758,13.0744256973267,2025-01-07
13.1999998092651,13.25,12.9200000762939,13.1800003051758,240483,13.0053539276123,2025-01-08
12.75,13.039999961853,12.7299995422363,13,1807764,12.8277387619019,2025-01-09
13,13.039999961853,12.7299995422363,12.9200000762939,625498,12.7487983703613,2025-01-10
12.8800001144409,13.0100002288818,12.7799997329712,12.7799997329712,1234024,12.610652923584,2025-01-13
12.7600002288818,13,12.6800003051758,12.9499998092651,560289,12.7784004211426,2025-01-14
12.9700002670288,13.1599998474121,12.8999996185303,13.0799999237061,465320,12.9066781997681,2025-01-15
13.0600004196167,13.2399997711182,12.9200000762939,13.1999998092651,565135,13.0250883102417,2025-01-16
13.2799997329712,13.6199998855591,13.2700004577637,13.5600004196167,425963,13.3803186416626,2025-01-17
13.5600004196167,13.75,13.5200004577637,13.6300001144409,315645,13.449390411377,2025-01-20
13.7399997711182,13.789999961853,13.5699996948242,13.7200002670288,186153,13.5381984710693,2025-01-21
13.7200002670288,14.0799999237061,13.710000038147,14.0600004196167,327953,13.8736925125122,2025-01-22
14.0600004196167,14.1700000762939,13.9799995422363,14.1599998474121,465415,13.9723672866821,2025-01-23
14.1999998092651,14.2700004577637,14.0200004577637,14.0200004577637,272766,13.8342227935791,2025-01-24
14.0200004577637,14.3400001525879,13.9799995422363,14.3100004196167,538655,14.1203804016113,2025-01-27
14.4399995803833,14.4499998092651,14.1899995803833,14.2799997329712,440015,14.0907773971558,2025-01-28
14.3800001144409,14.3800001144409,14.1700000762939,14.1999998092651,297742,14.0118370056152,2025-01-29
14.1400003433228,14.2700004577637,14.1000003814697,14.210000038147,236771,14.0217046737671,2025-01-30
14.1999998092651,14.8000001907349,14.1599998474121,14.7799997329712,473165,14.5841512680054,2025-01-31
14.7399997711182,14.9700002670288,14.6199998855591,14.8999996185303,380386,14.702561378479,2025-02-03
14.8999996185303,15.1199998855591,14.789999961853,15.1199998855591,267462,14.9196462631226,2025-02-04
15.1199998855591,15.2299995422363,15.0100002288818,15.210000038147,263198,15.0084543228149,2025-02-05
15.3400001525879,15.3800001144409,15.0900001525879,15.2600002288818,391347,15.0577917098999,2025-02-06
15.2799997329712,15.4799995422363,15.2399997711182,15.4799995422363,285560,15.2748756408691,2025-02-07
15.6300001144409,15.6300001144409,15.4300003051758,15.5299997329712,329466,15.3242130279541,2025-02-10
15.6000003814697,15.6499996185303,15.3299999237061,15.6099996566772,237230,15.4031534194946,2025-02-11
15.6400003433228,15.8000001907349,15.5799999237061,15.6700000762939,186253,15.4623584747314,2025-02-12
15.6700000762939,15.75,15.5,15.6000003814697,312573,15.3932867050171,2025-02-13
15.7399997711182,16.0799999237061,15.6099996566772,16.0799999237061,369186,15.866925239563,2025-02-14
16.0400009155273,16.5900001525879,16.0400009155273,16.5400009155273,378598,16.3208312988281,2025-02-17
16.6299991607666,16.75,16.4200000762939,16.4200000762939,354334,16.2024211883545,2025-02-18
16.4300003051758,16.7199993133545,16.3899993896484,16.4500007629395,261224,16.2320232391357,2025-02-19
16.6499996185303,16.9500007629395,16.4899997711182,16.6200008392334,535693,16.3997707366943,2025-02-20
16.7099990844727,16.7399997711182,16.4200000762939,16.5599994659424,287446,16.3405647277832,2025-02-21
16.3899993896484,16.7099990844727,16.3899993896484,16.5799999237061,263814,16.3603000640869,2025-02-24
16.5799999237061,16.7600002288818,16.5200004577637,16.5200004577637,392686,16.3010959625244,2025-02-25
16.4400005340576,16.6299991607666,16.1700000762939,16.1700000762939,532461,15.9557332992554,2025-02-26
16.1700000762939,16.4599990844727,16.1399993896484,16.4599990844727,292508,16.2418899536133,2025-02-27
16.3899993896484,16.5699996948242,16.3299999237061,16.5699996948242,1253074,16.3504333496094,2025-02-28
16.7800006866455,16.7999992370605,16.3999996185303,16.6499996185303,369200,16.4293727874756,2025-03-03
16.8400001525879,17.0599994659424,16.4799995422363,16.6800003051758,1278950,16.4589748382568,2025-03-04
16.75,16.8199996948242,16.25,16.4899997711182,613565,16.2714920043945,2025-03-05
15.8000001907349,16.5200004577637,15.7600002288818,16.5100002288818,2282935,16.2912273406982,2025-03-06
16.3199996948242,16.6000003814697,16.2299995422363,16.3600006103516,880362,16.1432151794434,2025-03-07
16.4699993133545,16.7700004577637,16.3700008392334,16.6700000762939,2642255,16.4491081237793,2025-03-10
16.6100006103516,17,16.3700008392334,16.9599990844727,674874,16.7352638244629,2025-03-11
17,17.4500007629395,16.8999996185303,17.4500007629395,620043,17.2187728881836,2025-03-12
17.4500007629395,17.5499992370605,17.1900005340576,17.1900005340576,447250,16.9622173309326,2025-03-13
17.2099990844727,17.6599998474121,17.1200008392334,17.6100006103516,319461,17.376651763916,2025-03-14
17.6399993896484,18.0200004577637,17.4500007629395,17.7999992370605,377947,17.5641326904297,2025-03-17
17.8299999237061,18.0699996948242,17.7299995422363,17.9500007629395,580969,17.7121467590332,2025-03-18
18.0599994659424,18.1900005340576,17.9599990844727,18.1299991607666,473621,17.8897609710693,2025-03-19
18.2099990844727,18.3600006103516,18.0100002288818,18.1299991607666,417252,17.8897609710693,2025-03-20
18.1299991607666,18.1499996185303,17.8899993896484,18.0599994659424,976129,17.8206882476807,2025-03-21
18.0799999237061,18.0799999237061,17.6399993896484,17.6900005340576,353508,17.4555931091309,2025-03-24
17.7199993133545,18.0300006866455,17.6900005340576,17.9699993133545,358866,17.7318801879883,2025-03-25
17.9599990844727,18.2999992370605,17.9599990844727,18.2999992370605,342388,18.0575084686279,2025-03-26
18.3299999237061,18.3999996185303,18.1200008392334,18.2900009155273,271126,18.0476417541504,2025-03-27
18.3600006103516,18.4200000762939,18.2000007629395,18.3999996185303,345502,18.1561832427979,2025-03-28
18.3999996185303,18.6100006103516,18.2900009155273,18.6100006103516,489765,18.3634014129639,2025-03-31
18.7399997711182,18.8099994659424,18.3099994659424,18.4599990844727,372109,18.2153873443604,2025-04-01
18.3400001525879,18.9400005340576,18.3400001525879,18.9400005340576,455016,18.6890277862549,2025-04-02
18.9400005340576,19.0400009155273,18.7399997711182,18.7999992370605,595119,18.5508823394775,2025-04-03
18.7000007629395,18.8899993896484,17.0599994659424,17.3500003814697,1164243,17.1200981140137,2025-04-04
16.2900009155273,18.1000003814697,15.6999998092651,17.4099998474121,808956,17.1793022155762,2025-04-07
17.6800003051758,18.0699996948242,17.4599990844727,17.9099998474121,740532,17.6726760864258,2025-04-08
17.7099990844727,17.9099998474121,17.5,17.6900005340576,564420,17.4555931091309,2025-04-09
19.1700000762939,19.1700000762939,17.9599990844727,18.4400005340576,716719,18.1956539154053,2025-04-10
18.5799999237061,18.75,17.9799995422363,18,338013,17.7614841461182,2025-04-11
18.1499996185303,18.8199996948242,18.0799999237061,18.8199996948242,301401,18.5706176757812,2025-04-14
19,19.1599998474121,18.8500003814697,19.0699996948242,324139,18.8173046112061,2025-04-15
19.1499996185303,19.25,18.7800006866455,19.1900005340576,298570,18.9357166290283,2025-04-16
19.0599994659424,19.2600002288818,19.0200004577637,19.1800003051758,165070,18.9258480072021,2025-04-17
19.1000003814697,19.6599998474121,19.0100002288818,19.4300003051758,377971,19.172534942627,2025-04-22
19.5799999237061,19.7800006866455,19.25,19.4699993133545,436832,19.2120037078857,2025-04-23
19.3999996185303,19.6299991607666,19.2999992370605,19.6100006103516,218294,19.3501510620117,2025-04-24
19.7199993133545,19.7999992370605,19.4599990844727,19.7999992370605,236973,19.5376319885254,2025-04-25
19.8899993896484,20.0799999237061,19.7000007629395,20.0799999237061,375456,19.8139228820801,2025-04-28
20,20.4400005340576,19.9699993133545,20.0599994659424,430857,19.7941875457764,2025-04-29
20.2000007629395,20.6000003814697,19.5200004577637,20.0400009155273,573705,19.7744522094727,2025-04-30
19.8999996185303,20.2399997711182,19.7399997711182,20.2399997711182,452816,19.9718017578125,2025-05-02
20.2399997711182,20.9400005340576,20.0200004577637,20.9400005340576,845381,20.6625270843506,2025-05-05
20.9400005340576,20.9799995422363,20.3400001525879,20.8600006103516,628106,20.5835876464844,2025-05-06
20.9400005340576,21.2600002288818,20.3799991607666,20.5400009155273,774008,20.2678279876709,2025-05-07
20.5400009155273,20.7399997711182,19.9099998474121,20,769373,19.7349815368652,2025-05-08
20.2999992370605,21.5599994659424,20.1399993896484,21.3999996185303,2491107,21.1164302825928,2025-05-09
21.5,22.4599990844727,21.4400005340576,22.2600002288818,1227864,21.9650363922119,2025-05-12
22.1800003051758,22.4200000762939,21.7999992370605,22.2999992370605,2197577,22.0045051574707,2025-05-13
22.5,22.6800003051758,22.2999992370605,22.4799995422363,508045,22.1821193695068,2025-05-14
22.5799999237061,22.8400001525879,22.4599990844727,22.7999992370605,555528,22.4978790283203,2025-05-15
23,23.1000003814697,22.6399993896484,22.6399993896484,611058,22.3400001525879,2025-05-16
22.4599990844727,23.2999992370605,22.2999992370605,23.2600002288818,888657,23.2600002288818,2025-05-19
23.2000007629395,23.2199993133545,22.7999992370605,22.9599990844727,491482,22.9599990844727,2025-05-20
23.0799999237061,23.4599990844727,22.8799991607666,23.4400005340576,550492,23.4400005340576,2025-05-21
23.4400005340576,23.8999996185303,23.1000003814697,23.8199996948242,655198,23.8199996948242,2025-05-22
23.7999992370605,24.0599994659424,23.3999996185303,23.7000007629395,679876,23.7000007629395,2025-05-23
23.8199996948242,23.8999996185303,23.4400005340576,23.6200008392334,612030,23.6200008392334,2025-05-26
23.5599994659424,23.6399993896484,23.3999996185303,23.6399993896484,469236,23.6399993896484,2025-05-27
23.6399993896484,23.6399993896484,23.4599990844727,23.4799995422363,476227,23.4799995422363,2025-05-28
23.6399993896484,23.7000007629395,23.3600006103516,23.4200000762939,454763,23.4200000762939,2025-05-29
23.3400001525879,23.4799995422363,22.7600002288818,23.1599998474121,1323031,23.1599998474121,2025-05-30
23.1000003814697,23.2199993133545,22.6200008392334,22.6399993896484,524904,22.6399993896484,2025-06-02
22.7199993133545,23,22.5799999237061,22.9200000762939,442707,22.9200000762939,2025-06-03
23,23.1000003814697,22.8400001525879,23.0400009155273,501555,23.0400009155273,2025-06-04
23.0799999237061,23.4400005340576,23.0400009155273,23.2999992370605,397326,23.2999992370605,2025-06-05
23.2999992370605,23.5,23.2000007629395,23.3400001525879,405888,23.3400001525879,2025-06-06
23.5,23.5599994659424,22.7399997711182,22.7399997711182,390837,22.7399997711182,2025-06-09
22.5599994659424,22.9200000762939,22.5400009155273,22.6800003051758,407064,22.6800003051758,2025-06-10
22.6000003814697,23,22.4400005340576,23,483061,23,2025-06-11
22.9200000762939,23.2600002288818,22.8400001525879,23.1399993896484,368519,23.1399993896484,2025-06-12
22.8199996948242,23.2000007629395,22.6599998474121,23,335362,23,2025-06-13
23.0400009155273,23.5400009155273,23.0400009155273,23.5400009155273,629270,23.5400009155273,2025-06-16
23.2999992370605,23.5799999237061,22.9400005340576,23.2399997711182,2921547,23.2399997711182,2025-06-17
23.2399997711182,23.6200008392334,22.6599998474121,22.9400005340576,1051553,22.9400005340576,2025-06-18
22.7600002288818,23.0799999237061,22.6200008392334,22.7600002288818,2733101,22.7600002288818,2025-06-19
22.7600002288818,23.1599998474121,22.5200004577637,22.7800006866455,4777355,22.7800006866455,2025-06-20
22.5599994659424,23.2999992370605,22.5,22.7999992370605,1490685,22.7999992370605,2025-06-23
23,23.5200004577637,22.8799991607666,23.3600006103516,1238834,23.3600006103516,2025-06-24
23.4200000762939,23.6800003051758,23.3199996948242,23.3600006103516,762851,23.3600006103516,2025-06-25
23.4599990844727,23.5400009155273,23.0599994659424,23.1200008392334,836886,23.1200008392334,2025-06-26
23.1599998474121,23.3400001525879,22.8400001525879,22.8600006103516,770982,22.8600006103516,2025-06-27
23.0200004577637,23.7399997711182,22.9400005340576,23.5599994659424,1451260,23.5599994659424,2025-06-30
23.7000007629395,23.7199993133545,23.2600002288818,23.2600002288818,697921,23.2600002288818,2025-07-01
23.3600006103516,23.5,22.9599990844727,23,655881,23,2025-07-02
22.9799995422363,23.0200004577637,21.1000003814697,22.9599990844727,841188,22.9599990844727,2025-07-03
22.8999996185303,22.9599990844727,22.6200008392334,22.9599990844727,400161,22.9599990844727,2025-07-04
22.8799991607666,23.2600002288818,22.8400001525879,23.2600002288818,611071,23.2600002288818,2025-07-07
23.3999996185303,24.0799999237061,23.3199996948242,24.0799999237061,1054161,24.0799999237061,2025-07-08
24.1000003814697,24.9599990844727,24.0799999237061,24.9599990844727,1248707,24.9599990844727,2025-07-09
24.8600006103516,24.8600006103516,24.3799991607666,24.6200008392334,833846,24.6200008392334,2025-07-10
24.6000003814697,24.7000007629395,24.3799991607666,24.7000007629395,551751,24.7000007629395,2025-07-11
24.5799999237061,24.6800003051758,24.3600006103516,24.5400009155273,538499,24.5400009155273,2025-07-14
24.6599998474121,24.8999996185303,23.9400005340576,24.1200008392334,688638,24.1200008392334,2025-07-15
24.6000003814697,25,24.3999996185303,24.6800003051758,782396,24.6800003051758,2025-07-16
24.7600002288818,25.2000007629395,24.6000003814697,25.2000007629395,668218,25.2000007629395,2025-07-17
25.2399997711182,25.2399997711182,24.6399993896484,25.0799999237061,673211,25.0799999237061,2025-07-18
25.1399993896484,25.1599998474121,24.1200008392334,24.3999996185303,583388,24.3999996185303,2025-07-21
24.3999996185303,24.5400009155273,24.1399993896484,24.2199993133545,540445,24.2199993133545,2025-07-22
24.4200000762939,24.5400009155273,24.1200008392334,24.1200008392334,520322,24.1200008392334,2025-07-23
24.1599998474121,24.4400005340576,24.0200004577637,24.1599998474121,448328,24.1599998474121,2025-07-24
24.1800003051758,24.2399997711182,23.8400001525879,24,598891,24,2025-07-25
24,24.1000003814697,23.6599998474121,23.8400001525879,610559,23.8400001525879,2025-07-28
23.8999996185303,24.5,23.8999996185303,24.2600002288818,423852,24.2600002288818,2025-07-29
24.2000007629395,24.7000007629395,24.1399993896484,24.6200008392334,515544,24.6200008392334,2025-07-30
24.6399993896484,24.8600006103516,23.6399993896484,23.6399993896484,1116180,23.6399993896484,2025-07-31
22.5,23.2600002288818,22.4599990844727,23,754114,23,2025-08-01
23.0599994659424,23.9599990844727,23.0599994659424,23.8400001525879,634983,23.8400001525879,2025-08-04
24,24.2199993133545,23.8400001525879,24,648558,24,2025-08-05
24.0799999237061,24.1000003814697,23.8400001525879,23.8999996185303,443495,23.8999996185303,2025-08-06
24.0599994659424,24.3400001525879,24,24.1599998474121,437188,24.1599998474121,2025-08-07
24.2000007629395,24.2800006866455,23.6399993896484,23.7399997711182,484268,23.7399997711182,2025-08-08
23.6599998474121,23.9599990844727,23.5799999237061,23.9599990844727,340387,23.9599990844727,2025-08-11
24.0599994659424,24.0599994659424,23.5599994659424,23.7999992370605,450699,23.7999992370605,2025-08-12
23.8799991607666,24.0799999237061,23.7999992370605,23.9599990844727,548011,23.9599990844727,2025-08-13
24,24.0599994659424,23.8400001525879,24,701955,24,2025-08-14
24.1399993896484,24.2000007629395,23.6200008392334,23.6200008392334,646919,23.6200008392334,2025-08-18
23.6800003051758,23.7399997711182,23.0799999237061,23.3999996185303,656606,23.3999996185303,2025-08-19
23.2600002288818,23.3799991607666,23.1200008392334,23.2800006866455,396315,23.2800006866455,2025-08-20
23.3600006103516,23.7800006866455,23.2999992370605,23.7800006866455,373451,23.7800006866455,2025-08-21
23.7999992370605,23.9400005340576,23.7000007629395,23.7199993133545,313748,23.7199993133545,2025-08-22
23.7000007629395,23.9200000762939,23.5599994659424,23.5599994659424,571075,23.5599994659424,2025-08-25
23.6200008392334,23.6200008392334,23.2199993133545,23.3999996185303,798241,23.3999996185303,2025-08-26
23.4200000762939,23.8600006103516,23.3199996948242,23.8600006103516,445294,23.8600006103516,2025-08-27
23.8600006103516,23.8600006103516,23.3999996185303,23.5400009155273,463243,23.5400009155273,2025-08-28
23.5200004577637,23.6800003051758,23.2199993133545,23.2199993133545,380469,23.2199993133545,2025-08-29
23.3199996948242,23.4599990844727,23,23.2999992370605,351407,23.2999992370605,2025-09-01
23.2000007629395,23.2999992370605,22.8799991607666,23.0200004577637,371866,23.0200004577637,2025-09-02
23.1800003051758,23.2800006866455,22.5599994659424,22.5599994659424,441762,22.5599994659424,2025-09-03
22.5599994659424,22.7800006866455,22.1000003814697,22.5400009155273,779458,22.5400009155273,2025-09-04
22.7000007629395,22.7600002288818,22.2000007629395,22.2800006866455,883146,22.2800006866455,2025-09-05
22.3600006103516,22.6399993896484,22.3400001525879,22.4200000762939,586284,22.4200000762939,2025-09-08
22.4400005340576,22.6399993896484,22.3199996948242,22.3199996948242,600266,22.3199996948242,2025-09-09
22.3799991607666,22.7199993133545,22.2999992370605,22.5,651433,22.5,2025-09-10
22.5599994659424,22.8999996185303,22.5200004577637,22.5400009155273,509176,22.5400009155273,2025-09-11
22.6800003051758,22.6800003051758,22.4400005340576,22.4799995422363,411515,22.4799995422363,2025-09-12
22.6200008392334,22.7999992370605,22.3999996185303,22.3999996185303,627784,22.3999996185303,2025-09-15
22.4799995422363,22.4799995422363,22.2399997711182,22.2399997711182,420942,22.2399997711182,2025-09-16
22.2399997711182,22.3199996948242,21.7999992370605,21.9599990844727,1054772,21.9599990844727,2025-09-17
22.1000003814697,22.2000007629395,21.7000007629395,21.8999996185303,1259634,21.8999996185303,2025-09-18
21.8999996185303,22.1000003814697,21.4400005340576,22.1000003814697,9988460,22.1000003814697,2025-09-19
22.3199996948242,23.2199993133545,22.2600002288818,22.9599990844727,1455893,22.9599990844727,2025-09-22
22.8799991607666,23.1599998474121,22.7399997711182,23.0200004577637,1072142,23.0200004577637,2025-09-23
23.0599994659424,23.2000007629395,22.7800006866455,22.9599990844727,800368,22.9599990844727,2025-09-24
22.8199996948242,22.9599990844727,22.6800003051758,22.7800006866455,621790,22.7800006866455,2025-09-25
22.8999996185303,23,22.5,22.5400009155273,740499,22.5400009155273,2025-09-26
22.5599994659424,22.9799995422363,22.5400009155273,22.8799991607666,740060,22.8799991607666,2025-09-29
22.9400005340576,23.1599998474121,22.8199996948242,22.9200000762939,927906,22.9200000762939,2025-09-30
22.8199996948242,22.9400005340576,22.3799991607666,22.3799991607666,931891,22.3799991607666,2025-10-01
22.3799991607666,22.6599998474121,22,22.1200008392334,920762,22.1200008392334,2025-10-02
22.1200008392334,22.3400001525879,22.0599994659424,22.2199993133545,814842,22.2199993133545,2025-10-03
22.1399993896484,22.2600002288818,21.8199996948242,21.9400005340576,638130,21.9400005340576,2025-10-06
21.9400005340576,22.6000003814697,21.8999996185303,22.3400001525879,852265,22.3400001525879,2025-10-07
22.4799995422363,22.7000007629395,22.2600002288818,22.7000007629395,859088,22.7000007629395,2025-10-08
22.6599998474121,22.8999996185303,22.3999996185303,22.4599990844727,702332,22.4599990844727,2025-10-09
