"SMEA.MI.Open","SMEA.MI.High","SMEA.MI.Low","SMEA.MI.Close","SMEA.MI.Volume","SMEA.MI.Adjusted","Date"
72.5400009155273,72.620002746582,71.620002746582,72.0400009155273,16751,72.0400009155273,2024-01-02
72.0699996948242,72.1399993896484,71.1999969482422,71.4400024414062,12645,71.4400024414062,2024-01-03
71.6600036621094,71.9400024414062,71.4400024414062,71.9400024414062,6622,71.9400024414062,2024-01-04
71.4899978637695,71.9000015258789,71.0999984741211,71.7900009155273,8698,71.7900009155273,2024-01-05
71.75,71.9700012207031,71.3399963378906,71.9700012207031,50228,71.9700012207031,2024-01-08
71.9700012207031,72.0599975585938,71.5699996948242,71.8000030517578,9682,71.8000030517578,2024-01-09
71.6399993896484,71.8399963378906,71.5999984741211,71.7099990844727,9717,71.7099990844727,2024-01-10
72.129997253418,72.2399978637695,71.1500015258789,71.1500015258789,16489,71.1500015258789,2024-01-11
71.5999984741211,71.9199981689453,71.4899978637695,71.7699966430664,8270,71.7699966430664,2024-01-12
71.7799987792969,71.9000015258789,71.3099975585938,71.3899993896484,22087,71.3899993896484,2024-01-15
70.870002746582,71.2600021362305,70.870002746582,71.2600021362305,11141,71.2600021362305,2024-01-16
70.4700012207031,70.4700012207031,70.0800018310547,70.4499969482422,13838,70.4499969482422,2024-01-17
70.5800018310547,70.8899993896484,70.4400024414062,70.8399963378906,6086,70.8399963378906,2024-01-18
71.1399993896484,71.1699981689453,70.5,70.5899963378906,50543,70.5899963378906,2024-01-19
71.1800003051758,71.2600021362305,70.9000015258789,71.1699981689453,14671,71.1699981689453,2024-01-22
71.370002746582,71.3899993896484,70.9000015258789,70.9499969482422,10476,70.9499969482422,2024-01-23
71.5999984741211,71.8000030517578,71.4700012207031,71.8000030517578,16527,71.8000030517578,2024-01-24
71.6399993896484,72.0199966430664,71.5,71.9599990844727,28694,71.9599990844727,2024-01-25
72.3000030517578,72.9000015258789,72.3000030517578,72.8300018310547,25316,72.8300018310547,2024-01-26
72.9400024414062,72.9800033569336,72.7699966430664,72.9800033569336,9676,72.9800033569336,2024-01-29
73.1500015258789,73.2699966430664,72.9899978637695,73.120002746582,9459,73.120002746582,2024-01-30
73.3300018310547,73.3899993896484,73.0999984741211,73.129997253418,12092,73.129997253418,2024-01-31
72.7399978637695,73.1100006103516,72.6999969482422,72.8899993896484,18708,72.8899993896484,2024-02-01
73.3000030517578,73.370002746582,72.8600006103516,72.8600006103516,17420,72.8600006103516,2024-02-02
72.9700012207031,73.120002746582,72.7300033569336,72.879997253418,22395,72.879997253418,2024-02-05
73.2200012207031,73.3099975585938,72.8499984741211,73.3099975585938,17522,73.3099975585938,2024-02-06
73.4199981689453,73.4300003051758,73.0400009155273,73.0599975585938,11635,73.0599975585938,2024-02-07
73.120002746582,73.3199996948242,73,73,8591,73,2024-02-08
73.0899963378906,73.1699981689453,72.8099975585938,73.0100021362305,13489,73.0100021362305,2024-02-09
73.25,73.379997253418,73.1100006103516,73.379997253418,12626,73.379997253418,2024-02-12
73.3000030517578,73.3000030517578,72.5100021362305,72.6900024414062,29358,72.6900024414062,2024-02-13
72.7600021362305,73.0999984741211,72.7600021362305,73.0800018310547,10739,73.0800018310547,2024-02-14
73.4700012207031,73.6100006103516,73.379997253418,73.5400009155273,11317,73.5400009155273,2024-02-15
73.8499984741211,74.0899963378906,73.8399963378906,74.0299987792969,19095,74.0299987792969,2024-02-16
73.9599990844727,74.1800003051758,73.870002746582,74.129997253418,17228,74.129997253418,2024-02-19
74.0999984741211,74.2200012207031,73.9400024414062,74.0899963378906,11747,74.0899963378906,2024-02-20
74.0100021362305,74.0500030517578,73.8300018310547,74.0299987792969,36375,74.0299987792969,2024-02-21
74.8499984741211,74.8499984741211,74.4599990844727,74.6900024414062,17428,74.6900024414062,2024-02-22
74.8399963378906,75.0500030517578,74.6800003051758,74.9800033569336,10903,74.9800033569336,2024-02-23
74.879997253418,74.9199981689453,74.6800003051758,74.7099990844727,10963,74.7099990844727,2024-02-26
74.7699966430664,74.8499984741211,74.5400009155273,74.8300018310547,25471,74.8300018310547,2024-02-27
74.8099975585938,74.8199996948242,74.4899978637695,74.5699996948242,7753,74.5699996948242,2024-02-28
74.870002746582,74.870002746582,74.5500030517578,74.5500030517578,9475,74.5500030517578,2024-02-29
74.9199981689453,75.0500030517578,74.5800018310547,75.0199966430664,12645,75.0199966430664,2024-03-01
75.129997253418,75.129997253418,74.8000030517578,75.0299987792969,11708,75.0299987792969,2024-03-04
74.870002746582,75.0299987792969,74.7200012207031,74.8600006103516,10112,74.8600006103516,2024-03-05
74.8099975585938,75.2200012207031,74.8000030517578,75.1399993896484,12005,75.1399993896484,2024-03-06
75.1600036621094,76.0899963378906,74.9599990844727,76.0500030517578,31341,76.0500030517578,2024-03-07
76.0500030517578,76.1999969482422,75.9499969482422,75.9700012207031,9358,75.9700012207031,2024-03-08
75.6600036621094,75.8099975585938,75.5,75.7399978637695,10114,75.7399978637695,2024-03-11
76.1800003051758,76.5599975585938,75.9499969482422,76.4899978637695,13692,76.4899978637695,2024-03-12
76.5400009155273,76.8000030517578,76.4899978637695,76.6500015258789,21572,76.6500015258789,2024-03-13
76.7699966430664,76.9700012207031,76.4100036621094,76.5800018310547,11818,76.5800018310547,2024-03-14
76.5800018310547,76.9199981689453,76.2699966430664,76.2699966430664,16716,76.2699966430664,2024-03-15
76.4199981689453,76.4199981689453,76.0699996948242,76.1500015258789,9961,76.1500015258789,2024-03-18
76.120002746582,76.3499984741211,76.0199966430664,76.3499984741211,13293,76.3499984741211,2024-03-19
76.0599975585938,76.4100036621094,76.0599975585938,76.3399963378906,15667,76.3399963378906,2024-03-20
77.0599975585938,77.2699966430664,76.620002746582,77.0599975585938,15267,77.0599975585938,2024-03-21
76.870002746582,77.1600036621094,76.870002746582,77.1100006103516,15640,77.1100006103516,2024-03-22
77.1100006103516,77.25,76.8099975585938,77.1699981689453,21103,77.1699981689453,2024-03-25
77.129997253418,77.3199996948242,76.9400024414062,77.2699966430664,8129,77.2699966430664,2024-03-26
77.3300018310547,77.5,77.1699981689453,77.4000015258789,14100,77.4000015258789,2024-03-27
77.5,77.7200012207031,77.4499969482422,77.620002746582,20009,77.620002746582,2024-03-28
78.4300003051758,78.4300003051758,76.9199981689453,76.9899978637695,13066,76.9899978637695,2024-04-02
77.0500030517578,77.2300033569336,76.8300018310547,77.2300033569336,14857,77.2300033569336,2024-04-03
77.1900024414062,77.4499969482422,77.1800003051758,77.3099975585938,11277,77.3099975585938,2024-04-04
76.5199966430664,76.6500015258789,76.3199996948242,76.6500015258789,19734,76.6500015258789,2024-04-05
76.6800003051758,77.120002746582,76.5999984741211,77.0199966430664,10213,77.0199966430664,2024-04-08
76.9199981689453,77.0599975585938,76.4700012207031,76.5800018310547,9668,76.5800018310547,2024-04-09
77.0999984741211,77.1500015258789,76.129997253418,76.7300033569336,7940,76.7300033569336,2024-04-10
76.5800018310547,76.870002746582,76.0999984741211,76.4300003051758,13084,76.4300003051758,2024-04-11
77.1100006103516,77.3899993896484,76.4899978637695,76.629997253418,11303,76.629997253418,2024-04-12
76.8000030517578,77.3000030517578,76.5899963378906,76.7200012207031,12115,76.7200012207031,2024-04-15
75.8199996948242,75.9599990844727,75.3399963378906,75.6399993896484,30450,75.6399993896484,2024-04-16
75.6100006103516,76.1500015258789,75.5899963378906,75.5899963378906,24603,75.5899963378906,2024-04-17
75.8399963378906,75.879997253418,75.4000015258789,75.8199996948242,8038,75.8199996948242,2024-04-18
75.2300033569336,75.7600021362305,75.1500015258789,75.7099990844727,19214,75.7099990844727,2024-04-19
76.2799987792969,76.3899993896484,75.9199981689453,76.3199996948242,20191,76.3199996948242,2024-04-22
76.879997253418,77.1800003051758,76.6999969482422,77.1800003051758,10806,77.1800003051758,2024-04-23
77.4000015258789,77.4000015258789,76.8499984741211,76.8899993896484,16866,76.8899993896484,2024-04-24
76.7799987792969,76.9400024414062,76.0500030517578,76.4199981689453,5614,76.4199981689453,2024-04-25
77.0100021362305,77.3899993896484,76.8399963378906,77.3300018310547,12211,77.3300018310547,2024-04-26
77.6999969482422,77.7200012207031,77.3399963378906,77.3399963378906,16425,77.3399963378906,2024-04-29
77.5800018310547,77.5800018310547,76.9199981689453,76.9400024414062,11340,76.9400024414062,2024-04-30
77,77,76.6500015258789,76.6500015258789,20666,76.6500015258789,2024-05-02
76.9800033569336,77.5699996948242,76.870002746582,77.0599975585938,5168,77.0599975585938,2024-05-03
77.2600021362305,77.7300033569336,77.2099990844727,77.5699996948242,22921,77.5699996948242,2024-05-06
77.870002746582,78.4499969482422,77.8399963378906,78.4300003051758,15426,78.4300003051758,2024-05-07
78.5699996948242,78.8000030517578,78.5,78.7099990844727,6967,78.7099990844727,2024-05-08
78.8199996948242,79.0899963378906,78.5899963378906,79.0599975585938,9920,79.0599975585938,2024-05-09
79.4499969482422,79.7300033569336,79.4000015258789,79.6600036621094,11958,79.6600036621094,2024-05-10
79.6999969482422,79.7300033569336,79.5,79.6399993896484,19808,79.6399993896484,2024-05-13
79.6600036621094,79.7699966430664,79.5,79.7600021362305,12257,79.7600021362305,2024-05-14
80.1399993896484,80.2600021362305,79.879997253418,80.25,24063,80.25,2024-05-15
80.4400024414062,80.4400024414062,79.9499969482422,80.0199966430664,219650,80.0199966430664,2024-05-16
80.1100006103516,80.1100006103516,79.6999969482422,79.9300003051758,15266,79.9300003051758,2024-05-17
80.0999984741211,80.2600021362305,80.0100021362305,80.2600021362305,16009,80.2600021362305,2024-05-20
80.0100021362305,80.0699996948242,79.6699981689453,80.0599975585938,12779,80.0599975585938,2024-05-21
79.879997253418,79.9400024414062,79.629997253418,79.7799987792969,21094,79.7799987792969,2024-05-22
79.9599990844727,80.1600036621094,79.75,79.870002746582,8162,79.870002746582,2024-05-23
79.3499984741211,79.7600021362305,79.3199996948242,79.75,7304,79.75,2024-05-24
79.6900024414062,80.0500030517578,79.5,80.0500030517578,58760,80.0500030517578,2024-05-27
80.1900024414062,80.1900024414062,79.4199981689453,79.5299987792969,37279,79.5299987792969,2024-05-28
79.4199981689453,79.4400024414062,78.7099990844727,78.7200012207031,17635,78.7200012207031,2024-05-29
78.6699981689453,79.25,78.6699981689453,79.1900024414062,57777,79.1900024414062,2024-05-30
79.25,79.5500030517578,79.1699981689453,79.5199966430664,7820,79.5199966430664,2024-05-31
80.1900024414062,80.2699966430664,79.6900024414062,79.7600021362305,27739,79.7600021362305,2024-06-03
79.629997253418,79.629997253418,79.0899963378906,79.4199981689453,27855,79.4199981689453,2024-06-04
79.9599990844727,80.3600006103516,79.7900009155273,80.1800003051758,11769,80.1800003051758,2024-06-05
80.5699996948242,80.7699966430664,80.4199981689453,80.6900024414062,18787,80.6900024414062,2024-06-06
80.7699966430664,80.7699966430664,80.2300033569336,80.5400009155273,27334,80.5400009155273,2024-06-07
80.0100021362305,80.3199996948242,79.8300018310547,80.3199996948242,40386,80.3199996948242,2024-06-10
80.4899978637695,80.4899978637695,79.3600006103516,79.5899963378906,27526,79.5899963378906,2024-06-11
79.9199981689453,80.4899978637695,79.8499984741211,80.370002746582,25060,80.370002746582,2024-06-12
80.3399963378906,80.3399963378906,79.3000030517578,79.4300003051758,16151,79.4300003051758,2024-06-13
79.5599975585938,79.5599975585938,78.4400024414062,78.6399993896484,39819,78.6399993896484,2024-06-14
78.9000015258789,79.0800018310547,78.3499984741211,78.7300033569336,61516,78.7300033569336,2024-06-17
79.2300033569336,79.2399978637695,78.8199996948242,79.2399978637695,9068,79.2399978637695,2024-06-18
79.2699966430664,79.3300018310547,79.0899963378906,79.129997253418,33893,79.129997253418,2024-06-19
79.2699966430664,79.9000015258789,79.2699966430664,79.9000015258789,50381,79.9000015258789,2024-06-20
79.5800018310547,79.6500015258789,79.0599975585938,79.3099975585938,46905,79.3099975585938,2024-06-21
79.3099975585938,79.9700012207031,79.1999969482422,79.8300018310547,36995,79.8300018310547,2024-06-24
79.5999984741211,79.7099990844727,79.4899978637695,79.6800003051758,15175,79.6800003051758,2024-06-25
79.9400024414062,80.1699981689453,79.0400009155273,79.2399978637695,9536,79.2399978637695,2024-06-26
79.2300033569336,79.2900009155273,78.8899993896484,78.9100036621094,23021,78.9100036621094,2024-06-27
79.1900024414062,79.2399978637695,78.620002746582,78.7099990844727,13610,78.7099990844727,2024-06-28
79.5,79.5299987792969,78.9100036621094,78.9899978637695,22953,78.9899978637695,2024-07-01
78.6600036621094,78.6600036621094,78.25,78.6399993896484,124205,78.6399993896484,2024-07-02
78.9199981689453,79.3300018310547,78.9199981689453,79.2200012207031,19780,79.2200012207031,2024-07-03
79.4100036621094,79.7699966430664,79.4100036621094,79.6500015258789,8605,79.6500015258789,2024-07-04
79.9000015258789,80.0100021362305,79.3099975585938,79.5400009155273,16730,79.5400009155273,2024-07-05
79.4400024414062,79.9300003051758,79.4400024414062,79.4700012207031,25240,79.4700012207031,2024-07-08
79.2200012207031,79.4899978637695,78.6900024414062,78.75,21463,78.75,2024-07-09
78.9199981689453,79.4700012207031,78.8199996948242,79.4700012207031,10286,79.4700012207031,2024-07-10
79.6699981689453,80.0400009155273,79.5899963378906,79.8899993896484,26323,79.8899993896484,2024-07-11
80.0999984741211,80.7200012207031,80.0599975585938,80.629997253418,23822,80.629997253418,2024-07-12
80.3199996948242,80.629997253418,79.8000030517578,79.8000030517578,56038,79.8000030517578,2024-07-15
79.4199981689453,79.6600036621094,79.3099975585938,79.5699996948242,23199,79.5699996948242,2024-07-16
79.3199996948242,79.379997253418,78.8499984741211,79.1500015258789,19007,79.1500015258789,2024-07-17
79.5,79.6399993896484,78.9300003051758,78.9300003051758,19715,78.9300003051758,2024-07-18
78.7300033569336,78.7300033569336,78.4000015258789,78.4100036621094,6687,78.4100036621094,2024-07-19
78.8000030517578,79.4100036621094,78.7799987792969,79.1399993896484,17021,79.1399993896484,2024-07-22
79.25,79.6800003051758,78.9800033569336,79.2900009155273,16984,79.2900009155273,2024-07-23
78.6600036621094,78.9400024414062,78.5,78.75,20897,78.75,2024-07-24
78.0100021362305,78.1999969482422,77.4899978637695,78.1999969482422,33739,78.1999969482422,2024-07-25
78.2300033569336,78.8600006103516,78.2099990844727,78.8099975585938,15262,78.8099975585938,2024-07-26
79.1999969482422,79.2200012207031,78.5999984741211,78.620002746582,14275,78.620002746582,2024-07-29
78.8499984741211,79.1999969482422,78.7900009155273,78.9100036621094,40383,78.9100036621094,2024-07-30
79.8199996948242,79.8499984741211,79.4000015258789,79.5899963378906,15301,79.5899963378906,2024-07-31
79.5400009155273,79.5400009155273,78.4300003051758,78.4300003051758,25505,78.4300003051758,2024-08-01
77.75,77.7799987792969,76.379997253418,76.5100021362305,12768,76.5100021362305,2024-08-02
74.5,75,73.8099975585938,74.9100036621094,29218,74.9100036621094,2024-08-05
75.4300003051758,75.629997253418,74.5,75.0899963378906,38965,75.0899963378906,2024-08-06
75.370002746582,76.4700012207031,75.3600006103516,76.2399978637695,85525,76.2399978637695,2024-08-07
75.7799987792969,76.4599990844727,75.4000015258789,76.3600006103516,22113,76.3600006103516,2024-08-08
76.5699996948242,77.129997253418,76.4199981689453,76.7900009155273,24855,76.7900009155273,2024-08-09
77.0800018310547,77.1100006103516,76.629997253418,76.7600021362305,10869,76.7600021362305,2024-08-12
77.129997253418,77.1800003051758,76.5400009155273,77.1800003051758,5582,77.1800003051758,2024-08-13
77.5100021362305,77.5599975585938,77.2799987792969,77.5599975585938,9220,77.5599975585938,2024-08-14
78.6600036621094,78.8899993896484,78.5500030517578,78.7600021362305,4004,78.7600021362305,2024-08-16
78.6500015258789,79.3199996948242,78.6500015258789,79.25,20778,79.25,2024-08-19
79.3300018310547,79.4100036621094,78.9000015258789,78.8600006103516,5606,78.8600006103516,2024-08-20
78.9100036621094,79.1999969482422,78.9100036621094,79.1100006103516,5545,79.1100006103516,2024-08-21
79.2099990844727,79.629997253418,79.2099990844727,79.4599990844727,6439,79.4599990844727,2024-08-22
79.5500030517578,79.8899993896484,79.5199966430664,79.8199996948242,18033,79.8199996948242,2024-08-23
79.8399963378906,80,79.7300033569336,79.8399963378906,5922,79.8399963378906,2024-08-26
80,80.0899963378906,79.7600021362305,79.9199981689453,10355,79.9199981689453,2024-08-27
80.2099990844727,80.4100036621094,80.0899963378906,80.25,8059,80.25,2024-08-28
80.2900009155273,80.9000015258789,80.2900009155273,80.9000015258789,7554,80.9000015258789,2024-08-29
81,81.1999969482422,80.870002746582,80.870002746582,24882,80.870002746582,2024-08-30
80.75,80.870002746582,80.4499969482422,80.870002746582,16251,80.870002746582,2024-09-02
81,81,80,80.0699996948242,20439,80.0699996948242,2024-09-03
79.120002746582,79.4300003051758,79.120002746582,79.2799987792969,15500,79.2799987792969,2024-09-04
79.0899963378906,79.3600006103516,78.7799987792969,78.7799987792969,38644,78.7799987792969,2024-09-05
78.6500015258789,79.0599975585938,78.0100021362305,78.0100021362305,18618,78.0100021362305,2024-09-06
78.4400024414062,78.8099975585938,78.3899993896484,78.6900024414062,14591,78.6900024414062,2024-09-09
78.4199981689453,78.8499984741211,78.0899963378906,78.1900024414062,18091,78.1900024414062,2024-09-10
78.3600006103516,78.7399978637695,78.0100021362305,78.2900009155273,20915,78.2900009155273,2024-09-11
79.2099990844727,79.2099990844727,78.5,78.9100036621094,16608,78.9100036621094,2024-09-12
79.0899963378906,79.5899963378906,79.0899963378906,79.4899978637695,16543,79.4899978637695,2024-09-13
79.2799987792969,79.5699996948242,79.2799987792969,79.3600006103516,14508,79.3600006103516,2024-09-16
79.7099990844727,79.9899978637695,79.629997253418,79.629997253418,8634,79.629997253418,2024-09-17
79.5800018310547,79.5800018310547,79.1900024414062,79.1999969482422,9477,79.1999969482422,2024-09-18
80.0800018310547,80.370002746582,79.7699966430664,80.3300018310547,19783,80.3300018310547,2024-09-19
80.120002746582,80.120002746582,79.120002746582,79.1500015258789,19013,79.1500015258789,2024-09-20
79.1800003051758,79.5299987792969,79.1600036621094,79.5,16752,79.5,2024-09-23
80.2399978637695,80.25,79.8199996948242,80.0699996948242,11681,80.0699996948242,2024-09-24
79.7600021362305,80.1699981689453,79.620002746582,80.0100021362305,21226,80.0100021362305,2024-09-25
80.8199996948242,81.0999984741211,80.7200012207031,81.0100021362305,18774,81.0100021362305,2024-09-26
81.0899963378906,81.4599990844727,81.0299987792969,81.379997253418,14384,81.379997253418,2024-09-27
81.1999969482422,81.2600021362305,80.5100021362305,80.620002746582,40263,80.620002746582,2024-09-30
80.8499984741211,80.9899978637695,80.0599975585938,80.3300018310547,21670,80.3300018310547,2024-10-01
80.5800018310547,80.6699981689453,80,80.4100036621094,10163,80.4100036621094,2024-10-02
80.1999969482422,80.2300033569336,79.5199966430664,79.6699981689453,10011,79.6699981689453,2024-10-03
79.7399978637695,80.120002746582,79.6399993896484,80.0500030517578,11803,80.0500030517578,2024-10-04
80.0599975585938,80.2799987792969,79.7099990844727,80.1399993896484,17179,80.1399993896484,2024-10-07
79.4499969482422,79.879997253418,79.3499984741211,79.7200012207031,10819,79.7200012207031,2024-10-08
79.8399963378906,80.25,79.6999969482422,80.2399978637695,12126,80.2399978637695,2024-10-09
80.3399963378906,80.4400024414062,79.9100036621094,80.0999984741211,10881,80.0999984741211,2024-10-10
80.120002746582,80.5899963378906,79.9199981689453,80.5299987792969,16755,80.5299987792969,2024-10-11
80.5400009155273,80.9599990844727,80.4400024414062,80.9599990844727,15112,80.9599990844727,2024-10-14
81.1399993896484,81.2600021362305,80.2699966430664,80.2699966430664,27496,80.2699966430664,2024-10-15
80.0199966430664,80.2900009155273,79.9400024414062,80.0800018310547,15834,80.0800018310547,2024-10-16
80.1600036621094,81.0400009155273,80.1600036621094,80.8000030517578,15996,80.8000030517578,2024-10-17
80.8000030517578,81.0599975585938,80.7399978637695,80.9700012207031,20041,80.9700012207031,2024-10-18
80.9599990844727,81.1500015258789,80.4499969482422,80.4800033569336,15038,80.4800033569336,2024-10-21
80.5100021362305,80.5100021362305,79.8399963378906,80.2900009155273,14462,80.2900009155273,2024-10-22
80.3300018310547,80.4300003051758,80,80.0299987792969,16998,80.0299987792969,2024-10-23
80.25,80.5299987792969,80.0400009155273,80.0400009155273,7804,80.0400009155273,2024-10-24
80.0199966430664,80.1900024414062,79.8000030517578,80.0299987792969,23134,80.0299987792969,2024-10-25
80.3199996948242,80.4499969482422,79.8300018310547,80.370002746582,14223,80.370002746582,2024-10-28
80.6699981689453,80.6699981689453,79.879997253418,79.879997253418,17346,79.879997253418,2024-10-29
79.5299987792969,79.5299987792969,78.6900024414062,78.870002746582,48376,78.870002746582,2024-10-30
78.4300003051758,78.4499969482422,77.7200012207031,78.0199966430664,28770,78.0199966430664,2024-10-31
78.2399978637695,78.879997253418,78.2200012207031,78.879997253418,28762,78.879997253418,2024-11-01
78.8300018310547,79.0800018310547,78.5599975585938,78.5599975585938,12698,78.5599975585938,2024-11-04
78.6100006103516,78.8000030517578,78.4000015258789,78.5999984741211,17981,78.5999984741211,2024-11-05
79.4400024414062,80.0800018310547,78.0500030517578,78.2099990844727,29236,78.2099990844727,2024-11-06
78.3099975585938,78.9000015258789,78.3099975585938,78.6999969482422,11616,78.6999969482422,2024-11-07
78.7099990844727,78.7699966430664,77.9599990844727,78.1600036621094,18477,78.1600036621094,2024-11-08
78.8099975585938,79.1600036621094,78.7600021362305,79.0199966430664,9180,79.0199966430664,2024-11-11
78.370002746582,78.4300003051758,77.4000015258789,77.4100036621094,17689,77.4100036621094,2024-11-12
77.3399963378906,77.6100006103516,76.9100036621094,77.4199981689453,18378,77.4199981689453,2024-11-13
77.5599975585938,78.3000030517578,77.5,78.2699966430664,24411,78.2699966430664,2024-11-14
77.7600021362305,78.0100021362305,77.5,77.6100006103516,28466,77.6100006103516,2024-11-15
77.7600021362305,77.7600021362305,77.1800003051758,77.6500015258789,32096,77.6500015258789,2024-11-18
77.8600006103516,77.9800033569336,76.4899978637695,77.3000030517578,26313,77.3000030517578,2024-11-19
77.6600036621094,77.8199996948242,77.1600036621094,77.2699966430664,13246,77.2699966430664,2024-11-20
77.3399963378906,77.6800003051758,76.8399963378906,77.620002746582,19766,77.620002746582,2024-11-21
78.0800018310547,78.5599975585938,77.5999984741211,78.5599975585938,111079,78.5599975585938,2024-11-22
78.9100036621094,78.9499969482422,78.4100036621094,78.5100021362305,16873,78.5100021362305,2024-11-25
78.2099990844727,78.5,78.0199966430664,78.0800018310547,10159,78.0800018310547,2024-11-26
77.870002746582,77.9700012207031,77.620002746582,77.9300003051758,10263,77.9300003051758,2024-11-27
78.2699966430664,78.5299987792969,78.0999984741211,78.2799987792969,25524,78.2799987792969,2024-11-28
78.2399978637695,78.7399978637695,78.0800018310547,78.7399978637695,4075,78.7399978637695,2024-11-29
78.5100021362305,79.379997253418,78.5100021362305,79.2900009155273,27867,79.2900009155273,2024-12-02
79.5800018310547,79.7699966430664,79.4100036621094,79.5999984741211,28430,79.5999984741211,2024-12-03
79.8000030517578,80.0599975585938,79.6800003051758,79.9000015258789,7194,79.9000015258789,2024-12-04
79.9199981689453,80.1900024414062,79.9199981689453,80.1600036621094,13937,80.1600036621094,2024-12-05
80.25,80.4899978637695,80.0999984741211,80.3099975585938,13130,80.3099975585938,2024-12-06
80.620002746582,80.620002746582,80.2799987792969,80.4400024414062,20483,80.4400024414062,2024-12-09
80.1800003051758,80.3600006103516,79.9700012207031,80,22358,80,2024-12-10
79.879997253418,80.2200012207031,79.7799987792969,80.1800003051758,9565,80.1800003051758,2024-12-11
80.3300018310547,80.3300018310547,80.0599975585938,80.0899963378906,13749,80.0899963378906,2024-12-12
80.0199966430664,80.1100006103516,79.5599975585938,79.8000030517578,7354,79.8000030517578,2024-12-13
80.0699996948242,80.0699996948242,79.5,79.7099990844727,23797,79.7099990844727,2024-12-16
79.1999969482422,79.5599975585938,79.1900024414062,79.4300003051758,9610,79.4300003051758,2024-12-17
79.4599990844727,79.6100006103516,79.3499984741211,79.4800033569336,20380,79.4800033569336,2024-12-18
78.5500030517578,78.7200012207031,78.1600036621094,78.3099975585938,17588,78.3099975585938,2024-12-19
77.7600021362305,77.7600021362305,76.8099975585938,77.5999984741211,9109,77.5999984741211,2024-12-20
77.5,77.9199981689453,77.4300003051758,77.5699996948242,6771,77.5699996948242,2024-12-23
77.8199996948242,78.3399963378906,77.6999969482422,78.3399963378906,16483,78.3399963378906,2024-12-27
78.0100021362305,78.3300018310547,77.75,77.8000030517578,31305,77.8000030517578,2024-12-30
78.6699981689453,79.0599975585938,78.129997253418,79.0599975585938,36935,79.0599975585938,2025-01-02
78.9300003051758,78.9300003051758,78.5,78.5400009155273,11399,78.5400009155273,2025-01-03
78.8000030517578,79.3199996948242,78.5899963378906,79.379997253418,12439,79.379997253418,2025-01-06
79.2300033569336,79.7200012207031,78.9899978637695,79.5599975585938,11123,79.5599975585938,2025-01-07
79.6600036621094,79.9899978637695,79.0699996948242,79.5,17619,79.5,2025-01-08
79.1500015258789,79.9199981689453,79.0599975585938,79.8600006103516,10091,79.8600006103516,2025-01-09
79.7900009155273,79.879997253418,79.1600036621094,79.1600036621094,8525,79.1600036621094,2025-01-10
78.8199996948242,78.870002746582,78.4300003051758,78.7699966430664,10155,78.7699966430664,2025-01-13
79.1399993896484,79.2399978637695,78.6999969482422,78.6999969482422,9063,78.6999969482422,2025-01-14
78.9899978637695,79.8099975585938,78.9000015258789,79.6800003051758,24339,79.6800003051758,2025-01-15
80.2300033569336,80.5599975585938,80.129997253418,80.5599975585938,14903,80.5599975585938,2025-01-16
80.8399963378906,81.1500015258789,80.8300018310547,81,18079,81,2025-01-17
81.0599975585938,81.3399963378906,80.8899993896484,81.0699996948242,11157,81.0699996948242,2025-01-20
80.9899978637695,81.4000015258789,80.9899978637695,81.4000015258789,16099,81.4000015258789,2025-01-21
81.5999984741211,82.0800018310547,81.5899963378906,81.7099990844727,62042,81.7099990844727,2025-01-22
81.6900024414062,82.0800018310547,81.5599975585938,82.0800018310547,43048,82.0800018310547,2025-01-23
82.4000015258789,82.5899963378906,81.9199981689453,82.0500030517578,30994,82.0500030517578,2025-01-24
81.5599975585938,82.1500015258789,81.3199996948242,82.0400009155273,39835,82.0400009155273,2025-01-27
82.3199996948242,82.629997253418,82.2300033569336,82.3000030517578,4313,82.3000030517578,2025-01-28
82.7699966430664,82.9000015258789,82.5500030517578,82.7300033569336,10245,82.7300033569336,2025-01-29
82.9700012207031,83.9499969482422,82.9700012207031,83.4400024414062,19062,83.4400024414062,2025-01-30
83.6500015258789,83.879997253418,83.4199981689453,83.620002746582,26116,83.620002746582,2025-01-31
82.2600021362305,82.9199981689453,82.1999969482422,82.8600006103516,51691,82.8600006103516,2025-02-03
82.8099975585938,83.1100006103516,82.3000030517578,83.1100006103516,16979,83.1100006103516,2025-02-04
82.9899978637695,83.4599990844727,82.9100036621094,83.4599990844727,32337,83.4599990844727,2025-02-05
83.879997253418,84.5,83.7699966430664,84.4499969482422,20678,84.4499969482422,2025-02-06
84.3899993896484,84.4599990844727,84.0199966430664,84.129997253418,29792,84.129997253418,2025-02-07
84.3300018310547,84.6699981689453,84.2900009155273,84.5999984741211,16582,84.5999984741211,2025-02-10
84.629997253418,84.8399963378906,84.4899978637695,84.8099975585938,15801,84.8099975585938,2025-02-11
84.9400024414062,85,84.5,84.9199981689453,33347,84.9199981689453,2025-02-12
85.4599990844727,85.9000015258789,85.0800018310547,85.9000015258789,42772,85.9000015258789,2025-02-13
85.8099975585938,86,85.5400009155273,85.6699981689453,31644,85.6699981689453,2025-02-14
85.7600021362305,86.1600036621094,85.7399978637695,86.1600036621094,30766,86.1600036621094,2025-02-17
86.3099975585938,86.5,86.0100021362305,86.4000015258789,111942,86.4000015258789,2025-02-18
86.3899993896484,86.4499969482422,85.4800033569336,85.6500015258789,47661,85.6500015258789,2025-02-19
85.7399978637695,85.9599990844727,85.4300003051758,85.5100021362305,20069,85.5100021362305,2025-02-20
85.6800003051758,86.0599975585938,85.6699981689453,85.9899978637695,20000,85.9899978637695,2025-02-21
86.0199966430664,86.1900024414062,85.4499969482422,85.9100036621094,69172,85.9100036621094,2025-02-24
85.8600006103516,86.4199981689453,85.8000030517578,85.9899978637695,34603,85.9899978637695,2025-02-25
86.5100021362305,86.9599990844727,86.3099975585938,86.8199996948242,110567,86.8199996948242,2025-02-26
86.379997253418,86.6900024414062,86.0299987792969,86.5299987792969,36873,86.5299987792969,2025-02-27
86,86.5100021362305,85.7399978637695,86.5100021362305,49851,86.5100021362305,2025-02-28
86.9000015258789,87.7699966430664,86.379997253418,87.5,148012,87.5,2025-03-03
86.8399963378906,86.879997253418,85.5400009155273,85.6100006103516,56265,85.6100006103516,2025-03-04
86.3600006103516,87.0199966430664,86.2600021362305,86.2600021362305,74004,86.2600021362305,2025-03-05
86.6399993896484,86.6999969482422,85.620002746582,86.3199996948242,50045,86.3199996948242,2025-03-06
85.8499984741211,86.1399993896484,85.4599990844727,85.9300003051758,74561,85.9300003051758,2025-03-07
86.1600036621094,86.1999969482422,84.6699981689453,84.7300033569336,29667,84.7300033569336,2025-03-10
84.5800018310547,84.7799987792969,83.0999984741211,83.3000030517578,75934,83.3000030517578,2025-03-11
83.8300018310547,85.3300018310547,83.4800033569336,84.0100021362305,37747,84.0100021362305,2025-03-12
83.9899978637695,84.5,83.629997253418,83.8499984741211,43409,83.8499984741211,2025-03-13
83.8000030517578,84.9000015258789,83.8000030517578,84.7900009155273,106995,84.7900009155273,2025-03-14
84.8899993896484,85.5500030517578,84.8899993896484,85.5299987792969,25835,85.5299987792969,2025-03-17
85.7900009155273,86.2699966430664,85.7799987792969,86.0100021362305,22438,86.0100021362305,2025-03-18
85.7799987792969,86.2699966430664,85.6999969482422,86.1699981689453,24778,86.1699981689453,2025-03-19
86.1900024414062,86.3499984741211,85.3000030517578,85.7699966430664,122916,85.7699966430664,2025-03-20
85.4800033569336,85.4800033569336,84.9000015258789,85.2099990844727,40711,85.2099990844727,2025-03-21
85.9100036621094,85.9100036621094,84.9899978637695,85.1699981689453,23059,85.1699981689453,2025-03-24
85.4700012207031,86.0800018310547,85.3300018310547,85.6900024414062,14632,85.6900024414062,2025-03-25
85.870002746582,85.9199981689453,85.0599975585938,85.129997253418,51815,85.129997253418,2025-03-26
84.5,84.9400024414062,84.2399978637695,84.8600006103516,24645,84.8600006103516,2025-03-27
84.6900024414062,84.9100036621094,83.9700012207031,84.2200012207031,18428,84.2200012207031,2025-03-28
83.4700012207031,83.4700012207031,82.6500015258789,82.9800033569336,23393,82.9800033569336,2025-03-31
83.7099990844727,84.0199966430664,83.3499984741211,83.8899993896484,35237,83.8899993896484,2025-04-01
83.5899963378906,83.5899963378906,82.8499984741211,83.4300003051758,30760,83.4300003051758,2025-04-02
81.9400024414062,82.4599990844727,81.0899963378906,81.2799987792969,11763,81.2799987792969,2025-04-03
80.5100021362305,80.75,76.5899963378906,77.1500015258789,90634,77.1500015258789,2025-04-04
72.5800018310547,75.370002746582,72.1699981689453,74.0899963378906,131666,74.0899963378906,2025-04-07
74.9499969482422,76.6500015258789,74.3199996948242,75.9199981689453,73105,75.9199981689453,2025-04-08
73.9400024414062,74.2600021362305,72.3600006103516,73.0800018310547,76673,73.0800018310547,2025-04-09
79.3000030517578,79.5299987792969,75.8899993896484,75.8899993896484,52882,75.8899993896484,2025-04-10
76.5699996948242,76.5699996948242,74.8000030517578,76.0100021362305,41425,76.0100021362305,2025-04-11
77.370002746582,78.1699981689453,77.0299987792969,77.9199981689453,52678,77.9199981689453,2025-04-14
78.2699966430664,79.1699981689453,78.2099990844727,79.1699981689453,43738,79.1699981689453,2025-04-15
78.5500030517578,79.0400009155273,78.0899963378906,79.0400009155273,122619,79.0400009155273,2025-04-16
78.8600006103516,79.0599975585938,78.4599990844727,78.8099975585938,120845,78.8099975585938,2025-04-17
78.8300018310547,79.2900009155273,78.379997253418,79.2900009155273,15107,79.2900009155273,2025-04-22
80.4899978637695,81,80.1999969482422,80.6399993896484,42813,80.6399993896484,2025-04-23
80.4800033569336,81.0500030517578,80.0800018310547,81.0100021362305,21267,81.0100021362305,2025-04-24
81.4599990844727,81.4800033569336,81.0599975585938,81.3000030517578,15571,81.3000030517578,2025-04-25
81.7399978637695,81.9599990844727,81.5500030517578,81.6999969482422,31721,81.6999969482422,2025-04-28
81.9499969482422,82.0599975585938,81.6800003051758,81.9800033569336,34059,81.9800033569336,2025-04-29
82.4599990844727,82.5,81.5699996948242,82.5,68949,82.5,2025-04-30
83.3000030517578,84,83.1100006103516,83.9300003051758,45195,83.9300003051758,2025-05-02
84.0299987792969,84.3000030517578,83.9300003051758,84.2300033569336,47228,84.2300033569336,2025-05-05
84.2900009155273,84.3600006103516,83.4499969482422,83.9700012207031,171379,83.9700012207031,2025-05-06
83.7600021362305,83.8300018310547,83.4300003051758,83.620002746582,99902,83.620002746582,2025-05-07
83.9300003051758,84.3399963378906,83.7600021362305,83.9599990844727,31123,83.9599990844727,2025-05-08
84.2300033569336,84.4700012207031,84.2300033569336,84.3399963378906,7809,84.3399963378906,2025-05-09
85.1699981689453,85.4599990844727,84.7399978637695,85.4599990844727,73562,85.4599990844727,2025-05-12
85.4599990844727,85.6500015258789,85.4000015258789,85.5199966430664,31229,85.5199966430664,2025-05-13
85.5500030517578,85.5899963378906,85.0999984741211,85.3300018310547,35478,85.3300018310547,2025-05-14
85.0699996948242,86.4400024414062,84.9300003051758,85.9599990844727,21339,85.9599990844727,2025-05-15
86.2900009155273,86.5299987792969,85.9000015258789,86.3000030517578,34815,86.3000030517578,2025-05-16
86.1999969482422,86.5500030517578,85.7799987792969,86.5500030517578,36862,86.5500030517578,2025-05-19
86.7399978637695,87.3099975585938,86.5999984741211,87.1999969482422,132657,87.1999969482422,2025-05-20
87.0800018310547,87.2600021362305,86.6500015258789,87.1800003051758,124958,87.1800003051758,2025-05-21
86.7699966430664,86.8199996948242,86.129997253418,86.5999984741211,30615,86.5999984741211,2025-05-22
86.8600006103516,86.9300003051758,84.6699981689453,85.8600006103516,47787,85.8600006103516,2025-05-23
86.870002746582,86.9599990844727,86.6500015258789,86.9199981689453,31258,86.9199981689453,2025-05-26
86.9199981689453,87.2799987792969,86.8000030517578,86.9899978637695,97938,86.9899978637695,2025-05-27
87.0699996948242,87.1399993896484,86.4300003051758,86.4300003051758,25625,86.4300003051758,2025-05-28
87.0299987792969,87.0400009155273,86.2600021362305,86.2699966430664,35253,86.2699966430664,2025-05-29
86.4400024414062,86.9400024414062,86.4000015258789,86.5,143853,86.5,2025-05-30
86.3399963378906,86.4199981689453,85.7799987792969,86.3199996948242,20083,86.3199996948242,2025-06-02
86.6600036621094,86.6600036621094,85.9499969482422,86.4800033569336,41206,86.4800033569336,2025-06-03
86.75,87.0599975585938,86.629997253418,86.9700012207031,34268,86.9700012207031,2025-06-04
87.0400009155273,87.7600021362305,86.6500015258789,87.0699996948242,51734,87.0699996948242,2025-06-05
87.129997253418,87.4599990844727,87,87.370002746582,13197,87.370002746582,2025-06-06
87.4000015258789,87.4400024414062,87.0699996948242,87.2399978637695,15961,87.2399978637695,2025-06-09
87.3399963378906,87.3399963378906,86.9800033569336,87.1800003051758,28684,87.1800003051758,2025-06-10
87.2900009155273,87.3600006103516,86.9800033569336,86.9800033569336,24590,86.9800033569336,2025-06-11
86.6999969482422,86.9300003051758,86.1500015258789,86.6999969482422,25614,86.6999969482422,2025-06-12
85.870002746582,86.2900009155273,85.7600021362305,85.9599990844727,37210,85.9599990844727,2025-06-13
86.1699981689453,86.379997253418,85.9599990844727,86.1600036621094,32417,86.1600036621094,2025-06-16
85.5699996948242,85.7699966430664,85.2399978637695,85.5100021362305,32526,85.5100021362305,2025-06-17
85.5100021362305,85.5500030517578,85.0500030517578,85.1500015258789,23957,85.1500015258789,2025-06-18
84.8499984741211,85,84.4800033569336,84.4800033569336,16512,84.4800033569336,2025-06-19
84.8300018310547,85.2699966430664,84.6500015258789,84.6900024414062,24174,84.6900024414062,2025-06-20
84.3000030517578,84.7200012207031,83.9199981689453,84.4000015258789,29394,84.4000015258789,2025-06-23
85.6399993896484,85.6399993896484,85.2099990844727,85.3199996948242,40251,85.3199996948242,2025-06-24
85.5299987792969,85.6399993896484,84.6600036621094,84.6900024414062,19523,84.6900024414062,2025-06-25
84.9899978637695,85,84.5500030517578,84.7799987792969,10260,84.7799987792969,2025-06-26
85.2799987792969,85.7600021362305,85.2799987792969,85.7600021362305,10369,85.7600021362305,2025-06-27
85.8899993896484,86.0100021362305,85.2799987792969,85.3300018310547,19832,85.3300018310547,2025-06-30
85.5500030517578,85.5500030517578,84.7799987792969,85.1800003051758,28506,85.1800003051758,2025-07-01
85.5999984741211,85.6900024414062,85.0500030517578,85.4000015258789,40273,85.4000015258789,2025-07-02
85.6800003051758,85.7600021362305,85.379997253418,85.7600021362305,24806,85.7600021362305,2025-07-03
85.4300003051758,85.4700012207031,85,85.3300018310547,17910,85.3300018310547,2025-07-04
85.370002746582,85.7399978637695,85.3199996948242,85.6900024414062,12992,85.6900024414062,2025-07-07
85.7799987792969,86.0800018310547,85.5299987792969,86.0699996948242,226449,86.0699996948242,2025-07-08
86.2600021362305,86.7900009155273,86.1100006103516,86.75,40057,86.75,2025-07-09
87.129997253418,87.3099975585938,87.0400009155273,87.2399978637695,22644,87.2399978637695,2025-07-10
86.9199981689453,86.9599990844727,86.2200012207031,86.2799987792969,30226,86.2799987792969,2025-07-11
85.8600006103516,86.25,85.8099975585938,86.1999969482422,14063,86.1999969482422,2025-07-14
86.4199981689453,86.5400009155273,85.9300003051758,85.9300003051758,42091,85.9300003051758,2025-07-15
85.7200012207031,86.0199966430664,85.3300018310547,85.3300018310547,20283,85.3300018310547,2025-07-16
86.0199966430664,86.2699966430664,85.9400024414062,86.2600021362305,28159,86.2600021362305,2025-07-17
86.5299987792969,86.620002746582,86.120002746582,86.1699981689453,24157,86.1699981689453,2025-07-18
86.2300033569336,86.2399978637695,85.8899993896484,86.1399993896484,15391,86.1399993896484,2025-07-21
86,86,85.5999984741211,85.8000030517578,12674,85.8000030517578,2025-07-22
86.5199966430664,86.870002746582,86.4599990844727,86.7200012207031,18011,86.7200012207031,2025-07-23
87.1100006103516,87.2799987792969,86.7399978637695,86.8199996948242,44327,86.8199996948242,2025-07-24
86.4899978637695,86.7699966430664,86.3499984741211,86.6500015258789,14568,86.6500015258789,2025-07-25
87.4899978637695,87.5,86.4599990844727,86.5500030517578,20248,86.5500030517578,2025-07-28
86.7900009155273,87.3600006103516,86.6699981689453,86.6800003051758,51027,86.6800003051758,2025-07-29
86.5400009155273,86.9400024414062,86.4400024414062,86.6900024414062,18995,86.6900024414062,2025-07-30
86.9300003051758,87.1399993896484,85.9899978637695,86.0400009155273,49969,86.0400009155273,2025-07-31
85.0400009155273,85.1500015258789,83.75,84.0199966430664,104712,84.0199966430664,2025-08-01
84.4199981689453,85.1600036621094,84.3899993896484,85.1600036621094,34000,85.1600036621094,2025-08-04
85.5400009155273,85.5999984741211,85.1699981689453,85.25,45136,85.25,2025-08-05
85.4599990844727,85.5500030517578,85.0299987792969,85.1699981689453,48220,85.1699981689453,2025-08-06
85.2200012207031,86.1999969482422,85.2200012207031,86,39277,86,2025-08-07
86.1600036621094,86.2600021362305,86,86.1800003051758,27518,86.1800003051758,2025-08-08
86.4899978637695,86.5,86.0800018310547,86.1500015258789,17049,86.1500015258789,2025-08-11
86.4400024414062,86.4700012207031,86.0599975585938,86.3099975585938,8654,86.3099975585938,2025-08-12
86.6500015258789,86.870002746582,86.629997253418,86.8300018310547,8860,86.8300018310547,2025-08-13
86.9700012207031,87.4499969482422,86.9599990844727,87.4499969482422,15786,87.4499969482422,2025-08-14
87.4599990844727,87.5100021362305,87.2200012207031,87.5100021362305,31175,87.5100021362305,2025-08-18
87.6100006103516,88.1699981689453,87.5599975585938,88.1600036621094,22916,88.1600036621094,2025-08-19
87.8499984741211,88.4100036621094,87.8000030517578,88.2799987792969,22757,88.2799987792969,2025-08-20
88.2799987792969,88.3199996948242,87.879997253418,88.2900009155273,10197,88.2900009155273,2025-08-21
88.1699981689453,88.9400024414062,88.129997253418,88.6399993896484,14159,88.6399993896484,2025-08-22
88.4300003051758,88.5899963378906,88.1999969482422,88.1999969482422,13739,88.1999969482422,2025-08-25
87.7099990844727,87.9100036621094,87.4499969482422,87.5199966430664,27105,87.5199966430664,2025-08-26
87.8199996948242,87.879997253418,87.4499969482422,87.629997253418,11273,87.629997253418,2025-08-27
87.9000015258789,87.9800033569336,87.3600006103516,87.5,18261,87.5,2025-08-28
87.3600006103516,87.4400024414062,86.9000015258789,86.9599990844727,18773,86.9599990844727,2025-08-29
87.2200012207031,87.3199996948242,87.0100021362305,87.1800003051758,22366,87.1800003051758,2025-09-01
87.0299987792969,87.0299987792969,85.8899993896484,85.8899993896484,54086,85.8899993896484,2025-09-02
86.3300018310547,86.6100006103516,85.9899978637695,86.4899978637695,10352,86.4899978637695,2025-09-03
86.5400009155273,87.0999984741211,86.4800033569336,87.0100021362305,23145,87.0100021362305,2025-09-04
87.2399978637695,87.4100036621094,86.7399978637695,86.9199981689453,10934,86.9199981689453,2025-09-05
87.2200012207031,87.4199981689453,87.0100021362305,87.3600006103516,29898,87.3600006103516,2025-09-08
87.4599990844727,87.6500015258789,87.2399978637695,87.3899993896484,16525,87.3899993896484,2025-09-09
87.7300033569336,87.9199981689453,87.3300018310547,87.379997253418,14746,87.379997253418,2025-09-10
87.5599975585938,87.879997253418,87.4100036621094,87.7900009155273,36818,87.7900009155273,2025-09-11
87.9000015258789,87.9400024414062,87.5400009155273,87.7399978637695,10994,87.7399978637695,2025-09-12
87.9499969482422,88.3000030517578,87.8899993896484,88.129997253418,17427,88.129997253418,2025-09-15
88.0400009155273,88.0899963378906,87.0599975585938,87.0800018310547,127500,87.0800018310547,2025-09-16
87.2099990844727,87.3399963378906,87,87.0999984741211,16412,87.0999984741211,2025-09-17
87.4499969482422,87.9400024414062,87.370002746582,87.8199996948242,34649,87.8199996948242,2025-09-18
87.8099975585938,88.120002746582,87.7099990844727,87.7099990844727,39989,87.7099990844727,2025-09-19
87.7399978637695,87.75,87.4000015258789,87.5999984741211,47703,87.5999984741211,2025-09-22
87.6900024414062,88.120002746582,87.6800003051758,87.8199996948242,22383,87.8199996948242,2025-09-23
87.6699981689453,87.8099975585938,87.3300018310547,87.620002746582,54707,87.620002746582,2025-09-24
87.3300018310547,87.5199966430664,87,87.1399993896484,20336,87.1399993896484,2025-09-25
87.3399963378906,87.9000015258789,87.2300033569336,87.8399963378906,36995,87.8399963378906,2025-09-26
87.9700012207031,88.2099990844727,87.7900009155273,87.9800033569336,34483,87.9800033569336,2025-09-29
87.8600006103516,88.3499984741211,87.6500015258789,88.3499984741211,64720,88.3499984741211,2025-09-30
88.4000015258789,89.5400009155273,88.3000030517578,89.4199981689453,44343,89.4199981689453,2025-10-01
90.120002746582,90.2799987792969,89.8600006103516,89.9899978637695,36335,89.9899978637695,2025-10-02
