"TPRO.MI.Open","TPRO.MI.High","TPRO.MI.Low","TPRO.MI.Close","TPRO.MI.Volume","TPRO.MI.Adjusted","Date"
6.23999977111816,6.87599992752075,5.97900009155273,6.5,5927098,6.5,2022-02-15
6.75,6.94000005722046,6.59999990463257,6.59999990463257,3788355,6.59999990463257,2022-02-16
6.69999980926514,6.80000019073486,6.35400009155273,6.48000001907349,1629627,6.48000001907349,2022-02-17
6.5,6.66400003433228,6.40000009536743,6.5,611555,6.5,2022-02-18
6.65999984741211,6.67999982833862,6.30999994277954,6.5,544671,6.5,2022-02-21
6.30999994277954,6.53000020980835,6.30000019073486,6.36999988555908,580855,6.36999988555908,2022-02-22
6.3899998664856,6.5,6.26999998092651,6.38000011444092,576898,6.38000011444092,2022-02-23
6.25,6.48999977111816,6.11999988555908,6.42999982833862,672826,6.42999982833862,2022-02-24
6.5,6.8600001335144,6.44999980926514,6.8600001335144,952000,6.8600001335144,2022-02-25
6.8600001335144,6.96999979019165,6.44999980926514,6.90000009536743,497277,6.90000009536743,2022-02-28
6.92999982833862,7.51000022888184,6.92999982833862,7.21999979019165,1420255,7.21999979019165,2022-03-01
7.30000019073486,7.40000009536743,7.11999988555908,7.25,720713,7.25,2022-03-02
7.34999990463257,7.96000003814697,7.30000019073486,7.69999980926514,1271130,7.69999980926514,2022-03-03
7.75,7.98999977111816,7.26000022888184,7.36999988555908,1143193,7.36999988555908,2022-03-04
7.21999979019165,7.53999996185303,6.6399998664856,7.09000015258789,821292,7.09000015258789,2022-03-07
7.09999990463257,7.40000009536743,6.63000011444092,6.63000011444092,706252,6.63000011444092,2022-03-08
6.78000020980835,7.09999990463257,6.75,6.78000020980835,835561,6.78000020980835,2022-03-09
6.82000017166138,6.86999988555908,6.36999988555908,6.40000009536743,1023036,6.40000009536743,2022-03-10
6.63000011444092,6.67999982833862,6.3600001335144,6.46999979019165,568788,6.46999979019165,2022-03-11
6.6100001335144,6.6100001335144,6.30000019073486,6.34999990463257,539319,6.34999990463257,2022-03-14
6.42000007629395,6.44999980926514,6.25,6.25,720550,6.25,2022-03-15
6.36999988555908,6.98000001907349,6.34000015258789,6.98000001907349,493692,6.98000001907349,2022-03-16
6.98999977111816,7.19999980926514,6.75,6.98999977111816,368965,6.98999977111816,2022-03-17
6.98999977111816,7.05000019073486,6.84999990463257,7,275440,7,2022-03-18
7.05000019073486,7.05000019073486,6.82999992370605,7,132330,7,2022-03-21
6.96000003814697,7.03000020980835,6.92999982833862,7,96346,7,2022-03-22
7,7.1399998664856,6.76999998092651,6.78000020980835,288628,6.78000020980835,2022-03-23
6.88000011444092,6.88000011444092,6.55999994277954,6.65000009536743,309115,6.65000009536743,2022-03-24
6.65000009536743,6.69999980926514,6.46000003814697,6.61999988555908,363346,6.61999988555908,2022-03-25
6.65000009536743,6.94999980926514,6.57999992370605,6.8899998664856,205492,6.8899998664856,2022-03-28
6.98000001907349,6.98000001907349,6.8899998664856,6.90000009536743,215411,6.90000009536743,2022-03-29
6.94000005722046,6.94999980926514,6.69999980926514,6.76000022888184,196997,6.76000022888184,2022-03-30
6.83799982070923,6.83799982070923,6.65000009536743,6.65999984741211,122290,6.65999984741211,2022-03-31
6.75600004196167,6.88399982452393,6.65199995040894,6.82999992370605,137516,6.82999992370605,2022-04-01
6.88000011444092,6.96000003814697,6.69999980926514,6.96000003814697,181276,6.96000003814697,2022-04-04
6.99599981307983,7.23999977111816,6.98999977111816,7.19999980926514,513970,7.19999980926514,2022-04-05
7.19000005722046,7.19000005722046,6.98999977111816,7.05000019073486,242144,7.05000019073486,2022-04-06
7.05000019073486,7.25,7.05000019073486,7.05000019073486,159678,7.05000019073486,2022-04-07
7.15000009536743,7.18800020217896,7.02799987792969,7.05999994277954,137128,7.05999994277954,2022-04-08
7.13600015640259,7.42000007629395,6.86999988555908,7.36999988555908,364354,7.36999988555908,2022-04-11
7.21600008010864,7.40000009536743,7.14599990844727,7.35200023651123,454195,7.35200023651123,2022-04-12
7.34999990463257,7.40000009536743,7.2979998588562,7.40000009536743,411936,7.40000009536743,2022-04-13
7.42000007629395,7.5,7.20800018310547,7.20800018310547,243042,7.20800018310547,2022-04-14
7.24399995803833,7.36399984359741,7.10200023651123,7.19999980926514,332945,7.19999980926514,2022-04-19
7.19999980926514,7.2979998588562,7.13399982452393,7.19999980926514,172243,7.19999980926514,2022-04-20
7.19199991226196,7.3600001335144,7.16400003433228,7.21400022506714,210611,7.21400022506714,2022-04-21
7.15199995040894,7.28800010681152,7.07000017166138,7.07000017166138,120851,7.07000017166138,2022-04-22
7.05200004577637,7.19999980926514,6.85400009155273,6.98000001907349,151991,6.98000001907349,2022-04-25
7.05000019073486,7.1399998664856,6.68800020217896,6.69000005722046,172590,6.69000005722046,2022-04-26
6.71000003814697,6.9539999961853,6.60200023651123,6.84800004959106,677647,6.84800004959106,2022-04-27
6.95800018310547,6.95800018310547,6.78200006484985,6.80600023269653,117728,6.80600023269653,2022-04-28
6.94600009918213,6.94600009918213,6.71600008010864,6.72399997711182,188603,6.72399997711182,2022-04-29
6.76000022888184,6.83199977874756,6.53999996185303,6.61999988555908,175644,6.61999988555908,2022-05-02
6.6399998664856,6.78200006484985,6.63000011444092,6.75799989700317,116134,6.75799989700317,2022-05-03
6.80000019073486,6.80000019073486,6.6100001335144,6.6100001335144,973234,6.6100001335144,2022-05-04
6.75799989700317,6.77799987792969,6.61399984359741,6.68200016021729,113215,6.68200016021729,2022-05-05
6.66599988937378,6.69999980926514,6.40999984741211,6.65999984741211,698774,6.65999984741211,2022-05-06
6.52400016784668,6.57600021362305,6.15399980545044,6.40999984741211,691889,6.40999984741211,2022-05-09
6.5479998588562,6.63000011444092,6.40000009536743,6.51000022888184,121041,6.51000022888184,2022-05-10
6.53999996185303,6.65799999237061,6.51000022888184,6.6399998664856,93952,6.6399998664856,2022-05-11
6.53999996185303,6.78000020980835,6.52799987792969,6.76399993896484,125431,6.76399993896484,2022-05-12
6.76000022888184,7.05999994277954,6.76000022888184,7.01999998092651,715287,7.01999998092651,2022-05-13
6.9060001373291,7.15000009536743,6.9060001373291,7.15000009536743,416798,7.15000009536743,2022-05-16
7.15000009536743,7.28000020980835,7.09999990463257,7.1399998664856,382948,7.1399998664856,2022-05-17
7.18400001525879,7.26000022888184,6.96999979019165,7.15000009536743,375309,7.15000009536743,2022-05-18
7.14599990844727,7.16400003433228,6.8600001335144,6.8600001335144,325855,6.8600001335144,2022-05-19
6.98600006103516,7.1100001335144,6.77600002288818,6.77600002288818,330568,6.77600002288818,2022-05-20
6.97200012207031,6.97200012207031,6.65999984741211,6.86399984359741,412101,6.86399984359741,2022-05-23
7,7.19999980926514,6.74200010299683,6.87599992752075,688577,6.87599992752075,2022-05-24
6.98000001907349,7.1399998664856,6.90199995040894,7.09600019454956,451204,7.09600019454956,2022-05-25
6.94999980926514,7.1399998664856,6.94000005722046,7.09000015258789,293432,7.09000015258789,2022-05-26
7.01999998092651,7.13800001144409,7.01999998092651,7.07999992370605,348258,7.07999992370605,2022-05-27
7.03399991989136,7.25,7.03399991989136,7.03999996185303,525836,7.03999996185303,2022-05-30
7.05000019073486,7.13800001144409,6.82999992370605,6.82999992370605,2442381,6.82999992370605,2022-05-31
6.94600009918213,7.15000009536743,6.71999979019165,7.15000009536743,400827,7.15000009536743,2022-06-01
7.13600015640259,7.13600015640259,7,7.07000017166138,28792,7.07000017166138,2022-06-02
7.02400016784668,7.09600019454956,7.00400018692017,7.01399993896484,41813,7.01399993896484,2022-06-03
7.09000015258789,7.14599990844727,7.01999998092651,7.09999990463257,138110,7.09999990463257,2022-06-06
7.12599992752075,7.19000005722046,7.06199979782104,7.1100001335144,262560,7.1100001335144,2022-06-07
7.19799995422363,7.28000020980835,7.1100001335144,7.28000020980835,202880,7.28000020980835,2022-06-08
7.28800010681152,7.44999980926514,7.15000009536743,7.19999980926514,303786,7.19999980926514,2022-06-09
7.25,7.25,6.88199996948242,7.03800010681152,441601,7.03800010681152,2022-06-10
7.09999990463257,7.19999980926514,6.80999994277954,6.90000009536743,377069,6.90000009536743,2022-06-13
6.86399984359741,7.18800020217896,6.80800008773804,6.86999988555908,399375,6.86999988555908,2022-06-14
6.99399995803833,7.01800012588501,6.83199977874756,6.90000009536743,263559,6.90000009536743,2022-06-15
6.97599983215332,6.97599983215332,6.67000007629395,6.69999980926514,884636,6.69999980926514,2022-06-16
6.75,6.82999992370605,6.65000009536743,6.73999977111816,228604,6.73999977111816,2022-06-17
6.83799982070923,6.83799982070923,6.63199996948242,6.82999992370605,267307,6.82999992370605,2022-06-20
6.81799983978271,6.94999980926514,6.80600023269653,6.90199995040894,91952,6.90199995040894,2022-06-21
6.90999984741211,6.90999984741211,6.67999982833862,6.86600017547607,216313,6.86600017547607,2022-06-22
6.76999998092651,6.90999984741211,6.73199987411499,6.76000022888184,150827,6.76000022888184,2022-06-23
6.78200006484985,6.81799983978271,6.62200021743774,6.6399998664856,181212,6.6399998664856,2022-06-24
6.65199995040894,6.80399990081787,6.65199995040894,6.80399990081787,118709,6.80399990081787,2022-06-27
6.82000017166138,6.90000009536743,6.79199981689453,6.90000009536743,89955,6.90000009536743,2022-06-28
6.89799976348877,6.90000009536743,6.73999977111816,6.73999977111816,95752,6.73999977111816,2022-06-29
6.83199977874756,6.83199977874756,6.66400003433228,6.73000001907349,223487,6.73000001907349,2022-06-30
6.78000020980835,6.81599998474121,6.67999982833862,6.81599998474121,320176,6.81599998474121,2022-07-01
6.92000007629395,6.92000007629395,6.67000007629395,6.67000007629395,86273,6.67000007629395,2022-07-04
6.68400001525879,6.71000003814697,6.5,6.55999994277954,172413,6.55999994277954,2022-07-05
6.59999990463257,6.59999990463257,6.43200016021729,6.47200012207031,249438,6.47200012207031,2022-07-06
6.46199989318848,6.61999988555908,6.46199989318848,6.51999998092651,219282,6.51999998092651,2022-07-07
6.51200008392334,6.73999977111816,6.46400022506714,6.46400022506714,176645,6.46400022506714,2022-07-08
6.46999979019165,6.66400003433228,6.46999979019165,6.61999988555908,123790,6.61999988555908,2022-07-11
6.64200019836426,7.07000017166138,6.60599994659424,6.93800020217896,362163,6.93800020217896,2022-07-12
7.03999996185303,7.18200016021729,6.98000001907349,7.15000009536743,361912,7.15000009536743,2022-07-13
7.05800008773804,7.09999990463257,6.71000003814697,7,125132,7,2022-07-14
7,7.15000009536743,6.8439998626709,7.01999998092651,306192,7.01999998092651,2022-07-15
7.13800001144409,7.30000019073486,7,7.28000020980835,294768,7.28000020980835,2022-07-18
7.19999980926514,7.34999990463257,7.17000007629395,7.34999990463257,248992,7.34999990463257,2022-07-19
7.30399990081787,7.53999996185303,7.21600008010864,7.44999980926514,424798,7.44999980926514,2022-07-20
7.28399991989136,7.53000020980835,7.0019998550415,7.5,414704,7.5,2022-07-21
7.43400001525879,7.69999980926514,7.32000017166138,7.63800001144409,199899,7.63800001144409,2022-07-22
7.59999990463257,8.23400020599365,7.59999990463257,8.08399963378906,741142,8.08399963378906,2022-07-25
8,8.17399978637695,7.96199989318848,8.03400039672852,492763,8.03400039672852,2022-07-26
8.10000038146973,8.14999961853027,8.01599979400635,8.13000011444092,263269,8.13000011444092,2022-07-27
8.1879997253418,8.40999984741211,7.91599988937378,7.92000007629395,319449,7.92000007629395,2022-07-28
7.98199987411499,8.10200023651123,7.71000003814697,7.87200021743774,632598,7.87200021743774,2022-07-29
7.96400022506714,8.21000003814697,7.90999984741211,8.02400016784668,432078,8.02400016784668,2022-08-01
8.02200031280518,8.22999954223633,7.8600001335144,8.22999954223633,193371,8.22999954223633,2022-08-02
8.22999954223633,8.30000019073486,8.05000019073486,8.21000003814697,266642,8.21000003814697,2022-08-03
8.14999961853027,8.31999969482422,8.11600017547607,8.21199989318848,171962,8.21199989318848,2022-08-04
8.21000003814697,8.34000015258789,8.16199970245361,8.16800022125244,163071,8.16800022125244,2022-08-05
8.13000011444092,8.23600006103516,8.0600004196167,8.0600004196167,240870,8.0600004196167,2022-08-08
8.07999992370605,8.14599990844727,7.76999998092651,7.84999990463257,133310,7.84999990463257,2022-08-09
7.90000009536743,7.92399978637695,7.72200012207031,7.72599983215332,131272,7.72599983215332,2022-08-10
8.0959997177124,8.0959997177124,7.77799987792969,7.94999980926514,96918,7.94999980926514,2022-08-11
7.94600009918213,8.06599998474121,7.88800001144409,8.05000019073486,85495,8.05000019073486,2022-08-12
7.98400020599365,8.17399978637695,7.80999994277954,8.02000045776367,186087,8.02000045776367,2022-08-16
8,8.11200046539307,7.90000009536743,7.90999984741211,71196,7.90999984741211,2022-08-17
7.88199996948242,7.97399997711182,7.78999996185303,7.90000009536743,63883,7.90000009536743,2022-08-18
7.8439998626709,7.89799976348877,7.69399976730347,7.73999977111816,187913,7.73999977111816,2022-08-19
7.58400011062622,7.80000019073486,7.56799983978271,7.72800016403198,178707,7.72800016403198,2022-08-22
7.60599994659424,7.67999982833862,7.40199995040894,7.51000022888184,156155,7.51000022888184,2022-08-23
7.57000017166138,7.85799980163574,7.44399976730347,7.85799980163574,205211,7.85799980163574,2022-08-24
7.87799978256226,7.87799978256226,7.69000005722046,7.69000005722046,111955,7.69000005722046,2022-08-25
7.67000007629395,7.7039999961853,7.13800001144409,7.55000019073486,365675,7.55000019073486,2022-08-26
7.64200019836426,7.64200019836426,7.42799997329712,7.44199991226196,83293,7.44199991226196,2022-08-29
7.40000009536743,7.65999984741211,7.40000009536743,7.55999994277954,100167,7.55999994277954,2022-08-30
7.66800022125244,7.66800022125244,7.46000003814697,7.59999990463257,188204,7.59999990463257,2022-08-31
7.62799978256226,7.62799978256226,7.02400016784668,7.02400016784668,327057,7.02400016784668,2022-09-01
7.09200000762939,7.17999982833862,6.93800020217896,7.03800010681152,744222,7.03800010681152,2022-09-02
6.99399995803833,6.99399995803833,6.80000019073486,6.90999984741211,176084,6.90999984741211,2022-09-05
6.90000009536743,7,6.84999990463257,6.84999990463257,102884,6.84999990463257,2022-09-06
6.84200000762939,7.09999990463257,6.80000019073486,6.86999988555908,112809,6.86999988555908,2022-09-07
7.01599979400635,7.05000019073486,6.86600017547607,6.94999980926514,116594,6.94999980926514,2022-09-08
6.98600006103516,7.23000001907349,6.98600006103516,7.21999979019165,210426,7.21999979019165,2022-09-09
7.23199987411499,7.28599977493286,7.11399984359741,7.12200021743774,128850,7.12200021743774,2022-09-12
7.16599988937378,7.34999990463257,7.15000009536743,7.15000009536743,152718,7.15000009536743,2022-09-13
7.15000009536743,7.6399998664856,7.15000009536743,7.57999992370605,280533,7.57999992370605,2022-09-14
7.62599992752075,7.67600011825562,7.35599994659424,7.5479998588562,214092,7.5479998588562,2022-09-15
7.55800008773804,7.55800008773804,7.17999982833862,7.26000022888184,161601,7.26000022888184,2022-09-16
7.30999994277954,7.30999994277954,7.07000017166138,7.2979998588562,78087,7.2979998588562,2022-09-19
7.2480001449585,7.26000022888184,7.05399990081787,7.09999990463257,106539,7.09999990463257,2022-09-20
7.09800004959106,7.23600006103516,7,7.14799976348877,105723,7.14799976348877,2022-09-21
7.09999990463257,7.26599979400635,6.94999980926514,7.07999992370605,158261,7.07999992370605,2022-09-22
7,7.12599992752075,6.80000019073486,6.80000019073486,209993,6.80000019073486,2022-09-23
6.9520001411438,7.09200000762939,6.71199989318848,6.92799997329712,265733,6.92799997329712,2022-09-26
7.02799987792969,7.08799982070923,6.88199996948242,7.05000019073486,145739,7.05000019073486,2022-09-27
6.92199993133545,7.18400001525879,6.84200000762939,7,242923,7,2022-09-28
6.94799995422363,7.14799976348877,6.94799995422363,7.09999990463257,169387,7.09999990463257,2022-09-29
7.15799999237061,7.18400001525879,7.01999998092651,7.09999990463257,194000,7.09999990463257,2022-09-30
7.18200016021729,7.28999996185303,7.07000017166138,7.28999996185303,174525,7.28999996185303,2022-10-03
7.30000019073486,7.39599990844727,7.22399997711182,7.39599990844727,207702,7.39599990844727,2022-10-04
7.39400005340576,7.42399978637695,7.25400018692017,7.40799999237061,154456,7.40799999237061,2022-10-05
7.34999990463257,7.55999994277954,7.28399991989136,7.55000019073486,152896,7.55000019073486,2022-10-06
7.58599996566772,7.58599996566772,7.31599998474121,7.39599990844727,131640,7.39599990844727,2022-10-07
7.38600015640259,7.46000003814697,7.23999977111816,7.30000019073486,93692,7.30000019073486,2022-10-10
7.37799978256226,7.42999982833862,7.26399993896484,7.34999990463257,103054,7.34999990463257,2022-10-11
7.32800006866455,7.46600008010864,7.25400018692017,7.25400018692017,153020,7.25400018692017,2022-10-12
7.25,7.28000020980835,6.7020001411438,6.94999980926514,776256,6.94999980926514,2022-10-13
7,7.03599977493286,6.74399995803833,6.74399995803833,484461,6.74399995803833,2022-10-14
6.78800010681152,6.94399976730347,6.7480001449585,6.94399976730347,259928,6.94399976730347,2022-10-17
6.94999980926514,7.05999994277954,6.91200017929077,7,187356,7,2022-10-18
7.06199979782104,7.1100001335144,6.94199991226196,7.09999990463257,181103,7.09999990463257,2022-10-19
7.11800003051758,7.19999980926514,6.96999979019165,7.19999980926514,174704,7.19999980926514,2022-10-20
7.19999980926514,7.28200006484985,7.12200021743774,7.19999980926514,418160,7.19999980926514,2022-10-21
7.16200017929077,7.30000019073486,7.16200017929077,7.30000019073486,69534,7.30000019073486,2022-10-24
7.25,7.59000015258789,7.19799995422363,7.55000019073486,276513,7.55000019073486,2022-10-25
7.4060001373291,7.54199981689453,7.34999990463257,7.40000009536743,251817,7.40000009536743,2022-10-26
7.30000019073486,7.38800001144409,6.86199998855591,6.86999988555908,827629,6.86999988555908,2022-10-27
6.86999988555908,6.94600009918213,6.78000020980835,6.78999996185303,497796,6.78999996185303,2022-10-28
6.88800001144409,7.00600004196167,6.84999990463257,6.96000003814697,203338,6.96000003814697,2022-10-31
6.97800016403198,7.08400011062622,6.92999982833862,7.07200002670288,139214,7.07200002670288,2022-11-01
7.05600023269653,7.05999994277954,6.85400009155273,6.89400005340576,125013,6.89400005340576,2022-11-02
6.84999990463257,6.98999977111816,6.82800006866455,6.84999990463257,134231,6.84999990463257,2022-11-03
6.86600017547607,6.93800020217896,6.69999980926514,6.71000003814697,345851,6.71000003814697,2022-11-04
6.73999977111816,6.84200000762939,6.70599985122681,6.76999998092651,374071,6.76999998092651,2022-11-07
6.83400011062622,6.94399976730347,6.76999998092651,6.94399976730347,257952,6.94399976730347,2022-11-08
6.94999980926514,6.94999980926514,6.75400018692017,6.92999982833862,89464,6.92999982833862,2022-11-09
6.92799997329712,7.15199995040894,6.82000017166138,7.13399982452393,178653,7.13399982452393,2022-11-10
7.15000009536743,7.23000001907349,7.0460000038147,7.19999980926514,295070,7.19999980926514,2022-11-11
7.23799991607666,7.28000020980835,7.09000015258789,7.28000020980835,116386,7.28000020980835,2022-11-14
7.21999979019165,7.4539999961853,7.19000005722046,7.4539999961853,357139,7.4539999961853,2022-11-15
7.40000009536743,7.42000007629395,7.13600015640259,7.15000009536743,164255,7.15000009536743,2022-11-16
7.17199993133545,7.26999998092651,7.06400012969971,7.09999990463257,75578,7.09999990463257,2022-11-17
7.17799997329712,7.19600009918213,7.09600019454956,7.09999990463257,74660,7.09999990463257,2022-11-18
7.19999980926514,7.19999980926514,7,7.15999984741211,118118,7.15999984741211,2022-11-21
7.13600015640259,7.13600015640259,6.75,7.01999998092651,198945,7.01999998092651,2022-11-22
7.05600023269653,7.33799982070923,7,7.30999994277954,159107,7.30999994277954,2022-11-23
7.2480001449585,7.29400014877319,7.07000017166138,7.19999980926514,136879,7.19999980926514,2022-11-24
7.14200019836426,7.19199991226196,7.03000020980835,7.15000009536743,37642,7.15000009536743,2022-11-25
7.12599992752075,7.26399993896484,7.05399990081787,7.26399993896484,175734,7.26399993896484,2022-11-28
7.19600009918213,7.3600001335144,7.17999982833862,7.34999990463257,251910,7.34999990463257,2022-11-29
7.34000015258789,7.42799997329712,7.25,7.42799997329712,352801,7.42799997329712,2022-11-30
7.36600017547607,7.48000001907349,7.21799993515015,7.30200004577637,118674,7.30200004577637,2022-12-01
7.19999980926514,7.35799980163574,7.17399978637695,7.17399978637695,110203,7.17399978637695,2022-12-02
7.36999988555908,7.36999988555908,7.05399990081787,7.23999977111816,227393,7.23999977111816,2022-12-05
7.23400020599365,7.3600001335144,7.17000007629395,7.34999990463257,324869,7.34999990463257,2022-12-06
7.22399997711182,7.22399997711182,6.8600001335144,6.90000009536743,1159718,6.90000009536743,2022-12-07
6.96600008010864,7.02199983596802,6.84999990463257,6.84999990463257,387642,6.84999990463257,2022-12-08
6.88399982452393,6.9980001449585,6.88000011444092,6.89599990844727,287604,6.89599990844727,2022-12-09
6.94199991226196,6.94399976730347,6.84999990463257,6.84999990463257,290618,6.84999990463257,2022-12-12
6.89599990844727,7.02799987792969,6.88000011444092,7,287972,7,2022-12-13
7.02199983596802,7.02199983596802,6.86199998855591,6.94999980926514,179925,6.94999980926514,2022-12-14
6.94999980926514,7.01999998092651,6.83199977874756,6.84999990463257,258822,6.84999990463257,2022-12-15
6.84999990463257,6.9980001449585,6.81599998474121,6.96600008010864,301921,6.96600008010864,2022-12-16
6.90000009536743,7,6.81199979782104,6.82999992370605,267863,6.82999992370605,2022-12-19
6.81400012969971,6.86600017547607,6.75,6.84800004959106,137846,6.84800004959106,2022-12-20
6.92999982833862,6.92999982833862,6.81199979782104,6.84999990463257,229258,6.84999990463257,2022-12-21
6.92000007629395,6.92000007629395,6.64599990844727,6.67999982833862,573878,6.67999982833862,2022-12-22
6.69999980926514,6.80800008773804,6.60599994659424,6.63000011444092,317953,6.63000011444092,2022-12-23
6.69199991226196,6.80000019073486,6.69199991226196,6.71000003814697,137089,6.71000003814697,2022-12-27
6.73999977111816,6.82000017166138,6.67199993133545,6.67999982833862,191025,6.67999982833862,2022-12-28
6.79199981689453,6.89400005340576,6.67999982833862,6.73199987411499,274576,6.73199987411499,2022-12-29
6.77799987792969,6.85599994659424,6.69999980926514,6.69999980926514,209136,6.69999980926514,2022-12-30
6.78200006484985,6.97800016403198,6.7519998550415,6.92999982833862,183934,6.92999982833862,2023-01-02
6.97800016403198,7.0460000038147,6.91599988937378,7,260839,7,2023-01-03
7.0479998588562,7.0479998588562,6.8899998664856,6.89200019836426,219742,6.89200019836426,2023-01-04
6.92000007629395,6.98799991607666,6.86999988555908,6.89200019836426,180912,6.89200019836426,2023-01-05
6.89200019836426,6.92600011825562,6.81599998474121,6.8600001335144,166258,6.8600001335144,2023-01-06
6.8600001335144,7.01800012588501,6.82999992370605,7.01000022888184,315762,7.01000022888184,2023-01-09
6.98400020599365,7.00799989700317,6.90000009536743,6.90000009536743,194112,6.90000009536743,2023-01-10
6.90000009536743,6.98799991607666,6.89400005340576,6.98000001907349,226589,6.98000001907349,2023-01-11
6.97800016403198,7.02400016784668,6.93200016021729,7,266149,7,2023-01-12
7.02400016784668,7.0479998588562,6.98999977111816,7.00799989700317,454639,7.00799989700317,2023-01-13
7.05000019073486,7.07000017166138,6.97200012207031,7,341550,7,2023-01-16
6.96199989318848,7.03800010681152,6.88000011444092,6.96000003814697,1038427,6.96000003814697,2023-01-17
6.94999980926514,7.01800012588501,6.90000009536743,6.90000009536743,204636,6.90000009536743,2023-01-18
6.88600015640259,6.92799997329712,6.83599996566772,6.90000009536743,287565,6.90000009536743,2023-01-19
6.9520001411438,6.9520001411438,6.73799991607666,6.83599996566772,171241,6.83599996566772,2023-01-20
6.82999992370605,6.88800001144409,6.75,6.86999988555908,359986,6.86999988555908,2023-01-23
6.91400003433228,7.14400005340576,6.9060001373291,7.14400005340576,650024,7.14400005340576,2023-01-24
7.05399990081787,7.16599988937378,6.98000001907349,7,610916,7,2023-01-25
7.04400014877319,7.11800003051758,6.88000011444092,7,475937,7,2023-01-26
6.94600009918213,7.07800006866455,6.91200017929077,7,226993,7,2023-01-27
6.9539999961853,7.00799989700317,6.82000017166138,6.82000017166138,279247,6.82000017166138,2023-01-30
6.86199998855591,6.86199998855591,6.69999980926514,6.75,501279,6.75,2023-01-31
6.76999998092651,6.8600001335144,6.76999998092651,6.80000019073486,262936,6.80000019073486,2023-02-01
6.80000019073486,6.8600001335144,6.77600002288818,6.84800004959106,671432,6.84800004959106,2023-02-02
6.80999994277954,6.92000007629395,6.76399993896484,6.92000007629395,173709,6.92000007629395,2023-02-03
6.82200002670288,6.97200012207031,6.80999994277954,6.97200012207031,334944,6.97200012207031,2023-02-06
6.96000003814697,7.08400011062622,6.9539999961853,7.07000017166138,385585,7.07000017166138,2023-02-07
7.07000017166138,7.08199977874756,6.9520001411438,7,372054,7,2023-02-08
7,7.0460000038147,6.98999977111816,6.98999977111816,245190,6.98999977111816,2023-02-09
6.98000001907349,7.01599979400635,6.96000003814697,6.98999977111816,339589,6.98999977111816,2023-02-10
6.96000003814697,7.03399991989136,6.86199998855591,6.88000011444092,231853,6.88000011444092,2023-02-13
6.91800022125244,7.01000022888184,6.90199995040894,6.98000001907349,167831,6.98000001907349,2023-02-14
6.93200016021729,6.98799991607666,6.9060001373291,6.95599985122681,117068,6.95599985122681,2023-02-15
6.98999977111816,7.05000019073486,6.92999982833862,7.01999998092651,210279,7.01999998092651,2023-02-16
7.02199983596802,7.02799987792969,6.94999980926514,7.01000022888184,180722,7.01000022888184,2023-02-17
6.96999979019165,7.04400014877319,6.93400001525879,6.93400001525879,195589,6.93400001525879,2023-02-20
6.98799991607666,7.06199979782104,6.90999984741211,7.03000020980835,207021,7.03000020980835,2023-02-21
7.02400016784668,7.03599977493286,6.92999982833862,6.97399997711182,285844,6.97399997711182,2023-02-22
7.01800012588501,7.11999988555908,6.90399980545044,7.07000017166138,257683,7.07000017166138,2023-02-23
7.09999990463257,7.09999990463257,6.97800016403198,7.05999994277954,180944,7.05999994277954,2023-02-24
7.11999988555908,7.11999988555908,7.03200006484985,7.09999990463257,268862,7.09999990463257,2023-02-27
6.84999990463257,6.90000009536743,6.02400016784668,6.03800010681152,3349949,6.03800010681152,2023-02-28
6.11800003051758,6.27799987792969,6.03999996185303,6.13199996948242,1451717,6.13199996948242,2023-03-01
6.17999982833862,6.24599981307983,6.01999998092651,6.01999998092651,613305,6.01999998092651,2023-03-02
6.0939998626709,6.17399978637695,6.07600021362305,6.11600017547607,450552,6.11600017547607,2023-03-03
6.15999984741211,6.28800010681152,6.10400009155273,6.25,438000,6.25,2023-03-06
6.29400014877319,6.32999992370605,6.21600008010864,6.28999996185303,661105,6.28999996185303,2023-03-07
6.31400012969971,6.42399978637695,6.25799989700317,6.41800022125244,1028647,6.41800022125244,2023-03-08
6.46000003814697,6.47200012207031,6.32000017166138,6.32000017166138,396592,6.32000017166138,2023-03-09
6.28399991989136,6.41200017929077,6.23000001907349,6.34999990463257,412996,6.34999990463257,2023-03-10
6.30000019073486,6.30000019073486,6.01000022888184,6.17999982833862,877930,6.17999982833862,2023-03-13
6.19600009918213,6.28800010681152,6.06799983978271,6.25,268847,6.25,2023-03-14
6.21400022506714,6.32000017166138,6.11399984359741,6.15399980545044,421822,6.15399980545044,2023-03-15
6.1399998664856,6.2979998588562,6.12799978256226,6.15999984741211,247287,6.15999984741211,2023-03-16
6.23799991607666,6.28999996185303,6.12400007247925,6.23999977111816,296105,6.23999977111816,2023-03-17
6.27799987792969,6.28599977493286,6.14400005340576,6.16200017929077,145753,6.16200017929077,2023-03-20
6.16400003433228,6.32999992370605,6.16400003433228,6.32000017166138,178385,6.32000017166138,2023-03-21
6.33799982070923,6.34000015258789,6.21600008010864,6.28999996185303,122484,6.28999996185303,2023-03-22
6.2480001449585,6.55000019073486,6.23199987411499,6.48000001907349,145826,6.48000001907349,2023-03-23
6.48000001907349,6.53399991989136,6.30399990081787,6.40000009536743,592545,6.40000009536743,2023-03-24
6.52799987792969,6.52799987792969,6.40999984741211,6.48999977111816,152697,6.48999977111816,2023-03-27
6.42799997329712,6.53999996185303,6.40000009536743,6.5,274922,6.5,2023-03-28
6.45800018310547,6.52400016784668,6.44999980926514,6.5,131167,6.5,2023-03-29
6.51999998092651,6.71199989318848,6.51999998092651,6.69000005722046,365636,6.69000005722046,2023-03-30
6.73999977111816,6.73999977111816,6.61999988555908,6.66800022125244,208876,6.66800022125244,2023-03-31
6.67000007629395,6.78000020980835,6.53000020980835,6.57499980926514,196285,6.57499980926514,2023-04-03
6.60500001907349,6.64499998092651,6.48999977111816,6.5,487070,6.5,2023-04-04
6.55000019073486,6.57499980926514,6.48000001907349,6.5,234300,6.5,2023-04-05
6.53000020980835,6.53499984741211,6.42000007629395,6.51999998092651,146278,6.51999998092651,2023-04-06
6.55999994277954,6.59999990463257,6.52500009536743,6.52500009536743,176252,6.52500009536743,2023-04-11
6.59000015258789,6.59000015258789,6.34499979019165,6.38500022888184,186022,6.38500022888184,2023-04-12
6.46000003814697,6.46000003814697,6.2649998664856,6.26999998092651,380985,6.26999998092651,2023-04-13
6.35500001907349,6.35500001907349,6.21000003814697,6.25,408658,6.25,2023-04-14
6.29500007629395,6.39499998092651,6.20499992370605,6.25,527962,6.25,2023-04-17
6.26000022888184,6.34000015258789,6.21000003814697,6.29500007629395,424123,6.29500007629395,2023-04-18
6.30000019073486,6.32499980926514,6.21999979019165,6.32499980926514,236675,6.32499980926514,2023-04-19
6.25,6.34499979019165,6.2350001335144,6.34499979019165,246352,6.34499979019165,2023-04-20
6.34499979019165,6.38000011444092,6.25500011444092,6.38000011444092,291848,6.38000011444092,2023-04-21
6.46999979019165,6.53000020980835,6.38000011444092,6.5,254221,6.5,2023-04-24
6.52500009536743,6.55000019073486,6.38500022888184,6.40000009536743,401315,6.40000009536743,2023-04-25
6.44999980926514,6.55000019073486,6.36999988555908,6.5,314130,6.5,2023-04-26
6.46000003814697,6.51000022888184,6.42999982833862,6.48000001907349,282136,6.48000001907349,2023-04-27
6.46000003814697,6.55000019073486,6.40000009536743,6.44999980926514,3048668,6.44999980926514,2023-04-28
6.57000017166138,6.59000015258789,6.46999979019165,6.58500003814697,277608,6.58500003814697,2023-05-02
6.55999994277954,6.57999992370605,6.39499998092651,6.44000005722046,531105,6.44000005722046,2023-05-03
6.3899998664856,6.52500009536743,6.3899998664856,6.52500009536743,520624,6.52500009536743,2023-05-04
6.51999998092651,6.59000015258789,6.47499990463257,6.59000015258789,282649,6.59000015258789,2023-05-05
6.57999992370605,6.57999992370605,6.48000001907349,6.54500007629395,132451,6.54500007629395,2023-05-08
6.51999998092651,6.51999998092651,6.375,6.40000009536743,592580,6.40000009536743,2023-05-09
6.36499977111816,6.40000009536743,6.21999979019165,6.28000020980835,801342,6.28000020980835,2023-05-10
6.28999996185303,6.32499980926514,6.20499992370605,6.28999996185303,847641,6.28999996185303,2023-05-11
6.25,6.36999988555908,6.25,6.36999988555908,542756,6.36999988555908,2023-05-12
6.36999988555908,6.46999979019165,6.31500005722046,6.3600001335144,441928,6.3600001335144,2023-05-15
6.20499992370605,6.68499994277954,6.17000007629395,6.67000007629395,932704,6.67000007629395,2023-05-16
6.63000011444092,6.67999982833862,6.53000020980835,6.63000011444092,259070,6.63000011444092,2023-05-17
6.61999988555908,6.67000007629395,6.51999998092651,6.59999990463257,187811,6.59999990463257,2023-05-18
6.61999988555908,6.75,6.59999990463257,6.75,329594,6.75,2023-05-19
6.67999982833862,6.84000015258789,6.65999984741211,6.78000020980835,453349,6.78000020980835,2023-05-22
6.81500005722046,6.8600001335144,6.73999977111816,6.80499982833862,190472,6.80499982833862,2023-05-23
6.75,6.7649998664856,6.6399998664856,6.68499994277954,205008,6.68499994277954,2023-05-24
6.69999980926514,7.23999977111816,6.69000005722046,7.23000001907349,1224730,7.23000001907349,2023-05-25
7.25,7.65999984741211,7.24499988555908,7.42999982833862,3329590,7.42999982833862,2023-05-26
7.42000007629395,7.67500019073486,7.34999990463257,7.57000017166138,451174,7.57000017166138,2023-05-29
7.52500009536743,7.68499994277954,7.41499996185303,7.65999984741211,863295,7.65999984741211,2023-05-30
7.34999990463257,7.59499979019165,7.22499990463257,7.34999990463257,34443724,7.34999990463257,2023-05-31
7.3600001335144,7.46999979019165,7.26999998092651,7.32999992370605,405937,7.32999992370605,2023-06-01
7.39499998092651,7.51000022888184,7.21000003814697,7.28000020980835,598551,7.28000020980835,2023-06-02
7.28000020980835,7.38500022888184,7.19999980926514,7.19999980926514,388016,7.19999980926514,2023-06-05
7.17500019073486,7.25,7.1100001335144,7.19999980926514,436541,7.19999980926514,2023-06-06
7.2350001335144,7.42999982833862,7.09999990463257,7.28499984741211,415265,7.28499984741211,2023-06-07
7.22499990463257,7.32999992370605,7.21999979019165,7.21999979019165,217015,7.21999979019165,2023-06-08
7.19999980926514,7.28499984741211,7.15000009536743,7.19999980926514,238292,7.19999980926514,2023-06-09
7.19999980926514,7.25500011444092,7.1100001335144,7.14499998092651,251368,7.14499998092651,2023-06-12
7.19000005722046,7.21999979019165,7.07000017166138,7.16499996185303,321531,7.16499996185303,2023-06-13
7.19500017166138,7.23999977111816,7.14499998092651,7.15999984741211,226514,7.15999984741211,2023-06-14
7.17500019073486,7.19500017166138,7.11499977111816,7.17000007629395,249343,7.17000007629395,2023-06-15
7.19500017166138,7.34999990463257,7.19500017166138,7.24499988555908,586904,7.24499988555908,2023-06-16
7.2649998664856,7.2649998664856,7.05499982833862,7.08500003814697,235331,7.08500003814697,2023-06-19
7.07999992370605,7.09499979019165,6.96999979019165,6.9850001335144,308713,6.9850001335144,2023-06-20
6.94999980926514,7.01000022888184,6.84999990463257,6.875,665145,6.875,2023-06-21
6.88000011444092,6.96000003814697,6.71500015258789,6.92000007629395,383885,6.92000007629395,2023-06-22
6.94500017166138,7.18499994277954,6.875,7.17000007629395,369198,7.17000007629395,2023-06-23
7.19000005722046,7.2649998664856,7.13000011444092,7.15999984741211,459384,7.15999984741211,2023-06-26
7.15000009536743,7.17999982833862,6.90500020980835,6.90500020980835,513323,6.90500020980835,2023-06-27
6.90500020980835,7.1100001335144,6.90000009536743,7.07999992370605,332948,7.07999992370605,2023-06-28
7.11499977111816,7.15999984741211,7.05000019073486,7.15999984741211,218979,7.15999984741211,2023-06-29
7.17500019073486,7.23999977111816,7.11499977111816,7.23999977111816,291777,7.23999977111816,2023-06-30
7.25,7.43499994277954,7.19999980926514,7.33500003814697,1176230,7.33500003814697,2023-07-03
7.36999988555908,7.43499994277954,7.30999994277954,7.34000015258789,487708,7.34000015258789,2023-07-04
7.33500003814697,7.46000003814697,7.23999977111816,7.23999977111816,392429,7.23999977111816,2023-07-05
7.25500011444092,7.28999996185303,7.05000019073486,7.09999990463257,420270,7.09999990463257,2023-07-06
7.20499992370605,7.5,7.05999994277954,7.5,537065,7.5,2023-07-07
7.42000007629395,7.67500019073486,7.42000007629395,7.58500003814697,754415,7.58500003814697,2023-07-10
7.55499982833862,7.69999980926514,7.47499990463257,7.5,488094,7.5,2023-07-11
7.48000001907349,7.71000003814697,7.48000001907349,7.69999980926514,637153,7.69999980926514,2023-07-12
7.71000003814697,7.89499998092651,7.71000003814697,7.89499998092651,403687,7.89499998092651,2023-07-13
7.86499977111816,8.02999973297119,7.85500001907349,8,583277,8,2023-07-14
7.97499990463257,8.02000045776367,7.89499998092651,7.91499996185303,212073,7.91499996185303,2023-07-17
7.875,8.0649995803833,7.84999990463257,7.9850001335144,307183,7.9850001335144,2023-07-18
7.9850001335144,8.0649995803833,7.94999980926514,8.01500034332275,300901,8.01500034332275,2023-07-19
7.99499988555908,8.05000019073486,7.8899998664856,7.96000003814697,493439,7.96000003814697,2023-07-20
7.90999984741211,7.92000007629395,7.82000017166138,7.84499979019165,230822,7.84499979019165,2023-07-21
7.80000019073486,7.94999980926514,7.75,7.80000019073486,782803,7.80000019073486,2023-07-24
7.84000015258789,8,7.82999992370605,7.94000005722046,458965,7.94000005722046,2023-07-25
7.95499992370605,8.15499973297119,7.94000005722046,7.97499990463257,331647,7.97499990463257,2023-07-26
8.02499961853027,8.17500019073486,7.94500017166138,8.02499961853027,528617,8.02499961853027,2023-07-27
8,8.27499961853027,8,8.27000045776367,453223,8.27000045776367,2023-07-28
8.25,8.38000011444092,8.21000003814697,8.3100004196167,414263,8.3100004196167,2023-07-31
8.33500003814697,8.39000034332275,8.22500038146973,8.27499961853027,266301,8.27499961853027,2023-08-01
8.15499973297119,8.32499980926514,8.15499973297119,8.22500038146973,202278,8.22500038146973,2023-08-02
8.17500019073486,8.25500011444092,8,8.23999977111816,399773,8.23999977111816,2023-08-03
8.26000022888184,8.26000022888184,8.02499961853027,8.09000015258789,296909,8.09000015258789,2023-08-04
8.05000019073486,8.10000038146973,8.02499961853027,8.05000019073486,124509,8.05000019073486,2023-08-07
8.01000022888184,8.19999980926514,7.99499988555908,8.09500026702881,212018,8.09500026702881,2023-08-08
8.1850004196167,8.23499965667725,7.3600001335144,7.40500020980835,884949,7.40500020980835,2023-08-09
7.46999979019165,7.71999979019165,7.17000007629395,7.61999988555908,761305,7.61999988555908,2023-08-10
7.625,7.625,7.49499988555908,7.55000019073486,377251,7.55000019073486,2023-08-11
7.51000022888184,7.625,7.49499988555908,7.625,354363,7.625,2023-08-14
7.55999994277954,7.65999984741211,7.51000022888184,7.61999988555908,219869,7.61999988555908,2023-08-16
7.59999990463257,7.6399998664856,7.51999998092651,7.55499982833862,270125,7.55499982833862,2023-08-17
7.6100001335144,7.6100001335144,7.44999980926514,7.51000022888184,219763,7.51000022888184,2023-08-18
7.56500005722046,7.56500005722046,7.17999982833862,7.17999982833862,519302,7.17999982833862,2023-08-21
7.19999980926514,7.40000009536743,7.19999980926514,7.30999994277954,460736,7.30999994277954,2023-08-22
7.30999994277954,7.3600001335144,7.2649998664856,7.28999996185303,285044,7.28999996185303,2023-08-23
7.46000003814697,7.61999988555908,7.375,7.39499998092651,567180,7.39499998092651,2023-08-24
7.40000009536743,7.58500003814697,7.24499988555908,7.42999982833862,556998,7.42999982833862,2023-08-25
7.52500009536743,7.61499977111816,7.45499992370605,7.56500005722046,166997,7.56500005722046,2023-08-28
7.59499979019165,7.71500015258789,7.53999996185303,7.67000007629395,260626,7.67000007629395,2023-08-29
7.69999980926514,7.76999998092651,7.56500005722046,7.63000011444092,233527,7.63000011444092,2023-08-30
7.67500019073486,7.84499979019165,7.64499998092651,7.73000001907349,1168125,7.73000001907349,2023-08-31
7.7649998664856,7.90999984741211,7.67500019073486,7.90000009536743,278235,7.90000009536743,2023-09-01
7.89499998092651,7.94000005722046,7.83500003814697,7.85500001907349,145055,7.85500001907349,2023-09-04
7.78999996185303,7.92000007629395,7.73000001907349,7.80000019073486,163173,7.80000019073486,2023-09-05
7.91499996185303,8.05000019073486,7.78499984741211,7.86499977111816,364317,7.86499977111816,2023-09-06
7.84999990463257,7.84999990463257,7.52500009536743,7.58500003814697,384173,7.58500003814697,2023-09-07
7.63500022888184,7.67999982833862,7.42999982833862,7.51000022888184,416433,7.51000022888184,2023-09-08
7.47499990463257,7.6399998664856,7.46999979019165,7.51999998092651,318573,7.51999998092651,2023-09-11
7.5,7.5149998664856,7.3899998664856,7.44500017166138,261960,7.44500017166138,2023-09-12
7.39499998092651,7.42500019073486,7.30000019073486,7.40000009536743,224088,7.40000009536743,2023-09-13
7.42500019073486,7.4850001335144,7.34000015258789,7.42000007629395,181985,7.42000007629395,2023-09-14
7.44999980926514,7.50500011444092,7.36999988555908,7.42500019073486,524762,7.42500019073486,2023-09-15
7.44500017166138,7.5,7.06500005722046,7.13000011444092,663559,7.13000011444092,2023-09-18
7.15500020980835,7.21999979019165,7.05999994277954,7.17500019073486,274725,7.17500019073486,2023-09-19
7.17000007629395,7.39499998092651,7.17000007629395,7.30000019073486,410337,7.30000019073486,2023-09-20
7.19500017166138,7.32000017166138,7.19500017166138,7.30000019073486,705832,7.30000019073486,2023-09-21
7.26000022888184,7.26000022888184,7.10500001907349,7.15500020980835,201892,7.15500020980835,2023-09-22
7.25,7.25,7.05499982833862,7.14499998092651,294989,7.14499998092651,2023-09-25
7.05999994277954,7.17500019073486,7.05499982833862,7.09999990463257,239855,7.09999990463257,2023-09-26
7.09999990463257,7.1399998664856,7.0149998664856,7.03000020980835,381676,7.03000020980835,2023-09-27
7.09999990463257,7.25500011444092,7.01000022888184,7.20499992370605,312589,7.20499992370605,2023-09-28
7.28000020980835,7.55499982833862,7.23000001907349,7.44999980926514,422909,7.44999980926514,2023-09-29
7.43499994277954,7.59499979019165,7.42999982833862,7.5149998664856,463358,7.5149998664856,2023-10-02
7.5149998664856,7.55999994277954,7.30000019073486,7.44999980926514,853653,7.44999980926514,2023-10-03
7.38500022888184,7.44999980926514,7.26999998092651,7.375,490417,7.375,2023-10-04
7.34999990463257,7.3899998664856,7.15000009536743,7.16499996185303,387864,7.16499996185303,2023-10-05
7.19999980926514,7.42000007629395,7.15000009536743,7.25500011444092,437324,7.25500011444092,2023-10-06
7.25,7.32499980926514,7.18499994277954,7.18499994277954,222698,7.18499994277954,2023-10-09
7.19000005722046,7.375,7.19000005722046,7.34000015258789,217985,7.34000015258789,2023-10-10
7.28999996185303,7.40000009536743,7.24499988555908,7.28999996185303,152251,7.28999996185303,2023-10-11
7.32000017166138,7.38500022888184,7.23999977111816,7.30499982833862,157462,7.30499982833862,2023-10-12
7.30000019073486,7.30000019073486,7.16499996185303,7.25,161405,7.25,2023-10-13
7.29500007629395,7.29500007629395,7.09999990463257,7.15000009536743,358120,7.15000009536743,2023-10-16
7.15000009536743,7.18499994277954,6.90000009536743,6.90000009536743,710063,6.90000009536743,2023-10-17
6.8600001335144,6.8899998664856,6.63000011444092,6.75500011444092,1030292,6.75500011444092,2023-10-18
6.80499982833862,7.03000020980835,6.75,6.875,292596,6.875,2023-10-19
6.86999988555908,6.98000001907349,6.80499982833862,6.84999990463257,237772,6.84999990463257,2023-10-20
6.84499979019165,6.94999980926514,6.79500007629395,6.94000005722046,90559,6.94000005722046,2023-10-23
6.92000007629395,7.01000022888184,6.84999990463257,6.96000003814697,166231,6.96000003814697,2023-10-24
6.92500019073486,6.9850001335144,6.75,6.75,137684,6.75,2023-10-25
6.75,6.82999992370605,6.67000007629395,6.7350001335144,211714,6.7350001335144,2023-10-26
6.72499990463257,6.88500022888184,6.69000005722046,6.82499980926514,138177,6.82499980926514,2023-10-27
6.84999990463257,6.92999982833862,6.71999979019165,6.76000022888184,135882,6.76000022888184,2023-10-30
6.84499979019165,6.92000007629395,6.74499988555908,6.875,165287,6.875,2023-10-31
6.90999984741211,7,6.78499984741211,7,286649,7,2023-11-01
7.05999994277954,7.28999996185303,7.05999994277954,7.2350001335144,402450,7.2350001335144,2023-11-02
7.21999979019165,7.30999994277954,7.07999992370605,7.30999994277954,257885,7.30999994277954,2023-11-03
7.38000011444092,7.44999980926514,7.27500009536743,7.42999982833862,253727,7.42999982833862,2023-11-06
7.40000009536743,7.53000020980835,7.35500001907349,7.35500001907349,178678,7.35500001907349,2023-11-07
7.51999998092651,7.78499984741211,7.43499994277954,7.78499984741211,597114,7.78499984741211,2023-11-08
7.7350001335144,7.78999996185303,7.59999990463257,7.67000007629395,361806,7.67000007629395,2023-11-09
7.67000007629395,7.73000001907349,7.55000019073486,7.71500015258789,170760,7.71500015258789,2023-11-10
7.71999979019165,7.84499979019165,7.67000007629395,7.75500011444092,559308,7.75500011444092,2023-11-13
7.76000022888184,7.88000011444092,7.2649998664856,7.75,1151001,7.75,2023-11-14
7.77500009536743,7.83500003814697,7.48999977111816,7.59999990463257,662227,7.59999990463257,2023-11-15
7.54500007629395,7.58500003814697,7.46999979019165,7.5149998664856,266532,7.5149998664856,2023-11-16
7.54500007629395,7.72499990463257,7.54500007629395,7.67999982833862,285297,7.67999982833862,2023-11-17
7.71500015258789,7.79500007629395,7.5,7.78999996185303,199144,7.78999996185303,2023-11-20
7.80000019073486,7.80499982833862,7.57499980926514,7.6100001335144,139532,7.6100001335144,2023-11-21
7.6399998664856,7.69999980926514,7.43499994277954,7.49499988555908,179585,7.49499988555908,2023-11-22
7.5,7.53499984741211,7.375,7.375,168718,7.375,2023-11-23
7.40000009536743,7.46000003814697,7.34999990463257,7.42500019073486,121366,7.42500019073486,2023-11-24
7.39499998092651,7.44999980926514,7.34999990463257,7.34999990463257,151516,7.34999990463257,2023-11-27
7.30499982833862,7.65999984741211,7.30499982833862,7.6399998664856,207619,7.6399998664856,2023-11-28
7.66499996185303,7.82499980926514,7.625,7.81500005722046,176725,7.81500005722046,2023-11-29
7.77500009536743,7.86499977111816,7.625,7.86499977111816,256545,7.86499977111816,2023-11-30
7.83500003814697,7.8600001335144,7.76000022888184,7.78499984741211,190934,7.78499984741211,2023-12-01
7.75500011444092,7.75500011444092,7.46000003814697,7.46000003814697,151178,7.46000003814697,2023-12-04
7.46000003814697,7.55499982833862,7.40999984741211,7.44000005722046,235511,7.44000005722046,2023-12-05
7.4850001335144,7.53000020980835,7.36499977111816,7.39499998092651,83163,7.39499998092651,2023-12-06
7.40999984741211,7.4850001335144,7.36999988555908,7.48000001907349,145573,7.48000001907349,2023-12-07
7.44000005722046,7.51000022888184,7.40000009536743,7.51000022888184,152867,7.51000022888184,2023-12-08
7.53000020980835,7.6100001335144,7.46000003814697,7.6100001335144,164200,7.6100001335144,2023-12-11
7.63500022888184,7.68499994277954,7.54500007629395,7.68499994277954,148542,7.68499994277954,2023-12-12
7.58500003814697,7.8899998664856,7.45499992370605,7.86999988555908,376603,7.86999988555908,2023-12-13
7.92999982833862,8.1899995803833,7.80000019073486,7.83500003814697,554483,7.83500003814697,2023-12-14
7.84000015258789,8.39999961853027,7.82000017166138,8.36999988555908,876137,8.36999988555908,2023-12-15
8.30000019073486,8.48999977111816,8.02999973297119,8.22000026702881,439722,8.22000026702881,2023-12-18
8.1850004196167,8.53999996185303,8.1850004196167,8.35000038146973,278739,8.35000038146973,2023-12-19
8.39000034332275,8.47999954223633,8.29500007629395,8.47999954223633,159520,8.47999954223633,2023-12-20
8.40499973297119,8.56999969482422,8.32499980926514,8.44999980926514,191589,8.44999980926514,2023-12-21
8.44999980926514,8.48999977111816,8.24499988555908,8.47000026702881,114485,8.47000026702881,2023-12-22
8.58500003814697,8.8149995803833,8.52499961853027,8.69999980926514,246017,8.69999980926514,2023-12-27
8.82499980926514,8.86999988555908,8.64999961853027,8.75,274534,8.75,2023-12-28
8.74499988555908,8.75,8.64500045776367,8.64500045776367,105073,8.64500045776367,2023-12-29
8.65499973297119,8.72999954223633,8.45499992370605,8.53499984741211,147309,8.53499984741211,2024-01-02
8.51500034332275,8.55000019073486,8.30000019073486,8.38000011444092,216563,8.38000011444092,2024-01-03
8.41499996185303,8.55000019073486,8.30000019073486,8.44499969482422,171407,8.44499969482422,2024-01-04
8.34500026702881,8.60000038146973,8.30000019073486,8.5600004196167,137911,8.5600004196167,2024-01-05
8.52499961853027,8.64000034332275,8.44999980926514,8.64000034332275,130929,8.64000034332275,2024-01-08
8.60999965667725,8.69499969482422,8.42000007629395,8.55000019073486,234438,8.55000019073486,2024-01-09
8.53999996185303,8.60000038146973,8.36999988555908,8.36999988555908,141292,8.36999988555908,2024-01-10
8.43000030517578,8.5,8.35999965667725,8.35999965667725,103836,8.35999965667725,2024-01-11
8.43000030517578,8.48999977111816,8.35499954223633,8.42500019073486,101774,8.42500019073486,2024-01-12
8.51000022888184,8.53999996185303,8.4350004196167,8.44999980926514,140041,8.44999980926514,2024-01-15
8.39999961853027,8.60999965667725,8.39000034332275,8.5600004196167,142893,8.5600004196167,2024-01-16
8.47000026702881,8.5600004196167,8.39500045776367,8.42000007629395,132486,8.42000007629395,2024-01-17
8.5,8.52499961853027,8.40999984741211,8.44999980926514,107323,8.44999980926514,2024-01-18
8.5,8.51000022888184,8.4350004196167,8.44999980926514,174600,8.44999980926514,2024-01-19
8.5,9.14999961853027,8.47999954223633,9.14999961853027,589565,9.14999961853027,2024-01-22
9.14999961853027,9.28499984741211,9.05000019073486,9.28499984741211,456676,9.28499984741211,2024-01-23
9.30000019073486,9.89000034332275,9.29500007629395,9.6850004196167,886839,9.6850004196167,2024-01-24
9.61499977111816,9.84500026702881,9.48999977111816,9.72500038146973,469389,9.72500038146973,2024-01-25
9.64500045776367,9.67000007629395,9.39999961853027,9.39999961853027,441368,9.39999961853027,2024-01-26
9.39999961853027,9.55000019073486,8.89999961853027,9.10000038146973,492501,9.10000038146973,2024-01-29
9.0600004196167,9.57499980926514,9.0600004196167,9.27999973297119,223445,9.27999973297119,2024-01-30
9.42000007629395,9.4350004196167,9.19999980926514,9.22500038146973,194564,9.22500038146973,2024-01-31
9.16499996185303,9.34500026702881,9.05500030517578,9.11999988555908,163013,9.11999988555908,2024-02-01
9.1899995803833,9.38000011444092,9.02000045776367,9.30000019073486,198870,9.30000019073486,2024-02-02
9.44999980926514,9.44999980926514,9.26500034332275,9.3100004196167,117724,9.3100004196167,2024-02-05
9.36999988555908,9.65999984741211,9.26000022888184,9.5,244835,9.5,2024-02-06
9.53499984741211,9.72999954223633,9.39000034332275,9.70499992370605,164905,9.70499992370605,2024-02-07
9.69499969482422,9.86999988555908,9.64999961853027,9.76000022888184,163399,9.76000022888184,2024-02-08
9.79500007629395,9.81999969482422,9.625,9.69999980926514,116582,9.69999980926514,2024-02-09
9.72999954223633,9.84000015258789,9.64000034332275,9.72500038146973,179911,9.72500038146973,2024-02-12
9.65499973297119,9.6850004196167,8.92500019073486,9.22999954223633,585900,9.22999954223633,2024-02-13
9.23999977111816,9.42000007629395,9.14999961853027,9.34000015258789,232728,9.34000015258789,2024-02-14
9.36499977111816,9.4399995803833,9.3100004196167,9.34000015258789,168840,9.34000015258789,2024-02-15
9.43000030517578,9.47999954223633,9.35499954223633,9.47999954223633,174559,9.47999954223633,2024-02-16
9.4350004196167,9.45499992370605,9.26000022888184,9.26000022888184,197007,9.26000022888184,2024-02-19
9.26000022888184,9.32499980926514,9.03999996185303,9.13500022888184,244322,9.13500022888184,2024-02-20
9,9.05000019073486,8.26000022888184,8.88500022888184,1005155,8.88500022888184,2024-02-21
9.27000045776367,9.57999992370605,9.22000026702881,9.3149995803833,544163,9.3149995803833,2024-02-22
9.39500045776367,9.40999984741211,9.21000003814697,9.34000015258789,215810,9.34000015258789,2024-02-23
9.35499954223633,9.64500045776367,9.34000015258789,9.4350004196167,327808,9.4350004196167,2024-02-26
9.46500015258789,9.59000015258789,9.30000019073486,9.57999992370605,219206,9.57999992370605,2024-02-27
9.55500030517578,9.55500030517578,9.21000003814697,9.27000045776367,178623,9.27000045776367,2024-02-28
9.27000045776367,9.43000030517578,9.10999965667725,9.29500007629395,469345,9.29500007629395,2024-02-29
9.34500026702881,9.59500026702881,9.3100004196167,9.45499992370605,500797,9.45499992370605,2024-03-01
9.56999969482422,9.77999973297119,9.40499973297119,9.40499973297119,276605,9.40499973297119,2024-03-04
9.42500019073486,9.52499961853027,9.33500003814697,9.38500022888184,258506,9.38500022888184,2024-03-05
9.35000038146973,9.51500034332275,9.26500034332275,9.36499977111816,251950,9.36499977111816,2024-03-06
9.29500007629395,9.44499969482422,9.26000022888184,9.34500026702881,264239,9.34500026702881,2024-03-07
9.28999996185303,9.4350004196167,9,9,287375,9,2024-03-08
8.94999980926514,8.98499965667725,8.44999980926514,8.5,633526,8.5,2024-03-11
8.57499980926514,8.67000007629395,8.45499992370605,8.64500045776367,471827,8.64500045776367,2024-03-12
8.67500019073486,8.78499984741211,8.55500030517578,8.60000038146973,370193,8.60000038146973,2024-03-13
8.68000030517578,8.77000045776367,8.41499996185303,8.41499996185303,337985,8.41499996185303,2024-03-14
8.25,8.61999988555908,8.25,8.39999961853027,6107965,8.39999961853027,2024-03-15
8.36999988555908,8.48999977111816,8.30000019073486,8.32499980926514,243758,8.32499980926514,2024-03-18
8.34000015258789,8.35999965667725,8.05000019073486,8.05000019073486,303239,8.05000019073486,2024-03-19
8.02999973297119,8.15999984741211,8.01000022888184,8.14000034332275,321627,8.14000034332275,2024-03-20
8.20499992370605,8.36499977111816,8.10000038146973,8.36499977111816,375632,8.36499977111816,2024-03-21
8.39000034332275,8.46000003814697,8.27499961853027,8.39999961853027,266656,8.39999961853027,2024-03-22
8.36499977111816,8.44999980926514,8.25500011444092,8.42500019073486,142530,8.42500019073486,2024-03-25
8.375,8.4350004196167,8.28999996185303,8.39999961853027,118525,8.39999961853027,2024-03-26
8.36999988555908,8.55500030517578,8.36999988555908,8.47999954223633,163155,8.47999954223633,2024-03-27
8.50500011444092,8.50500011444092,8.39500045776367,8.42000007629395,106437,8.42000007629395,2024-03-28
8.47500038146973,8.60999965667725,8.4350004196167,8.45499992370605,254250,8.45499992370605,2024-04-02
8.49499988555908,8.51500034332275,8.10499954223633,8.21000003814697,395931,8.21000003814697,2024-04-03
8.19499969482422,8.42500019073486,8.1899995803833,8.39999961853027,174252,8.39999961853027,2024-04-04
8.29500007629395,8.46000003814697,8.19999980926514,8.39500045776367,193973,8.39500045776367,2024-04-05
8.42000007629395,8.55000019073486,8.42000007629395,8.53499984741211,110986,8.53499984741211,2024-04-08
8.49499988555908,8.52499961853027,8.30500030517578,8.35999965667725,112764,8.35999965667725,2024-04-09
8.36499977111816,8.45499992370605,8.20499992370605,8.33500003814697,140332,8.33500003814697,2024-04-10
8.27499961853027,8.39500045776367,8.27499961853027,8.3100004196167,162204,8.3100004196167,2024-04-11
8.39000034332275,8.46500015258789,8.14000034332275,8.14500045776367,167609,8.14500045776367,2024-04-12
8.10999965667725,8.52999973297119,8.10999965667725,8.40499973297119,245077,8.40499973297119,2024-04-15
8.26500034332275,8.44499969482422,8.15999984741211,8.39000034332275,193891,8.39000034332275,2024-04-16
8.25,8.32999992370605,8.02000045776367,8.08500003814697,322697,8.08500003814697,2024-04-17
8.10999965667725,8.125,7.67999982833862,7.67999982833862,335120,7.67999982833862,2024-04-18
7.54500007629395,7.65500020980835,7.45499992370605,7.45499992370605,230182,7.45499992370605,2024-04-19
7.5,7.52500009536743,7.30000019073486,7.30000019073486,211219,7.30000019073486,2024-04-22
7.39499998092651,7.54500007629395,7.39499998092651,7.48999977111816,231972,7.48999977111816,2024-04-23
7.63500022888184,7.80999994277954,7.53000020980835,7.59999990463257,403456,7.59999990463257,2024-04-24
7.55999994277954,7.63000011444092,7.47499990463257,7.50500011444092,445162,7.50500011444092,2024-04-25
7.59000015258789,7.72499990463257,7.55000019073486,7.63000011444092,123166,7.63000011444092,2024-04-26
7.65999984741211,7.81500005722046,7.50500011444092,7.55000019073486,129908,7.55000019073486,2024-04-29
7.61499977111816,7.625,7.41499996185303,7.50500011444092,141003,7.50500011444092,2024-04-30
7.49499988555908,7.59999990463257,7.44000005722046,7.55499982833862,273821,7.55499982833862,2024-05-02
7.57999992370605,7.75500011444092,7.57999992370605,7.63500022888184,138143,7.63500022888184,2024-05-03
7.61499977111816,7.76000022888184,7.55999994277954,7.75,151377,7.75,2024-05-06
7.7649998664856,7.92999982833862,7.7649998664856,7.8899998664856,145972,7.8899998664856,2024-05-07
7.88000011444092,7.88000011444092,7.69999980926514,7.82000017166138,142717,7.82000017166138,2024-05-08
7.86499977111816,7.875,7.7649998664856,7.82999992370605,89953,7.82999992370605,2024-05-09
7.90000009536743,7.92500019073486,7.84499979019165,7.90000009536743,110199,7.90000009536743,2024-05-10
7.92999982833862,7.92999982833862,7.7350001335144,7.7350001335144,91841,7.7350001335144,2024-05-13
7.77500009536743,7.8600001335144,7.57000017166138,7.69999980926514,256267,7.69999980926514,2024-05-14
7.78000020980835,8.88500022888184,7.78000020980835,8.79500007629395,1254821,8.79500007629395,2024-05-15
8.79500007629395,8.89000034332275,8.63000011444092,8.63000011444092,327914,8.63000011444092,2024-05-16
8.60000038146973,8.72000026702881,8.55500030517578,8.55500030517578,133718,8.55500030517578,2024-05-17
8.55500030517578,8.69999980926514,8.55000019073486,8.69499969482422,148972,8.69499969482422,2024-05-20
8.73999977111816,8.77499961853027,8.56999969482422,8.67500019073486,151414,8.67500019073486,2024-05-21
8.69499969482422,8.88000011444092,8.6850004196167,8.8100004196167,262091,8.8100004196167,2024-05-22
8.93000030517578,9.36999988555908,8.88000011444092,9.15499973297119,616175,9.15499973297119,2024-05-23
9.11499977111816,9.13000011444092,8.9350004196167,9.01000022888184,147578,9.01000022888184,2024-05-24
8.95499992370605,9.22000026702881,8.84500026702881,9.10999965667725,91646,9.10999965667725,2024-05-27
9.17500019073486,9.39999961853027,9.11499977111816,9.29500007629395,379006,9.29500007629395,2024-05-28
9.30000019073486,9.36499977111816,9.01500034332275,9.07499980926514,207714,9.07499980926514,2024-05-29
9.03999996185303,9.20499992370605,9,9.09000015258789,110218,9.09000015258789,2024-05-30
9.03999996185303,9.24499988555908,8.92000007629395,9.10000038146973,346155,9.10000038146973,2024-05-31
9.19999980926514,9.23999977111816,9.05500030517578,9.14000034332275,106263,9.14000034332275,2024-06-03
9.11499977111816,9.18000030517578,9.05000019073486,9.05000019073486,102478,9.05000019073486,2024-06-04
9.07999992370605,9.39999961853027,9.06999969482422,9.39999961853027,212273,9.39999961853027,2024-06-05
9.4399995803833,9.78999996185303,9.4399995803833,9.72999954223633,453065,9.72999954223633,2024-06-06
9.64999961853027,9.875,9.63500022888184,9.69999980926514,215242,9.69999980926514,2024-06-07
9.75500011444092,9.75500011444092,9.44499969482422,9.69999980926514,151365,9.69999980926514,2024-06-10
9.66499996185303,9.77999973297119,9.55500030517578,9.5600004196167,88105,9.5600004196167,2024-06-11
9.63500022888184,9.72000026702881,9.57499980926514,9.64999961853027,188533,9.64999961853027,2024-06-12
9.625,9.73999977111816,9.44999980926514,9.47999954223633,154824,9.47999954223633,2024-06-13
9.49499988555908,9.52499961853027,9.19999980926514,9.30500030517578,166617,9.30500030517578,2024-06-14
9.40499973297119,9.47999954223633,9.25500011444092,9.35000038146973,136863,9.35000038146973,2024-06-17
9.5600004196167,9.60499954223633,9.36999988555908,9.55500030517578,124897,9.55500030517578,2024-06-18
9.54500007629395,9.5600004196167,9.33500003814697,9.39000034332275,157227,9.39000034332275,2024-06-19
9.56999969482422,9.75,9.27999973297119,9.5,176694,9.5,2024-06-20
9.46000003814697,9.5600004196167,9.35000038146973,9.48999977111816,273106,9.48999977111816,2024-06-21
9.43000030517578,9.5649995803833,9.35499954223633,9.44999980926514,111128,9.44999980926514,2024-06-24
9.41499996185303,9.47000026702881,9.23999977111816,9.43000030517578,112549,9.43000030517578,2024-06-25
9.38000011444092,9.52000045776367,9.23999977111816,9.32499980926514,106919,9.32499980926514,2024-06-26
9.39999961853027,9.40499973297119,9,9.1899995803833,216006,9.1899995803833,2024-06-27
9.19499969482422,9.32999992370605,9.19499969482422,9.19999980926514,116943,9.19999980926514,2024-06-28
9.28999996185303,9.36499977111816,8.96000003814697,9.0600004196167,134823,9.0600004196167,2024-07-01
9.14500045776367,9.4399995803833,9.07999992370605,9.20499992370605,332938,9.20499992370605,2024-07-02
9.31999969482422,9.4350004196167,9.21000003814697,9.21000003814697,221287,9.21000003814697,2024-07-03
9.30500030517578,9.35999965667725,9.26500034332275,9.27000045776367,197421,9.27000045776367,2024-07-04
9.27000045776367,9.54500007629395,9.27000045776367,9.28999996185303,342257,9.28999996185303,2024-07-05
9.26500034332275,9.65499973297119,9.26500034332275,9.5,144935,9.5,2024-07-08
9.44499969482422,9.52999973297119,9.28499984741211,9.36999988555908,165405,9.36999988555908,2024-07-09
9.44499969482422,9.51500034332275,9.39999961853027,9.47500038146973,111391,9.47500038146973,2024-07-10
9.51000022888184,9.60000038146973,9.4399995803833,9.5,272223,9.5,2024-07-11
9.48499965667725,9.5,9.3100004196167,9.3100004196167,193636,9.3100004196167,2024-07-12
9.27999973297119,9.40999984741211,9.19999980926514,9.30000019073486,158073,9.30000019073486,2024-07-15
9.22999954223633,9.45499992370605,9.22999954223633,9.30000019073486,135794,9.30000019073486,2024-07-16
9.30500030517578,9.31999969482422,8.82499980926514,8.82499980926514,381541,8.82499980926514,2024-07-17
8.80000019073486,9.06999969482422,8.79500007629395,8.98999977111816,276468,8.98999977111816,2024-07-18
9.00500011444092,9.0600004196167,8.80000019073486,8.80000019073486,269501,8.80000019073486,2024-07-19
8.77999973297119,8.90499973297119,8.77000045776367,8.83500003814697,151521,8.83500003814697,2024-07-22
8.92000007629395,8.92000007629395,8.75,8.75,177032,8.75,2024-07-23
8.74499988555908,8.77999973297119,8.55000019073486,8.63000011444092,221668,8.63000011444092,2024-07-24
8.52000045776367,8.5600004196167,8.0600004196167,8.14999961853027,433117,8.14999961853027,2024-07-25
8.14999961853027,8.36999988555908,8.13000011444092,8.30000019073486,358803,8.30000019073486,2024-07-26
8.47000026702881,8.47000026702881,8.21500015258789,8.22999954223633,169796,8.22999954223633,2024-07-29
8.28999996185303,8.46000003814697,8.19999980926514,8.28499984741211,170115,8.28499984741211,2024-07-30
8.39000034332275,8.59500026702881,8.34500026702881,8.40999984741211,264012,8.40999984741211,2024-07-31
8.4350004196167,8.47999954223633,8.30000019073486,8.39999961853027,222838,8.39999961853027,2024-08-01
8.39999961853027,8.39999961853027,7.94000005722046,8.02499961853027,428491,8.02499961853027,2024-08-02
7.75,8.02499961853027,7.40000009536743,8.02499961853027,358181,8.02499961853027,2024-08-05
8.35499954223633,8.35499954223633,7.90000009536743,8.00500011444092,183512,8.00500011444092,2024-08-06
8.26500034332275,8.26500034332275,7.99499988555908,8.21000003814697,146982,8.21000003814697,2024-08-07
8.26500034332275,8.26500034332275,7.17000007629395,7.34499979019165,678927,7.34499979019165,2024-08-08
7.72499990463257,7.72499990463257,7.13000011444092,7.15500020980835,721139,7.15500020980835,2024-08-09
7.16499996185303,7.2350001335144,7.05499982833862,7.2350001335144,566407,7.2350001335144,2024-08-12
7.2350001335144,7.25500011444092,7.07000017166138,7.11999988555908,376541,7.11999988555908,2024-08-13
7.09499979019165,7.24499988555908,7.09499979019165,7.17000007629395,219736,7.17000007629395,2024-08-14
7.30000019073486,7.36999988555908,7.19999980926514,7.22499990463257,295559,7.22499990463257,2024-08-16
7.25,7.32499980926514,7.19999980926514,7.2350001335144,184820,7.2350001335144,2024-08-19
7.28999996185303,7.38000011444092,7.15500020980835,7.17999982833862,257242,7.17999982833862,2024-08-20
7.32499980926514,7.44000005722046,7.21000003814697,7.44000005722046,214756,7.44000005722046,2024-08-21
7.42000007629395,7.52500009536743,7.39499998092651,7.40500020980835,192820,7.40500020980835,2024-08-22
7.36999988555908,7.4850001335144,7.32499980926514,7.38000011444092,182902,7.38000011444092,2024-08-23
7.40000009536743,7.49499988555908,7.34499979019165,7.36499977111816,113936,7.36499977111816,2024-08-26
7.51000022888184,7.51000022888184,7.30499982833862,7.30999994277954,161279,7.30999994277954,2024-08-27
7.30999994277954,7.40000009536743,7.28000020980835,7.28000020980835,180961,7.28000020980835,2024-08-28
7.28000020980835,7.55000019073486,7.23999977111816,7.48000001907349,231788,7.48000001907349,2024-08-29
7.4850001335144,7.61999988555908,7.44500017166138,7.46999979019165,544968,7.46999979019165,2024-08-30
7.55999994277954,7.625,7.40999984741211,7.42000007629395,133333,7.42000007629395,2024-09-02
7.42999982833862,7.4850001335144,7,7.09499979019165,365710,7.09499979019165,2024-09-03
6.97499990463257,7.05499982833862,6.72499990463257,6.875,782142,6.875,2024-09-04
6.80000019073486,6.82999992370605,6.6100001335144,6.6100001335144,522045,6.6100001335144,2024-09-05
6.73999977111816,6.73999977111816,6.38500022888184,6.38500022888184,618370,6.38500022888184,2024-09-06
6.49499988555908,6.59000015258789,6.375,6.44000005722046,447688,6.44000005722046,2024-09-09
6.48000001907349,6.53999996185303,6.42999982833862,6.5,367470,6.5,2024-09-10
6.59000015258789,6.6399998664856,6.47499990463257,6.47499990463257,282470,6.47499990463257,2024-09-11
6.59000015258789,6.67000007629395,6.47499990463257,6.5,604151,6.5,2024-09-12
6.5149998664856,6.65999984741211,6.50500011444092,6.57000017166138,342067,6.57000017166138,2024-09-13
6.59999990463257,6.61499977111816,6.30000019073486,6.30000019073486,462742,6.30000019073486,2024-09-16
6.30000019073486,6.47499990463257,6.28999996185303,6.41499996185303,325423,6.41499996185303,2024-09-17
6.41499996185303,6.41499996185303,6.26999998092651,6.28000020980835,627075,6.28000020980835,2024-09-18
6.32000017166138,6.57999992370605,6.32000017166138,6.53499984741211,448518,6.53499984741211,2024-09-19
6.48999977111816,6.53999996185303,6.30000019073486,6.30000019073486,743866,6.30000019073486,2024-09-20
6.34499979019165,6.3600001335144,6.25,6.28499984741211,328354,6.28499984741211,2024-09-23
6.35500001907349,6.48000001907349,6.27500009536743,6.28000020980835,543079,6.28000020980835,2024-09-24
6.26000022888184,6.375,6.19999980926514,6.34999990463257,359680,6.34999990463257,2024-09-25
6.46999979019165,6.59999990463257,6.375,6.375,622125,6.375,2024-09-26
6.43499994277954,6.5,6.39499998092651,6.46999979019165,298334,6.46999979019165,2024-09-27
6.5,6.5,6.30999994277954,6.30999994277954,274672,6.30999994277954,2024-09-30
6.30999994277954,6.42000007629395,6.18499994277954,6.18499994277954,373894,6.18499994277954,2024-10-01
6.2350001335144,6.26999998092651,6.07000017166138,6.23000001907349,701711,6.23000001907349,2024-10-02
6.21500015258789,6.2350001335144,5.9850001335144,6.04500007629395,444629,6.04500007629395,2024-10-03
6.04500007629395,6.10500001907349,6,6.09999990463257,462930,6.09999990463257,2024-10-04
6.09999990463257,6.13500022888184,5.95499992370605,6.01000022888184,530052,6.01000022888184,2024-10-07
5.92000007629395,5.93499994277954,5.70499992370605,5.90000009536743,1412220,5.90000009536743,2024-10-08
5.92000007629395,5.96000003814697,5.82499980926514,5.92500019073486,446197,5.92500019073486,2024-10-09
5.86999988555908,5.96999979019165,5.82000017166138,5.84499979019165,510516,5.84499979019165,2024-10-10
5.84999990463257,5.96999979019165,5.84000015258789,5.88000011444092,611266,5.88000011444092,2024-10-11
5.8600001335144,6.09499979019165,5.8600001335144,6.07000017166138,437588,6.07000017166138,2024-10-14
6.07499980926514,6.24499988555908,5.82000017166138,5.95499992370605,798643,5.95499992370605,2024-10-15
5.92000007629395,6.07999992370605,5.88500022888184,6.05999994277954,528117,6.05999994277954,2024-10-16
6.09999990463257,6.14499998092651,5.98999977111816,6.02500009536743,482545,6.02500009536743,2024-10-17
6.05999994277954,6.33500003814697,6.05499982833862,6.26000022888184,692627,6.26000022888184,2024-10-18
6.30000019073486,6.40000009536743,6.22499990463257,6.22499990463257,242835,6.22499990463257,2024-10-21
6.2350001335144,6.36499977111816,6.2350001335144,6.32499980926514,246620,6.32499980926514,2024-10-22
6.39499998092651,6.48000001907349,6.31500005722046,6.34499979019165,252714,6.34499979019165,2024-10-23
6.32999992370605,6.45499992370605,6.30499982833862,6.375,699426,6.375,2024-10-24
6.3600001335144,6.44500017166138,6.3600001335144,6.375,220357,6.375,2024-10-25
6.41499996185303,6.5149998664856,6.38000011444092,6.47499990463257,298778,6.47499990463257,2024-10-28
6.51999998092651,6.51999998092651,6.39499998092651,6.5,205806,6.5,2024-10-29
6.5,6.5,6.24499988555908,6.25,421656,6.25,2024-10-30
6.25500011444092,6.28999996185303,6.19000005722046,6.23000001907349,252719,6.23000001907349,2024-10-31
6.21999979019165,6.25,6.11999988555908,6.19999980926514,200308,6.19999980926514,2024-11-01
6.19999980926514,6.29500007629395,6.15999984741211,6.19999980926514,146134,6.19999980926514,2024-11-04
6.23000001907349,6.3899998664856,6.21000003814697,6.3899998664856,157235,6.3899998664856,2024-11-05
6.48000001907349,6.80000019073486,6.44000005722046,6.51999998092651,632960,6.51999998092651,2024-11-06
6.65500020980835,6.66499996185303,6.53000020980835,6.59999990463257,228521,6.59999990463257,2024-11-07
6.65999984741211,6.84999990463257,6.625,6.65000009536743,412227,6.65000009536743,2024-11-08
6.69000005722046,6.82999992370605,6.57000017166138,6.57000017166138,396882,6.57000017166138,2024-11-11
6.53000020980835,6.6399998664856,6.48999977111816,6.50500011444092,313302,6.50500011444092,2024-11-12
6.5,6.6100001335144,5.80499982833862,6.26000022888184,1090655,6.26000022888184,2024-11-13
6.22499990463257,6.38000011444092,6.17999982833862,6.29500007629395,345235,6.29500007629395,2024-11-14
6.20499992370605,6.20499992370605,5.93499994277954,5.9850001335144,556979,5.9850001335144,2024-11-15
5.96500015258789,6.03000020980835,5.84999990463257,5.92500019073486,326437,5.92500019073486,2024-11-18
5.90500020980835,6.01999998092651,5.86499977111816,5.96999979019165,197682,5.96999979019165,2024-11-19
5.98999977111816,6.11499977111816,5.90999984741211,5.90999984741211,401202,5.90999984741211,2024-11-20
5.90999984741211,5.92999982833862,5.80000019073486,5.80000019073486,329823,5.80000019073486,2024-11-21
5.86499977111816,5.98000001907349,5.84999990463257,5.92500019073486,253341,5.92500019073486,2024-11-22
5.98000001907349,6.05000019073486,5.90999984741211,6.01999998092651,489244,6.01999998092651,2024-11-25
6.0149998664856,6.03000020980835,5.92500019073486,5.96500015258789,368336,5.96500015258789,2024-11-26
5.96500015258789,5.96999979019165,5.83500003814697,5.83500003814697,377031,5.83500003814697,2024-11-27
5.89499998092651,5.94500017166138,5.82000017166138,5.82000017166138,139110,5.82000017166138,2024-11-28
5.84999990463257,5.84999990463257,5.75,5.84999990463257,330111,5.84999990463257,2024-11-29
5.84499979019165,5.84499979019165,5.76999998092651,5.80000019073486,191621,5.80000019073486,2024-12-02
5.80999994277954,5.90000009536743,5.75,5.85500001907349,349448,5.85500001907349,2024-12-03
5.90000009536743,5.98000001907349,5.85500001907349,5.90999984741211,253626,5.90999984741211,2024-12-04
5.91499996185303,5.91499996185303,5.78499984741211,5.84499979019165,280085,5.84499979019165,2024-12-05
5.84499979019165,5.8600001335144,5.80000019073486,5.8600001335144,175984,5.8600001335144,2024-12-06
5.8899998664856,5.8899998664856,5.75,5.79500007629395,283142,5.79500007629395,2024-12-09
5.78999996185303,5.95499992370605,5.76999998092651,5.92000007629395,292294,5.92000007629395,2024-12-10
5.92000007629395,5.94500017166138,5.8899998664856,5.92500019073486,166010,5.92500019073486,2024-12-11
5.90500020980835,6.03000020980835,5.90000009536743,5.98000001907349,249899,5.98000001907349,2024-12-12
5.98999977111816,6.17500019073486,5.98000001907349,6.125,363012,6.125,2024-12-13
6.11999988555908,6.11999988555908,5.96999979019165,5.9850001335144,187859,5.9850001335144,2024-12-16
5.99499988555908,6.10500001907349,5.83500003814697,5.83500003814697,472910,5.83500003814697,2024-12-17
5.88500022888184,5.94999980926514,5.65999984741211,5.91499996185303,571756,5.91499996185303,2024-12-18
5.84000015258789,5.84000015258789,5.56500005722046,5.69500017166138,564549,5.69500017166138,2024-12-19
5.65000009536743,5.79500007629395,5.65000009536743,5.79500007629395,337215,5.79500007629395,2024-12-20
5.72499990463257,5.76999998092651,5.69999980926514,5.71999979019165,119120,5.71999979019165,2024-12-23
5.75,5.80499982833862,5.69999980926514,5.75500011444092,212896,5.75500011444092,2024-12-27
5.76999998092651,5.76999998092651,5.68499994277954,5.74499988555908,188293,5.74499988555908,2024-12-30
5.77500009536743,5.79500007629395,5.69999980926514,5.75500011444092,119977,5.75500011444092,2025-01-02
5.76000022888184,5.76999998092651,5.66499996185303,5.70499992370605,185761,5.70499992370605,2025-01-03
5.73000001907349,6.15999984741211,5.73000001907349,6.13500022888184,586126,6.13500022888184,2025-01-06
6.19000005722046,6.59499979019165,6.03000020980835,6.59499979019165,1339727,6.59499979019165,2025-01-07
6.51999998092651,6.53999996185303,6.17000007629395,6.17000007629395,503976,6.17000007629395,2025-01-08
6.13500022888184,6.15999984741211,5.96999979019165,6.05999994277954,382351,6.05999994277954,2025-01-09
6.05000019073486,6.1100001335144,5.95499992370605,5.98000001907349,167379,5.98000001907349,2025-01-10
5.96000003814697,5.96000003814697,5.80999994277954,5.84000015258789,233234,5.84000015258789,2025-01-13
6.03000020980835,6.05499982833862,5.84000015258789,5.84000015258789,527505,5.84000015258789,2025-01-14
5.89499998092651,5.95499992370605,5.80000019073486,5.86499977111816,278416,5.86499977111816,2025-01-15
5.96999979019165,6.30999994277954,5.92500019073486,6.30000019073486,1038216,6.30000019073486,2025-01-16
6.30999994277954,6.46999979019165,6.27500009536743,6.44000005722046,707467,6.44000005722046,2025-01-17
6.42000007629395,6.43499994277954,6.26999998092651,6.32999992370605,528224,6.32999992370605,2025-01-20
6.34999990463257,6.44000005722046,6.28999996185303,6.34499979019165,353342,6.34499979019165,2025-01-21
6.3899998664856,6.63500022888184,6.3600001335144,6.57999992370605,428483,6.57999992370605,2025-01-22
6.59999990463257,6.59999990463257,6.44000005722046,6.49499988555908,461326,6.49499988555908,2025-01-23
6.51999998092651,6.57999992370605,6.44999980926514,6.46999979019165,289452,6.46999979019165,2025-01-24
6.36999988555908,6.40000009536743,6.01999998092651,6.2350001335144,882430,6.2350001335144,2025-01-27
6.26000022888184,6.26000022888184,6.00500011444092,6.03000020980835,388741,6.03000020980835,2025-01-28
6.21999979019165,6.26999998092651,5.96000003814697,5.96000003814697,450280,5.96000003814697,2025-01-29
6.05000019073486,6.07499980926514,5.92500019073486,5.98999977111816,385933,5.98999977111816,2025-01-30
6.03999996185303,6.11999988555908,6.0149998664856,6.1100001335144,208710,6.1100001335144,2025-01-31
5.92999982833862,6.0149998664856,5.82499980926514,5.98999977111816,425258,5.98999977111816,2025-02-03
6.01000022888184,6.20499992370605,5.98999977111816,6.20499992370605,423786,6.20499992370605,2025-02-04
6.19999980926514,6.33500003814697,6.09000015258789,6.25500011444092,478292,6.25500011444092,2025-02-05
6.26999998092651,6.27500009536743,6.02500009536743,6.03999996185303,579545,6.03999996185303,2025-02-06
6.09999990463257,6.1399998664856,6.04500007629395,6.09999990463257,341121,6.09999990463257,2025-02-07
6.17999982833862,6.25500011444092,6.1100001335144,6.25500011444092,245208,6.25500011444092,2025-02-10
6.17999982833862,6.34499979019165,6.17999982833862,6.34000015258789,294700,6.34000015258789,2025-02-11
6.34999990463257,6.34999990463257,6.21000003814697,6.26999998092651,170831,6.26999998092651,2025-02-12
6.2350001335144,6.34999990463257,6.18499994277954,6.20499992370605,183380,6.20499992370605,2025-02-13
6.26999998092651,6.34000015258789,6.17500019073486,6.23000001907349,1264147,6.23000001907349,2025-02-14
6.19999980926514,6.29500007629395,6.19999980926514,6.23000001907349,146983,6.23000001907349,2025-02-17
6.28000020980835,6.28000020980835,6.15999984741211,6.2350001335144,207475,6.2350001335144,2025-02-18
6.26999998092651,6.55000019073486,6.25,6.3899998664856,1010807,6.3899998664856,2025-02-19
6.34000015258789,6.42999982833862,6.28499984741211,6.33500003814697,267730,6.33500003814697,2025-02-20
6.42500019073486,6.46000003814697,6.31500005722046,6.31500005722046,194425,6.31500005722046,2025-02-21
6.5,6.5,6.2350001335144,6.28000020980835,154548,6.28000020980835,2025-02-24
6.29500007629395,6.29500007629395,6.1399998664856,6.1399998664856,218418,6.1399998664856,2025-02-25
6.1399998664856,6.17500019073486,6.01000022888184,6.08500003814697,413193,6.08500003814697,2025-02-26
6.11999988555908,6.11999988555908,5.85500001907349,5.85500001907349,434235,5.85500001907349,2025-02-27
5.84999990463257,5.85500001907349,5.63000011444092,5.73999977111816,1107458,5.73999977111816,2025-02-28
5.78999996185303,5.78999996185303,5.56500005722046,5.61999988555908,469910,5.61999988555908,2025-03-03
5.6100001335144,5.63000011444092,5.34999990463257,5.3600001335144,451937,5.3600001335144,2025-03-04
5.44500017166138,5.6399998664856,5.44500017166138,5.52500009536743,490433,5.52500009536743,2025-03-05
5.50500011444092,5.59000015258789,5.46000003814697,5.54500007629395,363696,5.54500007629395,2025-03-06
5.55000019073486,5.55000019073486,5.40000009536743,5.48000001907349,234655,5.48000001907349,2025-03-07
5.44999980926514,5.55499982833862,5.40999984741211,5.5,361181,5.5,2025-03-10
5.53999996185303,5.55499982833862,5.375,5.45499992370605,265911,5.45499992370605,2025-03-11
5.46500015258789,5.55999994277954,5.44999980926514,5.55999994277954,335776,5.55999994277954,2025-03-12
5.55000019073486,5.63500022888184,5.48000001907349,5.58500003814697,252274,5.58500003814697,2025-03-13
5.51999998092651,5.71500015258789,5.51999998092651,5.69000005722046,238079,5.69000005722046,2025-03-14
5.70499992370605,5.76999998092651,5.67999982833862,5.70499992370605,147784,5.70499992370605,2025-03-17
5.76000022888184,5.98999977111816,5.73000001907349,5.94000005722046,413303,5.94000005722046,2025-03-18
5.88000011444092,5.88000011444092,5.70499992370605,5.76999998092651,278834,5.76999998092651,2025-03-19
5.81500005722046,5.82000017166138,5.69000005722046,5.73999977111816,160695,5.73999977111816,2025-03-20
5.73999977111816,5.78000020980835,5.625,5.71999979019165,259445,5.71999979019165,2025-03-21
5.69999980926514,6.03999996185303,5.61499977111816,5.96999979019165,679859,5.96999979019165,2025-03-24
6.01999998092651,6.33500003814697,6.00500011444092,6.2350001335144,1634904,6.2350001335144,2025-03-25
6.21500015258789,6.29500007629395,6.01999998092651,6.03000020980835,605303,6.03000020980835,2025-03-26
6.03499984741211,6.09999990463257,5.97499990463257,6.0149998664856,361541,6.0149998664856,2025-03-27
6.19000005722046,6.19000005722046,5.82000017166138,5.82999992370605,551261,5.82999992370605,2025-03-28
5.8600001335144,5.91499996185303,5.66499996185303,5.76000022888184,579954,5.76000022888184,2025-03-31
5.75500011444092,5.88000011444092,5.72499990463257,5.82999992370605,434259,5.82999992370605,2025-04-01
5.80000019073486,5.8600001335144,5.71000003814697,5.82000017166138,306512,5.82000017166138,2025-04-02
5.67500019073486,5.78000020980835,5.54500007629395,5.59000015258789,622293,5.59000015258789,2025-04-03
5.55999994277954,5.55999994277954,5.09999990463257,5.14499998092651,629406,5.14499998092651,2025-04-04
4.7979998588562,5.22499990463257,4.76999998092651,4.9980001449585,446776,4.9980001449585,2025-04-07
5.05999994277954,5.21000003814697,4.98799991607666,5.11999988555908,349107,5.11999988555908,2025-04-08
4.90000009536743,5.05000019073486,4.81599998474121,4.82399988174438,566741,4.82399988174438,2025-04-09
5.48000001907349,5.5,5.21000003814697,5.23000001907349,455936,5.23000001907349,2025-04-10
5.25,5.38000011444092,5.08500003814697,5.25500011444092,240444,5.25500011444092,2025-04-11
5.375,5.53999996185303,5.34499979019165,5.44999980926514,313417,5.44999980926514,2025-04-14
5.5149998664856,5.75500011444092,5.46999979019165,5.70499992370605,296453,5.70499992370605,2025-04-15
5.60500001907349,5.65000009536743,5.33500003814697,5.42500019073486,425557,5.42500019073486,2025-04-16
5.42500019073486,5.49499988555908,5.35500001907349,5.38000011444092,163724,5.38000011444092,2025-04-17
5.40000009536743,5.40000009536743,5.26000022888184,5.375,203131,5.375,2025-04-22
5.47499990463257,5.7350001335144,5.44999980926514,5.63500022888184,331976,5.63500022888184,2025-04-23
5.5149998664856,5.7350001335144,5.5149998664856,5.67000007629395,125752,5.67000007629395,2025-04-24
5.70499992370605,5.73000001907349,5.58500003814697,5.6399998664856,152524,5.6399998664856,2025-04-25
5.69000005722046,5.74499988555908,5.65000009536743,5.67999982833862,138801,5.67999982833862,2025-04-28
5.75,5.75,5.64499998092651,5.67500019073486,145431,5.67500019073486,2025-04-29
5.69999980926514,5.71999979019165,5.53000020980835,5.65000009536743,267063,5.65000009536743,2025-04-30
5.69999980926514,5.93499994277954,5.69999980926514,5.90000009536743,373483,5.90000009536743,2025-05-02
5.92000007629395,6.0149998664856,5.8600001335144,5.92000007629395,142486,5.92000007629395,2025-05-05
5.92999982833862,5.92999982833862,5.79500007629395,5.84999990463257,162745,5.84999990463257,2025-05-06
5.92999982833862,5.98000001907349,5.78000020980835,5.90999984741211,247643,5.90999984741211,2025-05-07
5.88000011444092,6.19000005722046,5.88000011444092,6.07000017166138,400860,6.07000017166138,2025-05-08
6.08500003814697,6.17999982833862,6.04500007629395,6.10500001907349,178660,6.10500001907349,2025-05-09
6.19999980926514,6.78000020980835,6.14499998092651,6.78000020980835,1215187,6.78000020980835,2025-05-12
6.74499988555908,7.01000022888184,6.52500009536743,6.90999984741211,648559,6.90999984741211,2025-05-13
6.96000003814697,7.26999998092651,6.94999980926514,7.19000005722046,903834,7.19000005722046,2025-05-14
7.17500019073486,7.375,7.17500019073486,7.30999994277954,660374,7.30999994277954,2025-05-15
7.2649998664856,7.32000017166138,7.09999990463257,7.26999998092651,716159,7.26999998092651,2025-05-16
7.13000011444092,7.17500019073486,6.95499992370605,7.09999990463257,385234,7.09999990463257,2025-05-19
7.09499979019165,7.17999982833862,7.01999998092651,7.10500001907349,239347,7.10500001907349,2025-05-20
7.04500007629395,7.15000009536743,6.96999979019165,7.07000017166138,216492,7.07000017166138,2025-05-21
7.14499998092651,7.14499998092651,7.00500011444092,7.07000017166138,208515,7.07000017166138,2025-05-22
7.13000011444092,7.19999980926514,6.70499992370605,6.83500003814697,382219,6.83500003814697,2025-05-23
6.83500003814697,7.07499980926514,6.83500003814697,7.01000022888184,140487,7.01000022888184,2025-05-26
7.08500003814697,7.11999988555908,6.94500017166138,7.05000019073486,171861,7.05000019073486,2025-05-27
7.03000020980835,7.05000019073486,6.78999996185303,6.82999992370605,423974,6.82999992370605,2025-05-28
6.88000011444092,7.15999984741211,6.84499979019165,6.8899998664856,344582,6.8899998664856,2025-05-29
6.8600001335144,6.94000005722046,6.76000022888184,6.875,382714,6.875,2025-05-30
6.80000019073486,6.86499977111816,6.71999979019165,6.81500005722046,207099,6.81500005722046,2025-06-02
7.1100001335144,7.33500003814697,7,7.19999980926514,915271,7.19999980926514,2025-06-03
7.2649998664856,7.38500022888184,7.2350001335144,7.33500003814697,513561,7.33500003814697,2025-06-04
7.34499979019165,7.55499982833862,7.34499979019165,7.52500009536743,481010,7.52500009536743,2025-06-05
7.5,7.59000015258789,7.42500019073486,7.50500011444092,295167,7.50500011444092,2025-06-06
7.50500011444092,7.67000007629395,7.46999979019165,7.61999988555908,267831,7.61999988555908,2025-06-09
7.59499979019165,7.61999988555908,7.51999998092651,7.51999998092651,273086,7.51999998092651,2025-06-10
6.9850001335144,7.19999980926514,6.86999988555908,7.08500003814697,11920823,7.08500003814697,2025-06-11
7.03000020980835,7.19999980926514,7.0149998664856,7.11999988555908,512689,7.11999988555908,2025-06-12
7.01000022888184,7.09000015258789,6.98000001907349,7.04500007629395,638383,7.04500007629395,2025-06-13
7.01999998092651,7.33500003814697,7.0149998664856,7.32999992370605,361141,7.32999992370605,2025-06-16
7.21000003814697,7.43499994277954,7.17500019073486,7.43499994277954,388061,7.43499994277954,2025-06-17
7.46000003814697,7.48999977111816,7.34999990463257,7.42000007629395,350506,7.42000007629395,2025-06-18
7.32000017166138,7.36499977111816,7.16499996185303,7.16499996185303,259305,7.16499996185303,2025-06-19
7.16499996185303,7.32499980926514,7.05499982833862,7.07999992370605,1148120,7.07999992370605,2025-06-20
7.07000017166138,7.36999988555908,7.05999994277954,7.31500005722046,687805,7.31500005722046,2025-06-23
7.48999977111816,7.6100001335144,7.40999984741211,7.57499980926514,411218,7.57499980926514,2025-06-24
7.66499996185303,7.66499996185303,7.48000001907349,7.48000001907349,289600,7.48000001907349,2025-06-25
7.3600001335144,7.53499984741211,7.3600001335144,7.42500019073486,204201,7.42500019073486,2025-06-26
7.36999988555908,7.53999996185303,7.36999988555908,7.45499992370605,140779,7.45499992370605,2025-06-27
7.51999998092651,7.51999998092651,7.42000007629395,7.42000007629395,323266,7.42000007629395,2025-06-30
7.40000009536743,7.42000007629395,7.17000007629395,7.20499992370605,203146,7.20499992370605,2025-07-01
7.26999998092651,7.375,7.15000009536743,7.34999990463257,313105,7.34999990463257,2025-07-02
7.19999980926514,7.32499980926514,7.09999990463257,7.28999996185303,448984,7.28999996185303,2025-07-03
7.28499984741211,7.28499984741211,7.19500017166138,7.24499988555908,168051,7.24499988555908,2025-07-04
7.21000003814697,7.32000017166138,7.19999980926514,7.30000019073486,176018,7.30000019073486,2025-07-07
7.34000015258789,7.375,7.25500011444092,7.29500007629395,188343,7.29500007629395,2025-07-08
7.30000019073486,7.47499990463257,7.20499992370605,7.32999992370605,250726,7.32999992370605,2025-07-09
7.3899998664856,7.57499980926514,7.32000017166138,7.57499980926514,316120,7.57499980926514,2025-07-10
7.57499980926514,7.57499980926514,7.46500015258789,7.51999998092651,224315,7.51999998092651,2025-07-11
7.32999992370605,7.51000022888184,7.32999992370605,7.43499994277954,140360,7.43499994277954,2025-07-14
7.34999990463257,7.59999990463257,7.34999990463257,7.52500009536743,205397,7.52500009536743,2025-07-15
7.52500009536743,7.69999980926514,7.34000015258789,7.63000011444092,332674,7.63000011444092,2025-07-16
7.69999980926514,8,7.69999980926514,7.84999990463257,595736,7.84999990463257,2025-07-17
7.91499996185303,7.98000001907349,7.78499984741211,7.93499994277954,373352,7.93499994277954,2025-07-18
7.91499996185303,7.98999977111816,7.44999980926514,7.59000015258789,1669914,7.59000015258789,2025-07-21
7.53999996185303,7.65000009536743,7.40999984741211,7.40999984741211,309711,7.40999984741211,2025-07-22
7.52500009536743,7.52500009536743,7.30000019073486,7.30000019073486,701061,7.30000019073486,2025-07-23
7.30000019073486,7.47499990463257,7.2649998664856,7.375,505020,7.375,2025-07-24
7.3600001335144,7.3899998664856,7.19999980926514,7.2350001335144,415683,7.2350001335144,2025-07-25
7.35500001907349,7.48999977111816,7.28000020980835,7.28000020980835,325134,7.28000020980835,2025-07-28
7.32999992370605,7.5,7.30000019073486,7.375,322769,7.375,2025-07-29
7.34999990463257,7.44999980926514,7.32000017166138,7.38000011444092,262218,7.38000011444092,2025-07-30
7.3899998664856,7.5,7.17999982833862,7.20499992370605,399783,7.20499992370605,2025-07-31
7.17999982833862,7.26000022888184,7.02500009536743,7.07999992370605,375145,7.07999992370605,2025-08-01
7.10500001907349,7.2350001335144,7.07999992370605,7.09000015258789,278260,7.09000015258789,2025-08-04
7.10500001907349,7.21500015258789,6.89499998092651,6.94999980926514,455598,6.94999980926514,2025-08-05
7,7.01999998092651,6.84999990463257,6.90000009536743,380459,6.90000009536743,2025-08-06
6.90999984741211,7.03499984741211,5.92000007629395,6.19999980926514,2464527,6.19999980926514,2025-08-07
6.21000003814697,6.48000001907349,6.1100001335144,6.44999980926514,1138942,6.44999980926514,2025-08-08
6.42500019073486,6.43499994277954,6.17999982833862,6.28000020980835,721007,6.28000020980835,2025-08-11
6.26000022888184,6.46000003814697,6.25500011444092,6.42999982833862,660648,6.42999982833862,2025-08-12
6.48000001907349,6.50500011444092,6.32999992370605,6.32999992370605,637692,6.32999992370605,2025-08-13
6.32999992370605,6.5,6.30999994277954,6.42999982833862,439699,6.42999982833862,2025-08-14
6.48000001907349,6.48000001907349,6.3600001335144,6.40999984741211,379083,6.40999984741211,2025-08-18
6.41499996185303,6.56500005722046,6.40000009536743,6.4850001335144,418647,6.4850001335144,2025-08-19
6.48000001907349,6.6399998664856,6.44500017166138,6.50500011444092,395012,6.50500011444092,2025-08-20
6.5,6.55000019073486,6.45499992370605,6.46500015258789,346040,6.46500015258789,2025-08-21
6.55999994277954,6.65999984741211,6.43499994277954,6.63000011444092,444804,6.63000011444092,2025-08-22
6.67000007629395,6.77500009536743,6.63000011444092,6.76000022888184,327891,6.76000022888184,2025-08-25
6.78000020980835,6.81500005722046,6.67999982833862,6.80999994277954,1205055,6.80999994277954,2025-08-26
6.82000017166138,6.88500022888184,6.73999977111816,6.76000022888184,414213,6.76000022888184,2025-08-27
6.71000003814697,6.94000005722046,6.71000003814697,6.88000011444092,456550,6.88000011444092,2025-08-28
6.86999988555908,6.94000005722046,6.76000022888184,6.76000022888184,409525,6.76000022888184,2025-08-29
6.80000019073486,6.92000007629395,6.69999980926514,6.8600001335144,438997,6.8600001335144,2025-09-01
6.84000015258789,6.84000015258789,6.53999996185303,6.53999996185303,586237,6.53999996185303,2025-09-02
6.60500001907349,6.73999977111816,6.5,6.5,519537,6.5,2025-09-03
6.5,6.61999988555908,6.48000001907349,6.55000019073486,414024,6.55000019073486,2025-09-04
6.55999994277954,6.79500007629395,6.55499982833862,6.72499990463257,406648,6.72499990463257,2025-09-05
6.73999977111816,6.90500020980835,6.7350001335144,6.84999990463257,203093,6.84999990463257,2025-09-08
6.86999988555908,6.90999984741211,6.80999994277954,6.84999990463257,300961,6.84999990463257,2025-09-09
6.82999992370605,6.96500015258789,6.82999992370605,6.92000007629395,282185,6.92000007629395,2025-09-10
6.94000005722046,6.98999977111816,6.86499977111816,6.93499994277954,262404,6.93499994277954,2025-09-11
6.96500015258789,7.06500005722046,6.96500015258789,7,279907,7,2025-09-12
6.96500015258789,7.5149998664856,6.96500015258789,7.48000001907349,774726,7.48000001907349,2025-09-15
7.55999994277954,7.94500017166138,7.5,7.6100001335144,1196088,7.6100001335144,2025-09-16
7.53000020980835,7.65999984741211,7.38000011444092,7.44000005722046,807332,7.44000005722046,2025-09-17
7.66499996185303,8.60000038146973,7.65500020980835,8.5,2807263,8.5,2025-09-18
8.35999965667725,8.40999984741211,8.22500038146973,8.31999969482422,918913,8.31999969482422,2025-09-19
8.40999984741211,8.77999973297119,8.39999961853027,8.77000045776367,598879,8.77000045776367,2025-09-22
8.61499977111816,9.0600004196167,8.60999965667725,8.83500003814697,1064979,8.83500003814697,2025-09-23
8.8149995803833,9.03999996185303,8.72500038146973,8.74499988555908,659211,8.74499988555908,2025-09-24
8.78499984741211,8.86999988555908,8.52000045776367,8.56999969482422,497813,8.56999969482422,2025-09-25
8.52499961853027,8.57999992370605,8.23999977111816,8.36499977111816,693080,8.36499977111816,2025-09-26
8.39999961853027,8.52000045776367,8.27499961853027,8.36499977111816,704688,8.36499977111816,2025-09-29
8.25,8.41499996185303,8.25,8.39000034332275,209430,8.39000034332275,2025-09-30
8.31999969482422,8.35499954223633,8.09000015258789,8.22500038146973,1175680,8.22500038146973,2025-10-01
8.46000003814697,8.77000045776367,8.38000011444092,8.60000038146973,852252,8.60000038146973,2025-10-02
8.68000030517578,8.97500038146973,8.68000030517578,8.9399995803833,793068,8.9399995803833,2025-10-03
8.94999980926514,9.17000007629395,8.89000034332275,9.0600004196167,794898,9.0600004196167,2025-10-06
8.66499996185303,9.22000026702881,8.39500045776367,8.85499954223633,468147,8.85499954223633,2025-10-07
8.80000019073486,8.92500019073486,8.76500034332275,8.875,308772,8.875,2025-10-08
8.91499996185303,8.98999977111816,8.77000045776367,8.78499984741211,465123,8.78499984741211,2025-10-09
