"UPC.Open","UPC.High","UPC.Low","UPC.Close","UPC.Volume","UPC.Adjusted","Date"
18936,20588.400390625,15624,17100,571,17100,2021-03-23
16200,17064,15012,15012,49,15012,2021-03-24
15120,15120,13500,14580,33,14580,2021-03-25
14760,16020,14580,14616,34,14616,2021-03-26
37800,43164,18576,20196,13626,20196,2021-03-29
17856,17856,14796,15732,623,15732,2021-03-30
15480,15516,14220,14436,273,14436,2021-03-31
19224,25992,18252,18900,21098,18900,2021-04-01
19886.400390625,20340,18864,20340,589,20340,2021-04-05
20052,20160,18360,18648,327,18648,2021-04-06
18432,19728,16560,18360,318,18360,2021-04-07
17280,17820,16920,17244,75,17244,2021-04-08
16632,17280,16416,16704,81,16704,2021-04-09
16380,16416,14724,15192,97,15192,2021-04-12
14868,14976,14436,14724,71,14724,2021-04-13
14544,15012,13932,14112,82,14112,2021-04-14
14148,14184,12600,13032,103,13032,2021-04-15
12852,14202,12852,13932,78,13932,2021-04-16
14076,14148,12618,12780,69,12780,2021-04-19
12744,13140,12240,12384,76,12384,2021-04-20
12240,13068,12240,12960,62,12960,2021-04-21
12780,13068,12445.2001953125,12780,56,12780,2021-04-22
12636,13068,12456,12600,47,12600,2021-04-23
12780,13464,12600,13428,54,13428,2021-04-26
13284,13392,12744,12960,54,12960,2021-04-27
12888,14004,12888,13500,69,13500,2021-04-28
13572,13824,12960,13356,56,13356,2021-04-29
12996,13428,12996,13248,25,13248,2021-04-30
13176,13176,12330,12672,63,12672,2021-05-03
12528,12672,12312,12564,39,12564,2021-05-04
12420,12531.599609375,12240,12348,28,12348,2021-05-05
12240,12258,11124,11484,46,11484,2021-05-06
11340,11880,11232,11484,35,11484,2021-05-07
11304,11700,10872,11016,19,11016,2021-05-10
11160,12078,10908,11880,53,11880,2021-05-11
11988,12528,11592,11628,46,11628,2021-05-12
11556,12240,10836,11124,71,11124,2021-05-13
10872,11772,10854,11664,62,11664,2021-05-14
11628,11840.400390625,11304,11484,27,11484,2021-05-17
11304,11916,11196,11484,65,11484,2021-05-18
11232,11556,11214,11556,11,11556,2021-05-19
11304,11880,11304,11880,16,11880,2021-05-20
11808,12024,11592,11772,12,11772,2021-05-21
11556,12024,11556,11844,9,11844,2021-05-24
11700,11844,11340,11592,21,11592,2021-05-25
12420,12420,11520,11880,32,11880,2021-05-26
11736,12204,11592,11880,28,11880,2021-05-27
11808,11952,11340,11556,20,11556,2021-05-28
11484,11628,11268,11520,17,11520,2021-06-01
11430,11592,11160,11340,22,11340,2021-06-02
11304,11304,10728,11160,37,11160,2021-06-03
11052,11124,10332,10728,59,10728,2021-06-04
10800,11412,10800,11052,38,11052,2021-06-07
11088,11196,10800,11160,16,11160,2021-06-08
11340,11340,10728,10836,44,10836,2021-06-09
10908,10944,10512,10620,32,10620,2021-06-10
10656,10836,10476,10692,14,10692,2021-06-11
10656,11196,10656,11124,26,11124,2021-06-14
11055.599609375,12225.599609375,11016,11664,101,11664,2021-06-15
11592,11592,11052,11160,33,11160,2021-06-16
11232,11437.2001953125,10872,10944,19,10944,2021-06-17
10944,10980,10692,10836,15,10836,2021-06-18
10692,10875.599609375,10656,10692,11,10692,2021-06-21
10836,10980,10584,10893.599609375,16,10893.599609375,2021-06-22
10944,11160,10728,10926,14,10926,2021-06-23
11124,11448,10872,10908,36,10908,2021-06-24
10908,11124,10836,10980,17,10980,2021-06-25
10980,11037.599609375,10512,10548,298,10548,2021-06-28
11664,13608,11340,13320,555,13320,2021-06-29
12636,12819.599609375,11160,11412,129,11412,2021-06-30
11556,11844,11268,11376,36,11376,2021-07-01
11484,11988,11196,11376,74,11376,2021-07-02
11268,11520,10764,10800,69,10800,2021-07-06
10908,11484,10440,10548,43,10548,2021-07-07
10908,10908,10332,10584,54,10584,2021-07-08
10584,10728,10335.599609375,10620,22,10620,2021-07-09
10944,10962,10440,10548,18,10548,2021-07-12
10620,10764,10152,10332,19,10332,2021-07-13
10368,10368,9828,9900,20,9900,2021-07-14
10123.2001953125,10512,9648,9828,16,9828,2021-07-15
9972,9972,9720,9828,10,9828,2021-07-16
9504,9720,9072,9360,20,9360,2021-07-19
9288,9612,9100.7998046875,9540,29,9540,2021-07-20
9576,9648,9432,9540,6,9540,2021-07-21
9432,14796,9360,13788,3611,13788,2021-07-22
16200,18000,10080,10944,3379,10944,2021-07-23
9936,10296,9540,10044,237,10044,2021-07-26
9684,9756,8856,9252,109,9252,2021-07-27
9000,9360,8352,8640,167,8640,2021-07-28
8820,8928,8496,8748,90,8748,2021-07-29
8496,8780.400390625,8424,8532,52,8532,2021-07-30
9108,9504,8784,9324,138,9324,2021-08-02
9144,9324,8604,8604,54,8604,2021-08-03
8820,10944,8604,9720,623,9720,2021-08-04
9396,10368,9223.2001953125,9432,107,9432,2021-08-05
9468,9900,9360,9576,84,9576,2021-08-06
9432,10008,9432,9504,56,9504,2021-08-09
9504,9666,9180,9468,29,9468,2021-08-10
9432,9547.2001953125,8928,9108,55,9108,2021-08-11
9000,9144,8794.7998046875,9072,19,9072,2021-08-12
8964,9014.400390625,8676,8748,22,8748,2021-08-13
8748,8776.7998046875,8416.7998046875,8640,47,8640,2021-08-16
8640,8640,8208,8427.599609375,42,8427.599609375,2021-08-17
8424,8928,8172,8712,128,8712,2021-08-18
8748,8928,8460,8640,29,8640,2021-08-19
8712,9216,8208,8316,243,8316,2021-08-20
8388,8712,8280,8424,72,8424,2021-08-23
8496,8848.7998046875,8388,8532,78,8532,2021-08-24
8568,9684,8460,9000,455,9000,2021-08-25
8820,8928,8352,8424,81,8424,2021-08-26
8460,8820,8280,8532,79,8532,2021-08-27
8568,8748,8416.7998046875,8532,38,8532,2021-08-30
8496,8676,8208,8352,79,8352,2021-08-31
8424,8784,8280,8640,53,8640,2021-09-01
8568,8676,8316,8316,40,8316,2021-09-02
8496,8568,8208,8424,58,8424,2021-09-03
8424,8604,8244,8388,59,8388,2021-09-07
8352,8640,8280,8604,44,8604,2021-09-08
8460,8568,8064,8244,59,8244,2021-09-09
8280,9972,8172,9000,622,9000,2021-09-10
8676,9144,8496,8640,138,8640,2021-09-13
8640,8748,8136,8244,136,8244,2021-09-14
8316,8568,8208,8460,13,8460,2021-09-15
8388,8550,8028,8172,24,8172,2021-09-16
8208,8964,8028,8352,107,8352,2021-09-17
8172,8532,8172,8424,12,8424,2021-09-20
8240.400390625,8391.599609375,8172,8244,16,8244,2021-09-21
8179.2001953125,8604,8100,8532,47,8532,2021-09-22
8496,8604,8244,8532,34,8532,2021-09-23
8316,8532,8316,8424,16,8424,2021-09-24
8424,8928,8316,8856,77,8856,2021-09-27
8712,9612,8532,9324,110,9324,2021-09-28
8856,9180,8316,8496,78,8496,2021-09-29
8748,9036,8532,8892,49,8892,2021-09-30
8712,9144,8568,8820,55,8820,2021-10-01
8964,9180,8568,9108,78,9108,2021-10-04
8928,9072,8568,8784,37,8784,2021-10-05
8676,8820,8532,8820,14,8820,2021-10-06
8784,8784,8352,8496,64,8496,2021-10-07
8568,8928,8532,8820,28,8820,2021-10-08
8820,8820,8388,8496,18,8496,2021-10-11
8514,8676,8388,8424,8,8424,2021-10-12
8640,8676,8424,8424,12,8424,2021-10-13
8460,8604,8316,8388,14,8388,2021-10-14
8388,8460,8280,8316,11,8316,2021-10-15
8316,8406,8100,8208,24,8208,2021-10-18
8208,8496,8100,8460,35,8460,2021-10-19
8388,8892,8244,8532,60,8532,2021-10-20
8506.7998046875,8568,8280,8424,20,8424,2021-10-21
8352,8424,8139.60009765625,8280,18,8280,2021-10-22
8316,8424,8208,8388,7,8388,2021-10-25
8316,8604,8172,8460,35,8460,2021-10-26
8172,8460,8172,8244,28,8244,2021-10-27
8172,8496,8172,8280,22,8280,2021-10-28
8352,8388,7956,8172,34,8172,2021-10-29
8208,8388,8197.2001953125,8316,48,8316,2021-11-01
8424,8784,8280,8568,127,8568,2021-11-02
8568,9000,8424,8640,112,8640,2021-11-03
8748,8748,8352,8604,19,8604,2021-11-04
8604,8712,8280,8460,16,8460,2021-11-05
8496,8604,8316,8460,14,8460,2021-11-08
8424,8460,8100,8388,82,8388,2021-11-09
8280,8424,8280,8388,7,8388,2021-11-10
8352,8604,8316,8460,20,8460,2021-11-11
8388,8424,8244,8424,17,8424,2021-11-12
8316,8424,8280,8352,16,8352,2021-11-15
8316,8424,8280,8388,27,8388,2021-11-16
8388,8604,8280,8424,49,8424,2021-11-17
8334,8406,8172,8388,61,8388,2021-11-18
8280,8388,8280,8388,19,8388,2021-11-19
8352,8460,8244,8424,90,8424,2021-11-22
8424,8964,8316,8352,48,8352,2021-11-23
8316,8604,8208,8208,34,8208,2021-11-24
8208,8352,8172,8244,5,8244,2021-11-26
8208,8424,8172,8244,35,8244,2021-11-29
8244,8244,7560,7776,42,7776,2021-11-30
7740,7920,7632,7740,24,7740,2021-12-01
7704,7704,6444,6768,50,6768,2021-12-02
6771.60009765625,6804,5580,5940,33,5940,2021-12-03
5652,6408,5220,6300,85,6300,2021-12-06
6228,6552,6156,6372,13,6372,2021-12-07
6372,7128,6372,6768,17,6768,2021-12-08
6552,6984,6480,6624,18,6624,2021-12-09
6552,6552,6192,6408,12,6408,2021-12-10
6444,6786,6264,6372,4,6372,2021-12-13
6480,6732,6264,6264,10,6264,2021-12-14
6264,6336,5850,6264,5,6264,2021-12-15
6368.39990234375,6368.39990234375,6012,6120,6,6120,2021-12-16
5940,6228,5659.2001953125,5976,6,5976,2021-12-17
5940,6048,5652,6012,12,6012,2021-12-20
5940,6336,5940,6048,8,6048,2021-12-21
6120,6300,6048,6048,4,6048,2021-12-22
5940,6192,5688,5940,16,5940,2021-12-23
5868,6040.7998046875,5724,5976,5,5976,2021-12-27
5868,6120,5670,6012,12,6012,2021-12-28
5796,6048,5580,5760,26,5760,2021-12-29
5875.2001953125,5940,5580,5760,15,5760,2021-12-30
5580,6048,5580,5886,26,5886,2021-12-31
5976,6408,5976,6408,23,6408,2022-01-03
6336,6336,5976,6048,7,6048,2022-01-04
6109.2001953125,6120,5652,5652,11,5652,2022-01-05
5760,5760,5580,5688,3,5688,2022-01-06
5785.2001953125,5796,5497.2001953125,5760,5,5760,2022-01-07
5767.2001953125,5832,5508,5580,14,5580,2022-01-10
5688,6012,5652,5796,14,5796,2022-01-11
5929.2001953125,6408,5929.2001953125,6156,9,6156,2022-01-12
6156,6228,5803.2001953125,5904,3,5904,2022-01-13
5940,6048,5749.2001953125,5868,8,5868,2022-01-14
5724,5976,5580,5940,5,5940,2022-01-18
5796,6120,5796,5868,3,5868,2022-01-19
5832,6336,5832,6120,24,6120,2022-01-20
6102,6120,5508,5616,12,5616,2022-01-21
5724,5724,4500,4896,16,4896,2022-01-24
5025.60009765625,5317.2001953125,4932,5220,2,5220,2022-01-25
5220,5328,4838.39990234375,4968,2,4968,2022-01-26
5256,5256,5004,5076,2,5076,2022-01-27
5076,5220,4932,4932,3,4932,2022-01-28
5112,5220,4572,5040,11,5040,2022-01-31
4860,5274,4860,5148,2,5148,2022-02-01
5162.39990234375,5400,4896,5400,10,5400,2022-02-02
5220,5436,5220,5256,10,5256,2022-02-03
5508,5508,5328,5400,2,5400,2022-02-04
5400,5544,5148,5328,2,5328,2022-02-07
5144.39990234375,5292,5076,5220,1,5220,2022-02-08
5436,5652,5317.2001953125,5400,2,5400,2022-02-09
5328,5482.7998046875,5256,5472,10,5472,2022-02-10
5472,5544,5364,5400,3,5400,2022-02-11
5400,5508,5328,5508,3,5508,2022-02-14
5580,5580,5400,5436,3,5436,2022-02-15
5184,5400,4716,5389.2001953125,5,5389.2001953125,2022-02-16
4896,5220,4896,5220,1,5220,2022-02-17
5148,5184,4788,4788,2,4788,2022-02-18
5486.39990234375,5486.39990234375,4788,4860,2,4860,2022-02-22
4755.60009765625,4863.60009765625,4680,4752,2,4752,2022-02-23
4248,4752,4212,4500,4,4500,2022-02-24
4680,4824,4644,4788,2,4788,2022-02-25
4359.60009765625,4932,4359.60009765625,4428,2,4428,2022-02-28
4680,4824,4464,4680,2,4680,2022-03-01
4680,4788,4572,4752,5,4752,2022-03-02
4716,4788,4608,4788,5,4788,2022-03-03
4644,4752,4608,4716,2,4716,2022-03-04
4608,4633.2001953125,4219.2001953125,4629.60009765625,2,4629.60009765625,2022-03-07
4428,4597.2001953125,4356,4597.2001953125,1,4597.2001953125,2022-03-08
4680,4680,4176,4608,10,4608,2022-03-09
4608,4608,4114.7998046875,4478.39990234375,8,4478.39990234375,2022-03-10
4176,4680,3564,3913.19995117188,22,3913.19995117188,2022-03-11
3996,3996,3636,3708,4,3708,2022-03-14
3780,3780,3528,3672,9,3672,2022-03-15
3960,4068,3783.60009765625,4032,16,4032,2022-03-16
3924,4194,3924,4104,4,4104,2022-03-17
4572,4777.2001953125,4140,4680,102,4680,2022-03-18
4572,4680,4536,4680,14,4680,2022-03-21
4644,4896,4644,4896,12,4896,2022-03-22
4896,4896,4716,4896,6,4896,2022-03-23
4896,4896,4777.2001953125,4788,3,4788,2022-03-24
4716,4788,4572,4665.60009765625,5,4665.60009765625,2022-03-25
4500,4680,4399.2001953125,4608,16,4608,2022-03-28
4608,4860,4532.39990234375,4860,9,4860,2022-03-29
4932,5140.7998046875,4701.60009765625,4845.60009765625,30,4845.60009765625,2022-03-30
4788,4788,4489.2001953125,4554,8,4554,2022-03-31
4428,4572,4356,4478.39990234375,4,4478.39990234375,2022-04-01
4464,4464,4370.39990234375,4464,1,4464,2022-04-04
4644,4752,3672,4248,28,4248,2022-04-05
4248,4464,4082.39990234375,4428,6,4428,2022-04-06
4287.60009765625,4392,4143.60009765625,4363.2001953125,2,4363.2001953125,2022-04-07
4284,4356,4284,4320,3,4320,2022-04-08
4176,4248,4176,4212,2,4212,2022-04-11
4392,4392,4237.2001953125,4356,2,4356,2022-04-12
4341.60009765625,4644,4104,4154.39990234375,10,4154.39990234375,2022-04-13
4176,4428,3960,4032,7,4032,2022-04-14
3924,4500,3816,4140,142,4140,2022-04-18
4248,4428,4186.7998046875,4406.39990234375,1,4406.39990234375,2022-04-19
4399.2001953125,4428,4284,4381.2001953125,6,4381.2001953125,2022-04-20
4500,4500,4320,4446,4,4446,2022-04-21
4428,4500,4320,4392,5,4392,2022-04-22
4248,4392,3960,4356,3,4356,2022-04-25
4068,4320,4068,4248,1,4248,2022-04-26
4284,4392,4212,4269.60009765625,3,4269.60009765625,2022-04-27
4370.39990234375,4370.39990234375,4266,4287.60009765625,1,4287.60009765625,2022-04-28
4320,4392,4284,4284,4,4284,2022-04-29
4104,4320,4104,4176,1,4176,2022-05-02
4176,4428,4176,4392,2,4392,2022-05-03
4312.7998046875,4381.2001953125,4212,4381.2001953125,2,4381.2001953125,2022-05-04
4320,4356,4165.2001953125,4165.2001953125,2,4165.2001953125,2022-05-05
4176,4237.2001953125,3996,4075.19995117188,4,4075.19995117188,2022-05-06
4233.60009765625,4233.60009765625,3600,3780,4,3780,2022-05-09
3600,3934.80004882812,3600,3934.80004882812,8,3934.80004882812,2022-05-10
3895.19995117188,4392,3888,3916.80004882812,7,3916.80004882812,2022-05-11
3744,4168.7998046875,3744,3924,4,3924,2022-05-12
3852,3960,3780,3924,2,3924,2022-05-13
3765.60009765625,3949.19995117188,3765.60009765625,3949.19995117188,1,3949.19995117188,2022-05-16
3672,3776.39990234375,3531.60009765625,3672,16,3672,2022-05-17
3664.80004882812,4644,3592.80004882812,4032,506,4032,2022-05-18
4176,4464,3780,3816,96,3816,2022-05-19
4068,4068,3790.80004882812,4032,6,4032,2022-05-20
3924,4176,3888,3924,23,3924,2022-05-23
3924,3992.39990234375,3744,3837.60009765625,62,3837.60009765625,2022-05-24
3686.39990234375,3834,3456,3646.80004882812,10,3646.80004882812,2022-05-25
3844.80004882812,3852,3636,3708,1,3708,2022-05-26
3600,3708,3240,3312,50,3312,2022-05-27
3420,3960,3312,3960,268,3960,2022-05-31
3780,4464,3430.80004882812,3600,193,3600,2022-06-01
3459.60009765625,3672,3459.60009765625,3592.80004882812,4,3592.80004882812,2022-06-02
3628.80004882812,3636,3456,3495.60009765625,4,3495.60009765625,2022-06-03
3456,3600,3420,3589.19995117188,9,3589.19995117188,2022-06-06
3528,3600,3427.19995117188,3528,2,3528,2022-06-07
3600,3636,3456,3564,9,3564,2022-06-08
3528,3636,3528,3600,5,3600,2022-06-09
3538.80004882812,3708,3528,3600,11,3600,2022-06-10
3600,3600,3391.19995117188,3510,10,3510,2022-06-13
3600,3924,3279.60009765625,3589.19995117188,24,3589.19995117188,2022-06-14
3744,3744,3312,3571.19995117188,5,3571.19995117188,2022-06-15
3564,3564,3240,3470.39990234375,8,3470.39990234375,2022-06-16
3243.60009765625,3438,3240,3330,2,3330,2022-06-17
3330,3596.39990234375,3330,3582,3,3582,2022-06-21
3340.80004882812,3567.60009765625,3340.80004882812,3567.60009765625,0,3567.60009765625,2022-06-22
3315.60009765625,3574.80004882812,3315.60009765625,3528,3,3528,2022-06-23
3420,3420,2124,2372.39990234375,319,2372.39990234375,2022-06-24
2232,2412,1980,2311.19995117188,52,2311.19995117188,2022-06-27
2232,2437.19995117188,2232,2343.60009765625,26,2343.60009765625,2022-06-28
2304,2412,2232,2376,10,2376,2022-06-29
2376,2376,2210.39990234375,2260.80004882812,12,2260.80004882812,2022-06-30
2376,2376,2206.80004882812,2365.19995117188,3,2365.19995117188,2022-07-01
2340,2340,2170.80004882812,2203.19995117188,9,2203.19995117188,2022-07-05
2242.80004882812,2268,2196,2232,3,2232,2022-07-06
2196,2196,2052,2196,22,2196,2022-07-07
2232,2268,2062.80004882812,2232,6,2232,2022-07-08
2152.80004882812,2232,2062.80004882812,2214,4,2214,2022-07-11
2196,2196,2070,2196,7,2196,2022-07-12
2062.80004882812,2224.80004882812,2019.59997558594,2224.80004882812,7,2224.80004882812,2022-07-13
2062.80004882812,2185.19995117188,2062.80004882812,2124,5,2124,2022-07-14
2066.39990234375,2185.19995117188,2062.80004882812,2185.19995117188,2,2185.19995117188,2022-07-15
2088,2192.39990234375,2088,2124,2,2124,2022-07-18
2142,2160,2066.39990234375,2088,7,2088,2022-07-19
2052,2196,2052,2149.19995117188,6,2149.19995117188,2022-07-20
2124,2232,2124,2142,3,2142,2022-07-21
2160,2160,2142,2149.19995117188,2,2149.19995117188,2022-07-22
2149.19995117188,2268,2149.19995117188,2250,12,2250,2022-07-25
2235.60009765625,2235.60009765625,2167.19995117188,2199.60009765625,5,2199.60009765625,2022-07-26
2199.60009765625,2268,2142,2268,16,2268,2022-07-27
2264.39990234375,2300.39990234375,2199.60009765625,2293.19995117188,11,2293.19995117188,2022-07-28
2293.19995117188,2293.19995117188,2178,2282.39990234375,1,2282.39990234375,2022-07-29
2386.80004882812,2386.80004882812,2160,2221.19995117188,8,2221.19995117188,2022-08-01
2221.19995117188,2412,2196,2304,20,2304,2022-08-02
2336.39990234375,2368.80004882812,2304,2358,20,2358,2022-08-03
2322,2520,2304,2368.80004882812,34,2368.80004882812,2022-08-04
2556,2556,2368.80004882812,2376,7,2376,2022-08-05
2437.19995117188,2437.19995117188,2307.60009765625,2340,9,2340,2022-08-08
2304,2426.39990234375,2235.60009765625,2376,10,2376,2022-08-09
2376,2376,2232,2358,3,2358,2022-08-10
2376,2376,2268,2365.19995117188,3,2365.19995117188,2022-08-11
2286,2329.19995117188,2232,2304,21,2304,2022-08-12
2340,2376,2260.80004882812,2300.39990234375,29,2300.39990234375,2022-08-15
2214,2268,2113.19995117188,2268,16,2268,2022-08-16
2160,2268,2160,2232,4,2232,2022-08-17
2232,2232,2088,2178,14,2178,2022-08-18
2268,2268,2088,2196,14,2196,2022-08-19
2160,2160,2088,2160,3,2160,2022-08-22
2088,2088,1944,2037.59997558594,25,2037.59997558594,2022-08-23
2052,2113.19995117188,2048.39990234375,2052,7,2052,2022-08-24
2016,2016,1980,1998,9,1998,2022-08-25
2016,2044.80004882812,2016,2034,4,2034,2022-08-26
1980,2016,1944,1972.80004882812,8,1972.80004882812,2022-08-29
1980,1980,1800,1800,10,1800,2022-08-30
1800,1854,1800,1836,4,1836,2022-08-31
1933.19995117188,1933.19995117188,1836,1893.59997558594,2,1893.59997558594,2022-09-01
1893.59997558594,1980,1872,1980,6,1980,2022-09-02
1944,2124,1908,1944,22,1944,2022-09-06
1944,2088,1908,2088,4,2088,2022-09-07
2088,2196,2016,2088,10,2088,2022-09-08
2026.80004882812,2314.80004882812,1980,1980,89,1980,2022-09-09
2034,2034,1980,2016,7,2016,2022-09-12
1958.40002441406,2041.19995117188,1908,1980,2,1980,2022-09-13
1922.40002441406,2232,1922.40002441406,2124,16,2124,2022-09-14
2113.19995117188,2372.39990234375,2113.19995117188,2268,13,2268,2022-09-15
2358,2358,2232,2304,7,2304,2022-09-16
2170.80004882812,2268,2160,2268,3,2268,2022-09-19
2340,2412,2160,2268,9,2268,2022-09-20
2232,2340,2156.39990234375,2170.80004882812,13,2170.80004882812,2022-09-21
2160,2196,2124,2196,16,2196,2022-09-22
2196,2304,2088,2088,5,2088,2022-09-23
2196,2196,2048.39990234375,2048.39990234375,1,2048.39990234375,2022-09-26
2160,2160,1980,2070,4,2070,2022-09-27
2088,2088,1990.80004882812,2005.19995117188,5,2005.19995117188,2022-09-28
1944,2095.19995117188,1911.59997558594,2088,3,2088,2022-09-29
1980,2088,1980,2034,3,2034,2022-09-30
2088,2088,1980,2016,3,2016,2022-10-03
2016,2304,1980,2142,12,2142,2022-10-04
2196,2196,2052,2106,5,2106,2022-10-05
2268,2340,2178,2304,15,2304,2022-10-06
2304,2509.19995117188,2304,2509.19995117188,21,2509.19995117188,2022-10-07
2556,3362.39990234375,2556,3060,104,3060,2022-10-10
3139.19995117188,3312,3027.60009765625,3276,26,3276,2022-10-11
3348,3384,3060,3060,19,3060,2022-10-12
3060,3186,2988,2988,8,2988,2022-10-13
3110.39990234375,3211.19995117188,2988,3168,9,3168,2022-10-14
3096,3200.39990234375,3063.60009765625,3117.60009765625,1,3117.60009765625,2022-10-17
3070.80004882812,3384,3060,3294,28,3294,2022-10-18
3348,3780,3290.39990234375,3780,34,3780,2022-10-19
3780,3924,3603.60009765625,3780,12,3780,2022-10-20
3672,3816,3600,3639.60009765625,18,3639.60009765625,2022-10-21
3672,3672,3495.60009765625,3546,6,3546,2022-10-24
3672,3780,3420,3492,83,3492,2022-10-25
3564,3744,3312,3582,2,3582,2022-10-26
3740.39990234375,3780,3164.39990234375,3636,24,3636,2022-10-27
3636,3880.80004882812,3528,3780,10,3780,2022-10-28
3672,3960,3672,3906,25,3906,2022-10-31
3960,4032,3780,4024.80004882812,12,4024.80004882812,2022-11-01
4032,4158,3852,4104,13,4104,2022-11-02
4104,4176,3981.60009765625,3981.60009765625,6,3981.60009765625,2022-11-03
4068,4140,3924,4104,6,4104,2022-11-04
4140,4356,4140,4284,10,4284,2022-11-07
4392,4572,4248,4356,10,4356,2022-11-08
4320,4356,3960,3985.19995117188,7,3985.19995117188,2022-11-09
4068,4356,4068,4248,17,4248,2022-11-10
4356,4575.60009765625,4356,4572,13,4572,2022-11-11
4500,4680,4212,4680,53,4680,2022-11-14
4644,4644,4435.2001953125,4464,3,4464,2022-11-15
4356,4860,4140,4806,33,4806,2022-11-16
4716,4968,4410,4860,34,4860,2022-11-17
5040,5256,4428,5220,47,5220,2022-11-18
5256,5256,4896,5184,20,5184,2022-11-21
5184,5580,4284,5364,127,5364,2022-11-22
5580,5580,5184,5400,81,5400,2022-11-23
5472,5508,5148,5472,74,5472,2022-11-25
5544,5796,5328,5742,57,5742,2022-11-28
5760,6552,5760,6336,125,6336,2022-11-29
6156,6552,6120,6516,62,6516,2022-11-30
6516,6768,6336,6462,84,6462,2022-12-01
6156,6372,5760,6264,200,6264,2022-12-02
6372,6372,5781.60009765625,5904,9,5904,2022-12-05
6012,6300,5580,5886,15,5886,2022-12-06
5868,6012,5292,5940,36,5940,2022-12-07
5940,5976,5724,5724,6,5724,2022-12-08
5760,5832,5580,5760,15,5760,2022-12-09
5544,6192,5544,6084,9,6084,2022-12-12
6156,6228,6048,6228,8,6228,2022-12-13
6228,6228,6012,6084,4,6084,2022-12-14
6098.39990234375,6120,4356,5796,33,5796,2022-12-15
5652,6228,5558.39990234375,6156,7,6156,2022-12-16
6156,6156,5166,5724,15,5724,2022-12-19
5616,5904,5220,5724,34,5724,2022-12-20
5292,5904,5292,5796,5,5796,2022-12-21
5724,6019.2001953125,5724,5832,3,5832,2022-12-22
5976,5976,5796,5796,2,5796,2022-12-23
5796,5976,5580,5796,10,5796,2022-12-27
5796,6048,5796,5868,28,5868,2022-12-28
5893.2001953125,5976,5832,5904,5,5904,2022-12-29
5688,5968.7998046875,5220,5220,8,5220,2022-12-30
5256,5796,5076,5716.7998046875,4,5716.7998046875,2023-01-03
5508,6084,5148,5940,115,5940,2023-01-04
6012,6044.39990234375,5688,5864.39990234375,11,5864.39990234375,2023-01-05
5940,6192,5824.7998046875,6069.60009765625,9,6069.60009765625,2023-01-06
6300,7488,5202,5400,826,5400,2023-01-09
5364,5976,5148,5148,13,5148,2023-01-10
5544,6084,4323.60009765625,4356,860,4356,2023-01-11
4464,4608,3254.39990234375,3254.39990234375,453,3254.39990234375,2023-01-12
3366,3492,3254.39990234375,3348,23,3348,2023-01-13
3546,4176,3348,4176,33,4176,2023-01-17
3996,6084,2448,3312,1197,3312,2023-01-18
3312,3384,2736,2880,83,2880,2023-01-19
2952,3132,2952,3060,19,3060,2023-01-20
2970,3168,2952,3060,21,3060,2023-01-23
3060,3096,2703.60009765625,2937.60009765625,21,2937.60009765625,2023-01-24
2804.39990234375,2984.39990234375,2804.39990234375,2872.80004882812,4,2872.80004882812,2023-01-25
3016.80004882812,3081.60009765625,2880,2988,25,2988,2023-01-26
2988,3096,2988,3024,8,3024,2023-01-27
3024,3045.60009765625,2973.60009765625,3045.60009765625,61,3045.60009765625,2023-01-30
3060,3175.19995117188,2887.19995117188,3060,8,3060,2023-01-31
3060,3060,2934,3049.19995117188,8,3049.19995117188,2023-02-01
2995.19995117188,3096,2995.19995117188,3092.39990234375,8,3092.39990234375,2023-02-02
3060,3096,2998.80004882812,3060,5,3060,2023-02-03
3060,3088.80004882812,2941.19995117188,2948.39990234375,4,2948.39990234375,2023-02-06
3024,3024,2923.19995117188,2984.39990234375,20,2984.39990234375,2023-02-07
2948.39990234375,2948.39990234375,2808,2880,27,2880,2023-02-08
2736,2844,2527.19995117188,2592,17,2592,2023-02-09
2484,2592,2484,2592,8,2592,2023-02-10
2484,2556,2448,2448,14,2448,2023-02-13
2484,2484,2232,2372.39990234375,17,2372.39990234375,2023-02-14
2484,2484,2271.60009765625,2422.80004882812,10,2422.80004882812,2023-02-15
2340,2484,2340,2408.39990234375,5,2408.39990234375,2023-02-16
2556,2556,2340,2372.39990234375,3,2372.39990234375,2023-02-17
2340,2386.80004882812,2340,2383.19995117188,4,2383.19995117188,2023-02-21
2340,2401.19995117188,2340,2401.19995117188,2,2401.19995117188,2023-02-22
2196,2412,2196,2322,2,2322,2023-02-23
2203.19995117188,2314.80004882812,2203.19995117188,2268,0,2268,2023-02-24
2314.80004882812,2314.80004882812,2044.80004882812,2196,15,2196,2023-02-27
2196,2196,2052,2160,8,2160,2023-02-28
2160,2196,2016,2088,8,2088,2023-03-01
2088,2088,1980,2088,6,2088,2023-03-02
2088,2268,2088,2196,2,2196,2023-03-03
2160,2340,2088,2160,13,2160,2023-03-06
2160,2160,2131.19995117188,2131.19995117188,2,2131.19995117188,2023-03-07
2304,2304,2131.19995117188,2296.80004882812,3,2296.80004882812,2023-03-08
2296.80004882812,2376,2296.80004882812,2300.39990234375,2,2300.39990234375,2023-03-09
2160,2343.60009765625,2080.80004882812,2124,1,2124,2023-03-10
2088,2109.60009765625,2070,2077.19995117188,3,2077.19995117188,2023-03-13
2055.60009765625,2167.19995117188,2055.60009765625,2055.60009765625,2,2055.60009765625,2023-03-14
2106,2106,1980,2016,7,2016,2023-03-15
1983.59997558594,2016,1911.59997558594,2016,6,2016,2023-03-16
2088,2268,2016,2124,3,2124,2023-03-17
2124,2124,2124,2124,0,2124,2023-03-20
2188.80004882812,2196,2127.60009765625,2127.60009765625,3,2127.60009765625,2023-03-21
2268,2268,2178,2178,0,2178,2023-03-22
2268,2268,2160,2224.80004882812,1,2224.80004882812,2023-03-23
2088,2088,2088,2088,0,2088,2023-03-24
2268,2268,2095.19995117188,2095.19995117188,1,2095.19995117188,2023-03-27
2095.19995117188,2095.19995117188,2095.19995117188,2095.19995117188,0,2095.19995117188,2023-03-28
2221.19995117188,2224.80004882812,2124,2124,1,2124,2023-03-29
2160,2232,2113.19995117188,2113.19995117188,1,2113.19995117188,2023-03-30
2268,2268,2052,2095.19995117188,3,2095.19995117188,2023-03-31
2095.19995117188,2232,2070,2196,4,2196,2023-04-03
2066.39990234375,2142,2066.39990234375,2098.80004882812,0,2098.80004882812,2023-04-04
2016,2026.80004882812,2016,2016,2,2016,2023-04-05
2062.80004882812,2221.19995117188,2016,2016,2,2016,2023-04-06
2052,2113.19995117188,2026.80004882812,2041.19995117188,1,2041.19995117188,2023-04-10
2005.19995117188,2041.19995117188,1915.19995117188,1980,6,1980,2023-04-11
1980,1980,1854,1868.40002441406,6,1868.40002441406,2023-04-12
1980,1980,1868.40002441406,1868.40002441406,3,1868.40002441406,2023-04-13
1839.59997558594,1980,1839.59997558594,1854,2,1854,2023-04-14
1839.59997558594,1872,1800,1872,3,1872,2023-04-17
1836,1944,1800,1944,0,1944,2023-04-18
1944,1944,1731.59997558594,1854,8,1854,2023-04-19
1854,1854,1746,1836,3,1836,2023-04-20
1746,1836,1731.59997558594,1836,4,1836,2023-04-21
1764,1976.40002441406,1764,1800,1,1800,2023-04-24
1800,1800,1746,1764,8,1764,2023-04-25
1738.80004882812,1774.80004882812,1728,1767.59997558594,5,1767.59997558594,2023-04-26
1746,1746,1731.59997558594,1731.59997558594,1,1731.59997558594,2023-04-27
1731.59997558594,1908,1728,1731.59997558594,6,1731.59997558594,2023-04-28
1735.19995117188,2196,1735.19995117188,2160,18,2160,2023-05-01
2304,2304,1854,2178,20,2178,2023-05-02
2156.39990234375,2156.39990234375,1872,2005.19995117188,7,2005.19995117188,2023-05-03
2008.80004882812,2012.40002441406,1890,1890,2,1890,2023-05-04
2124,2412,1872,2412,11,2412,2023-05-05
2307.60009765625,2484,1800,2448,30,2448,2023-05-08
2340,2556,2160,2520,15,2520,2023-05-09
2376,2498.39990234375,2340,2340,5,2340,2023-05-10
2376,2592,2376,2376,8,2376,2023-05-11
2448,2448,2361.60009765625,2376,19,2376,2023-05-12
2376,2534.39990234375,2376,2484,20,2484,2023-05-15
2494.80004882812,2520,2124,2412,6,2412,2023-05-16
2271.60009765625,2412,2268,2412,4,2412,2023-05-17
2520,2520,2268,2484,1,2484,2023-05-18
2264.39990234375,2476.80004882812,2059.19995117188,2412,10,2412,2023-05-19
2232,2516.39990234375,2196,2196,5,2196,2023-05-22
2340,2502,2232,2430,10,2430,2023-05-23
2124,2430,2124,2304,6,2304,2023-05-24
2235.60009765625,2282.39990234375,2124,2142,3,2142,2023-05-25
2394,2394,2160,2160,3,2160,2023-05-26
2055.60009765625,2232,2055.60009765625,2214,1,2214,2023-05-30
2160,2268,2052,2088,12,2088,2023-05-31
2016,2232,1944,2124,9,2124,2023-06-01
2088,2268,2026.80004882812,2232,28,2232,2023-06-02
2268,2484,2268,2412,15,2412,2023-06-05
2289.60009765625,2574,2289.60009765625,2451.60009765625,23,2451.60009765625,2023-06-06
2516.39990234375,3384,2340,2988,113,2988,2023-06-07
3315.60009765625,3456,2916,3232.80004882812,23,3232.80004882812,2023-06-08
3168,3384,2970,3225.60009765625,12,3225.60009765625,2023-06-09
3420,3420,3027.60009765625,3369.60009765625,19,3369.60009765625,2023-06-12
3265.19995117188,3528,3182.39990234375,3474,47,3474,2023-06-13
3276,3319.19995117188,2916,2959.19995117188,298,2959.19995117188,2023-06-14
2988,3258,2988,2988,18,2988,2023-06-15
2898,3240,1584,1872,558,1872,2023-06-16
1825.19995117188,1872,1605.59997558594,1724.40002441406,207,1724.40002441406,2023-06-20
1674,1674,1620,1620,56,1620,2023-06-21
1656,1692,1587.59997558594,1620,26,1620,2023-06-22
1681.19995117188,1681.19995117188,1602,1656,15,1656,2023-06-23
1674,1674,1476,1548,105,1548,2023-06-26
1555.19995117188,1587.59997558594,1296,1440,70,1440,2023-06-27
1440,1468.80004882812,1299.59997558594,1422,157,1422,2023-06-28
1378.80004882812,1378.80004882812,1231.19995117188,1260,108,1260,2023-06-29
1332,1386,1270.80004882812,1296,37,1296,2023-06-30
1382.40002441406,1382.40002441406,1296,1368,8,1368,2023-07-03
1332,1386,1260,1368,5,1368,2023-07-05
1360.80004882812,1360.80004882812,1278,1332,21,1332,2023-07-06
1296,1332,1260,1263.59997558594,22,1263.59997558594,2023-07-07
1263.59997558594,1407.59997558594,1263.59997558594,1342.80004882812,27,1342.80004882812,2023-07-10
1296,1368,1296,1346.40002441406,13,1346.40002441406,2023-07-11
1332,1332,1299.59997558594,1310.40002441406,16,1310.40002441406,2023-07-12
1332,1360.80004882812,1314,1332,35,1332,2023-07-13
1335.59997558594,1368,1314,1328.40002441406,12,1328.40002441406,2023-07-14
1314,1339.19995117188,1306.80004882812,1328.40002441406,16,1328.40002441406,2023-07-17
1350,1350,1306.80004882812,1317.59997558594,14,1317.59997558594,2023-07-18
1317.59997558594,1332,1314,1321.19995117188,14,1321.19995117188,2023-07-19
1314,1321.19995117188,1296,1317.59997558594,13,1317.59997558594,2023-07-20
1303.19995117188,1328.40002441406,1303.19995117188,1317.59997558594,9,1317.59997558594,2023-07-21
1317.59997558594,1324.80004882812,1292.40002441406,1292.40002441406,16,1292.40002441406,2023-07-24
1306.80004882812,1306.80004882812,1191.59997558594,1220.40002441406,34,1220.40002441406,2023-07-25
1260,1260,1220.40002441406,1252.80004882812,8,1252.80004882812,2023-07-26
1252.80004882812,1432.80004882812,1242,1332,193,1332,2023-07-27
1344,1662,1098,1302,635,1302,2023-07-28
1272,1320,1170,1248.59997558594,96,1248.59997558594,2023-07-31
1218,1242,1080,1092,123,1092,2023-08-01
1080,1092,997.200012207031,1050,52,1050,2023-08-02
1056,1122,1050,1068,17,1068,2023-08-03
1098,1104,978,995.400024414062,24,995.400024414062,2023-08-04
990,1110,978,1038,38,1038,2023-08-07
1056,1116,1008,1056,114,1056,2023-08-08
990,1047,990,1002,28,1002,2023-08-09
1044,1062,1002,1002,21,1002,2023-08-10
972,1404,900,942.599975585938,965,942.599975585938,2023-08-11
918,1140,882,906,369,906,2023-08-14
939,939,876,900,45,900,2023-08-15
882,900,882,882,15,882,2023-08-16
900,984,870,918,102,918,2023-08-17
888.599975585938,924,882,882,4,882,2023-08-18
870,906,870,870,10,870,2023-08-21
870,870,864,870,6,870,2023-08-22
888,909,852,852,4,852,2023-08-23
858,864,840,840,11,840,2023-08-24
861,861,840,840,2,840,2023-08-25
817.200012207031,858,817.200012207031,828,9,828,2023-08-28
858,876.599975585938,822,822,3,822,2023-08-29
948,948,822,834,5,834,2023-08-30
839.400024414062,840,839.400024414062,840,1,840,2023-08-31
828,925.200012207031,828,882,3,882,2023-09-01
852,924,852,924,6,924,2023-09-05
918,954,900,948,8,948,2023-09-06
852,942,852,942,2,942,2023-09-07
930,936,828,834,8,834,2023-09-08
852,879,834,877.799987792969,6,877.799987792969,2023-09-11
892.799987792969,912,852.599975585938,906.599975585938,10,906.599975585938,2023-09-12
852,888,852,858,10,858,2023-09-13
858,882,858,882,3,882,2023-09-14
852,880.799987792969,852,880.799987792969,2,880.799987792969,2023-09-15
864,870,834,834,2,834,2023-09-18
840,876,816,816,13,816,2023-09-19
876,876,805.200012207031,805.200012207031,4,805.200012207031,2023-09-20
868.799987792969,873.599975585938,824.400024414062,824.400024414062,4,824.400024414062,2023-09-21
792,864,666.599975585938,678,29,678,2023-09-22
690,751.799987792969,662.400024414062,672,7,672,2023-09-25
666,666,666,666,2,666,2023-09-26
615,661.200012207031,600,600,13,600,2023-09-27
618,624,546,546,16,546,2023-09-28
576,630,564,570,42,570,2023-09-29
576,840,552,774,61,774,2023-10-02
774,798,690,708,28,708,2023-10-03
756,756,688.799987792969,701.400024414062,4,701.400024414062,2023-10-04
696,702,696,696,3,696,2023-10-05
672,690,576,624,11,624,2023-10-06
612,612,612,612,1,612,2023-10-09
618,618,591.599975585938,606,11,606,2023-10-10
606,655.200012207031,582,624,12,624,2023-10-11
648,1242,648,720,2865,720,2023-10-12
606,712.200012207031,588.599975585938,648,205,648,2023-10-13
618,702,594,594,53,594,2023-10-16
588.599975585938,636,558.599975585938,636,49,636,2023-10-17
630,642,588,606,19,606,2023-10-18
560.400024414062,606,450,516,94,516,2023-10-19
516,522,468,468,12,468,2023-10-20
485.399993896484,486,474,474,17,474,2023-10-23
486,630,474,588,140,588,2023-10-24
582,650.400024414062,582,624,34,624,2023-10-25
612,822,612,648,83,648,2023-10-26
648,732,630,684,14,684,2023-10-27
630,696,630,636,23,636,2023-10-30
699.599975585938,699.599975585938,630,672,12,672,2023-10-31
648,666,642,657,9,657,2023-11-01
648.599975585938,725.400024414062,648.599975585938,666.599975585938,6,666.599975585938,2023-11-02
708.599975585938,708.599975585938,660,660,4,660,2023-11-03
725.400024414062,725.400024414062,654,654.599975585938,3,654.599975585938,2023-11-06
690,690,626.400024414062,678,13,678,2023-11-07
660,678,660,678,0,678,2023-11-08
657.599975585938,738,657.599975585938,738,4,738,2023-11-09
648,672,642,654,6,654,2023-11-10
636,642,630,630,8,630,2023-11-13
582,600,582,582,7,582,2023-11-14
570,570,570,570,4,570,2023-11-15
510,594,510,570,1,570,2023-11-16
555,570,540,570,3,570,2023-11-17
570,858,570,714,320,714,2023-11-20
702,702,618,648,63,648,2023-11-21
636,648,570,606,21,606,2023-11-22
624,624,624,624,1,624,2023-11-24
624,624,495.600006103516,540,27,540,2023-11-27
540,594,528,576.599975585938,8,576.599975585938,2023-11-28
546,576.599975585938,528.599975585938,576,4,576,2023-11-29
540,590.400024414062,480,507,20,507,2023-11-30
480,579,480,540,50,540,2023-12-01
552,738,552,672,99,672,2023-12-04
642,714,576.599975585938,606,62,606,2023-12-05
606,732,600,690,114,690,2023-12-06
726,918,726,852,466,852,2023-12-07
858,894,822,852,49,852,2023-12-08
852,869.400024414062,810,863.400024414062,13,863.400024414062,2023-12-11
840,870,840,870,6,870,2023-12-12
846,998.400024414062,846,924.599975585938,23,924.599975585938,2023-12-13
906,959.400024414062,876,876,5,876,2023-12-14
876,930,876,876,3,876,2023-12-15
864,899.400024414062,618,654,55,654,2023-12-18
900,900,678,798,77,798,2023-12-19
774,813,660,702,67,702,2023-12-20
690,756,678,714,9,714,2023-12-21
930,930,756,784.799987792969,92,784.799987792969,2023-12-22
972,1044,960,960,127,960,2023-12-26
1002,1110,978,1110,145,1110,2023-12-27
1140,1200,1056,1200,117,1200,2023-12-28
1116,1218,1056,1206,22,1206,2023-12-29
1193.40002441406,1193.40002441406,1119,1128,2,1128,2024-01-02
1050,1050,918,930,9,930,2024-01-03
894,942,733.799987792969,901.200012207031,66,901.200012207031,2024-01-04
876,1110,876,1002,7,1002,2024-01-05
1020,1626,1020,1368,2564,1368,2024-01-08
1284,1320,1230,1296,245,1296,2024-01-09
1440,1614,1410,1542,558,1542,2024-01-10
1626,1692,1590,1692,149,1692,2024-01-11
1680,1680,1620,1626,89,1626,2024-01-12
1626,1800,1212,1632,353,1632,2024-01-16
1308,1578,1308,1452,33,1452,2024-01-17
1464,1608,1296,1314,199,1314,2024-01-18
1461.59997558594,1530,1314,1320,17,1320,2024-01-19
1386,1518,1236,1284,28,1284,2024-01-22
1290,1320,1206,1218,15,1218,2024-01-23
1146,1260,1134,1134,67,1134,2024-01-24
1134,1188,997.200012207031,1056,91,1056,2024-01-25
1104,1302,1104,1176,67,1176,2024-01-26
1206,1467,1176,1434,90,1434,2024-01-29
1422,1422,1200,1224,99,1224,2024-01-30
1188,1428,1188,1254,32,1254,2024-01-31
1290,1350,1188,1188,31,1188,2024-02-01
1308,1764,1205.40002441406,1446,1029,1446,2024-02-02
1446,1519.80004882812,1170,1176,307,1176,2024-02-05
1164,1239,960,996,63,996,2024-02-06
996,1029,996,996,22,996,2024-02-07
996,996,682.200012207031,765,113,765,2024-02-08
750,827.400024414062,732,732,23,732,2024-02-09
732,804,732,798,30,798,2024-02-12
798,852,798,822,36,822,2024-02-13
852,984,840,945,94,945,2024-02-14
978,1056,966,1032,57,1032,2024-02-15
1074,1494,960,1476,1195,1476,2024-02-16
1092,1164,1038,1056,235,1056,2024-02-20
1056,1056,966,1002,37,1002,2024-02-21
996,1077,936,1032,64,1032,2024-02-22
1032,1065.59997558594,966,990,23,990,2024-02-23
996,999,960,960,14,960,2024-02-26
970.200012207031,1008,970.200012207031,990,18,990,2024-02-27
990,990,942,960,10,960,2024-02-28
1062,1212,1020,1128,193,1128,2024-02-29
1128,1284,1092.59997558594,1234.19995117188,98,1234.19995117188,2024-03-01
1206,1218,1098,1098,37,1098,2024-03-04
1098,1171.80004882812,1082.40002441406,1104,9,1104,2024-03-05
1110,1146,1092,1092,15,1092,2024-03-06
1104,1104,984,1032,65,1032,2024-03-07
1044,1044,966,1014,30,1014,2024-03-08
978,1132.80004882812,978,1062,49,1062,2024-03-11
1044,1110,1002,1014,13,1014,2024-03-12
1020,1050,1002,1038,10,1038,2024-03-13
1038,1038,930,948,55,948,2024-03-14
912,972,876,888,32,888,2024-03-15
900,960,879,930,1020,930,2024-03-18
930,1080,822,1050,415,1050,2024-03-19
1080,1158,1074,1080,107,1080,2024-03-20
1104,1272,1086,1242,204,1242,2024-03-21
1260,1260,1158,1188,181,1188,2024-03-22
1158,1200,1014,1014,70,1014,2024-03-25
1066.19995117188,1152,1026,1086,66,1086,2024-03-26
1116,1182,1086,1158,156,1158,2024-03-27
1194,1398,1194,1314,247,1314,2024-03-28
1326,1398,1236,1314,279,1314,2024-04-01
1416,1548,1386,1500,518,1500,2024-04-02
1440,1710,1440,1650,321,1650,2024-04-03
1626,1686,1282.19995117188,1356,426,1356,2024-04-04
1314,1356,1266,1284,159,1284,2024-04-05
1314,1314,942,1080,150,1080,2024-04-08
1068,1110,1038,1080,177,1080,2024-04-09
1020,1177.80004882812,1020,1050,27,1050,2024-04-10
1020,1070.40002441406,990,1002,19,1002,2024-04-11
960,1149.59997558594,939.599975585938,1032,119,1032,2024-04-12
1068,1290,960,1278,157,1278,2024-04-15
1290,1290,1032,1122,168,1122,2024-04-16
1122,1296,1080,1218,143,1218,2024-04-17
1308,1374,1104,1314,445,1314,2024-04-18
1302,1303.80004882812,1161.59997558594,1242,192,1242,2024-04-19
1260.59997558594,1266,1170,1170,15,1170,2024-04-22
1200,1338,1200,1320,87,1320,2024-04-23
1344,1368,1247.40002441406,1286.40002441406,59,1286.40002441406,2024-04-24
1296,1482,1146,1386,246,1386,2024-04-25
1374,1480.80004882812,1230,1308,33,1308,2024-04-26
1314,1439.40002441406,1314,1434,88,1434,2024-04-29
1464,1560,1302,1446,167,1446,2024-04-30
1400.40002441406,1542,1356,1356,52,1356,2024-05-01
1434,1470,1278,1302,136,1302,2024-05-02
1260,1308,1258.80004882812,1290,25,1290,2024-05-03
1363.80004882812,1363.80004882812,1302,1308,9,1308,2024-05-06
1404,1404,1224,1392,11,1392,2024-05-07
1266,1452,1236,1410,141,1410,2024-05-08
1370.40002441406,1410,1278,1290,13,1290,2024-05-09
1302,1302,1302,1302,2,1302,2024-05-10
1308,1434,1308,1401,17,1401,2024-05-13
1452,1650,1404,1575,115,1575,2024-05-14
1554,1770,1507.80004882812,1548,144,1548,2024-05-15
1620,1620,1410,1506,19,1506,2024-05-16
1470,1566,1386,1554,25,1554,2024-05-17
1530,1602,1398,1398,7,1398,2024-05-20
1410,1536,1377.59997558594,1530,15,1530,2024-05-21
1539,1539,1416,1494,17,1494,2024-05-22
1536,1536,1416,1500,4,1500,2024-05-23
1578,1590,1422,1440,15,1440,2024-05-24
1680,1794,1584,1650,205,1650,2024-05-28
1680,1686,1650,1668,39,1668,2024-05-29
1680,1686,1572.59997558594,1602,65,1602,2024-05-30
1614,1764,1440,1753.80004882812,128,1753.80004882812,2024-05-31
1740,1740,1524,1554,47,1554,2024-06-03
1548,1560,1296,1332,64,1332,2024-06-04
1266,1374,1224,1236,52,1236,2024-06-05
1308,1416,1269,1380,68,1380,2024-06-06
1680,1680,1488,1488,175,1488,2024-06-07
1500,1614,1416,1464,59,1464,2024-06-10
1410,1462.19995117188,1380,1380,26,1380,2024-06-11
1380,1476,1356,1404,16,1404,2024-06-12
1434,1440,1434,1440,1,1440,2024-06-13
1398,1440,1332,1332,26,1332,2024-06-14
1338,1434,1296,1374,17,1374,2024-06-17
1380,1404,1380,1380,10,1380,2024-06-18
1380,1390.80004882812,1380,1390.80004882812,3,1390.80004882812,2024-06-20
1422,1728,1410,1578,232,1578,2024-06-21
1572,1698,1560,1566,48,1566,2024-06-24
1584,1584,1506,1530,20,1530,2024-06-25
1455,1500,1434,1434,7,1434,2024-06-26
1482,1524,1440,1524,12,1524,2024-06-27
1518,1518,1452,1494,7,1494,2024-06-28
1404,1494,1404,1470,3,1470,2024-07-01
1590,1920,1590,1740,471,1740,2024-07-02
1770,1992,1740,1884,305,1884,2024-07-03
1920,2130,1919.40002441406,1998,415,1998,2024-07-05
2130,2280,2118,2232,289,2232,2024-07-08
2220,2592,2220,2310,266,2310,2024-07-09
2286,2304.60009765625,1758,2076,306,2076,2024-07-10
2076,2196,1836,2088,233,2088,2024-07-11
2100,2220,1722,1980,257,1980,2024-07-12
2316,2388,2040,2118,444,2118,2024-07-15
2160,2214,2070,2136,130,2136,2024-07-16
2292,2466,2220,2346,429,2346,2024-07-17
2334,2424,2328,2370,166,2370,2024-07-18
2340,2418,1896,2226,530,2226,2024-07-19
2166,2382,2166,2334,104,2334,2024-07-22
2388,2400,2076,2130,2881,2130,2024-07-23
2154,2196,2100,2166,2161,2166,2024-07-24
2160,2178,2076,2148,2288,2148,2024-07-25
2130,2250,2130,2244,1052,2244,2024-07-26
2244,2268,2160,2190,1232,2190,2024-07-29
2190,2220,2172,2208,262,2208,2024-07-30
2190,2238,2178,2214,429,2214,2024-07-31
2196,2214,1878,2155.19995117188,1345,2155.19995117188,2024-08-01
2154,2202,2124,2160,1439,2160,2024-08-02
2124,2268,2106,2262,3829,2262,2024-08-05
2226,2280,2178,2220,1497,2220,2024-08-06
2214,2267.39990234375,2184,2208,1298,2208,2024-08-07
2202,2298,2190,2274,1275,2274,2024-08-08
2244,2349,2232,2322,1122,2322,2024-08-09
2358,2370,2202,2262,2367,2262,2024-08-12
2280,2304,1770,2166,3763,2166,2024-08-13
2142,2340,1986,2232,4139,2232,2024-08-14
2238,2250,2178,2190,3351,2190,2024-08-15
2178,2280,2178,2262,2751,2262,2024-08-16
2238,2334,2220,2292,3604,2292,2024-08-19
2256,2310,1152,1896,14319,1896,2024-08-20
1758,1956,1530,1908,4541,1908,2024-08-21
1896,2100,1860,2046,1819,2046,2024-08-22
2004,2064,1740,1956,4875,1956,2024-08-23
1938,1950,1818,1842,1707,1842,2024-08-26
1944,2040,1626,1866,3891,1866,2024-08-27
1830,2010,1812,1926,2003,1926,2024-08-28
1902,2046,1866,1962,3754,1962,2024-08-29
1908,2034,1836,1950,3544,1950,2024-08-30
1926,1926,1746,1794,4178,1794,2024-09-03
1746,1890,1686,1812,1510,1812,2024-09-04
1812,1890,1782,1812,2105,1812,2024-09-05
1806,1872,1716,1740,3458,1740,2024-09-06
1746,1818,1698,1752,1494,1752,2024-09-09
1764,1890,1716,1854,4583,1854,2024-09-10
1860,2004,1794,1824,12656,1824,2024-09-11
1806,1860,786,1002,34759,1002,2024-09-12
672,756,228.600006103516,326.399993896484,50820,326.399993896484,2024-09-13
294.600006103516,325.200012207031,276,276,7129,276,2024-09-16
282,286.200012207031,234,237,5414,237,2024-09-17
223.199996948242,223.199996948242,205.800003051758,213.600006103516,4670,213.600006103516,2024-09-18
213,239.399993896484,192.600006103516,204.600006103516,4287,204.600006103516,2024-09-19
214.800003051758,216,167.399993896484,176.399993896484,5059,176.399993896484,2024-09-20
168,174,147,151.800003051758,4927,151.800003051758,2024-09-23
159,164.399993896484,156,157.199996948242,2723,157.199996948242,2024-09-24
160.199996948242,160.800003051758,144,147,2610,147,2024-09-25
147,150,134.399993896484,144.600006103516,3878,144.600006103516,2024-09-26
143.399993896484,150,135.600006103516,140.399993896484,2308,140.399993896484,2024-09-27
144.600006103516,154.199996948242,140.399993896484,146.399993896484,4359,146.399993896484,2024-09-30
144,153,123.599998474121,131.399993896484,3282,131.399993896484,2024-10-01
131.399993896484,140.399993896484,131.399993896484,138,1850,138,2024-10-02
126,136.800003051758,126,133.199996948242,1589,133.199996948242,2024-10-03
132,138,129,130.800003051758,1628,130.800003051758,2024-10-04
133.199996948242,137.399993896484,126,128.399993896484,1827,128.399993896484,2024-10-07
118.199996948242,130.800003051758,118.199996948242,130.199996948242,1158,130.199996948242,2024-10-08
130.199996948242,132,127.800003051758,130.199996948242,836,130.199996948242,2024-10-09
129,155.399993896484,129,146.399993896484,5474,146.399993896484,2024-10-10
148.800003051758,215.399993896484,148.800003051758,180,18557,180,2024-10-11
192,216,186,210,6739,210,2024-10-14
228,269.399993896484,222,263.399993896484,9602,263.399993896484,2024-10-15
282,600,186,292.799987792969,63130,292.799987792969,2024-10-16
292.799987792969,292.799987792969,241.800003051758,245.399993896484,4641,245.399993896484,2024-10-17
257.399993896484,290.399993896484,245.399993896484,249.600006103516,6141,249.600006103516,2024-10-18
260.399993896484,267,228,242.399993896484,2136,242.399993896484,2024-10-21
229.199996948242,238.199996948242,210,215.399993896484,1951,215.399993896484,2024-10-22
215.399993896484,215.399993896484,190.800003051758,215.399993896484,1613,215.399993896484,2024-10-23
213.600006103516,214.800003051758,199.800003051758,210,474,210,2024-10-24
199.800003051758,210,192,202.800003051758,1104,202.800003051758,2024-10-25
197.399993896484,198,186,189.600006103516,811,189.600006103516,2024-10-28
186,192.600006103516,185.399993896484,187.199996948242,709,187.199996948242,2024-10-29
180,186,132,163.800003051758,2920,163.800003051758,2024-10-30
150,162,150,157.800003051758,519,157.800003051758,2024-10-31
156,173.399993896484,152.399993896484,166.199996948242,1010,166.199996948242,2024-11-01
166.199996948242,171,162,168,569,168,2024-11-04
168,173.399993896484,165,168.600006103516,477,168.600006103516,2024-11-05
168.600006103516,174.600006103516,162,166.199996948242,1084,166.199996948242,2024-11-06
160.199996948242,162,144.600006103516,148.800003051758,885,148.800003051758,2024-11-07
145.199996948242,154.800003051758,144,151.199996948242,674,151.199996948242,2024-11-08
146.399993896484,153,141,147,635,147,2024-11-11
147,150,137.399993896484,139.800003051758,523,139.800003051758,2024-11-12
135.600006103516,137.399993896484,115.199996948242,117.599998474121,2260,117.599998474121,2024-11-13
115.800003051758,117.599998474121,85.8000030517578,97.1999969482422,2842,97.1999969482422,2024-11-14
97.8000030517578,99,72,84.5999984741211,3598,84.5999984741211,2024-11-15
78.4000015258789,91.1999969482422,72.4800033569336,86,3733,86,2024-11-18
86.4000015258789,86.4000015258789,79.6800003051758,82,1188,82,2024-11-19
81.1999969482422,81.5999984741211,71.4000015258789,74,1485,74,2024-11-20
72.8000030517578,73.8399963378906,68.4000015258789,71.5999984741211,1005,71.5999984741211,2024-11-21
71.5999984741211,82.4000015258789,69.5999984741211,77.1999969482422,2265,77.1999969482422,2024-11-22
74.8000030517578,78.9199981689453,74,74.4000015258789,1290,74.4000015258789,2024-11-25
74.4000015258789,75.4000015258789,69.5999984741211,72.4000015258789,1268,72.4000015258789,2024-11-26
71.2399978637695,72.8000030517578,66.8000030517578,68.8000030517578,830,68.8000030517578,2024-11-27
68,73.4000015258789,67.1999969482422,71.1999969482422,713,71.1999969482422,2024-11-29
68.8000030517578,104,66.8000030517578,77.1999969482422,12148,77.1999969482422,2024-12-02
76.4000015258789,92.1999969482422,71.5999984741211,80.8000030517578,17228,80.8000030517578,2024-12-03
75.1999969482422,78.4000015258789,70.4000015258789,71.4000015258789,4130,71.4000015258789,2024-12-04
74.8000030517578,78,40,42,50428,42,2024-12-05
120.800003051758,197.199996948242,110.400001525879,135.600006103516,2343228,135.600006103516,2024-12-06
66,69.1999969482422,53.5999984741211,55.2000007629395,136300,55.2000007629395,2024-12-09
53.5999984741211,54,44,46.4000015258789,40175,46.4000015258789,2024-12-10
44.4000015258789,45.5200004577637,41.5999984741211,42.7999992370605,25978,42.7999992370605,2024-12-11
42.4000015258789,42.7999992370605,32.1199989318848,32.4000015258789,30228,32.4000015258789,2024-12-12
33.1199989318848,33.1199989318848,27.2399997711182,30.8799991607666,11068,30.8799991607666,2024-12-13
30.5599994659424,31.3600006103516,26.8400001525879,27.2000007629395,13758,27.2000007629395,2024-12-16
28,28.7999992370605,25.2000007629395,27.6000003814697,10080,27.6000003814697,2024-12-17
27.6000003814697,28.6000003814697,27.2000007629395,27.3600006103516,12543,27.3600006103516,2024-12-18
28,28.3999996185303,24.7999992370605,25.3999996185303,7068,25.3999996185303,2024-12-19
25.6000003814697,25.7199993133545,24.3999996185303,25.4799995422363,6023,25.4799995422363,2024-12-20
25.2000007629395,25.3999996185303,24.3999996185303,25.2000007629395,11348,25.2000007629395,2024-12-23
24.7999992370605,25.6000003814697,24.4400005340576,25.3600006103516,3785,25.3600006103516,2024-12-24
26.1599998474121,28,24.3999996185303,27.3999996185303,365385,27.3999996185303,2024-12-26
25.2000007629395,26.3999996185303,24.3999996185303,24.8799991607666,45463,24.8799991607666,2024-12-27
25,25.2000007629395,24.3999996185303,25.2000007629395,20328,25.2000007629395,2024-12-30
25.2000007629395,25.2000007629395,24.1200008392334,24.3999996185303,13293,24.3999996185303,2024-12-31
24.4400005340576,25.8799991607666,24.4400005340576,25.7600002288818,16943,25.7600002288818,2025-01-02
25.2800006866455,26.3999996185303,24.9200000762939,25.6399993896484,15015,25.6399993896484,2025-01-03
25.5599994659424,26.3199996948242,25.0799999237061,26,19353,26,2025-01-06
26,26.0400009155273,24.8799991607666,25.6000003814697,11298,25.6000003814697,2025-01-07
25.7999992370605,25.7999992370605,24.3999996185303,24.7199993133545,13165,24.7199993133545,2025-01-08
25.6000003814697,27.1599998474121,24.1599998474121,25.2000007629395,19148,25.2000007629395,2025-01-10
24.6000003814697,24.7600002288818,20.6800003051758,20.7999992370605,19408,20.7999992370605,2025-01-13
20.3999996185303,22.7999992370605,20.3999996185303,21.6000003814697,84925,21.6000003814697,2025-01-14
20,21,19.2399997711182,20.9599990844727,20008,20.9599990844727,2025-01-15
19.6800003051758,20.7600002288818,19.3999996185303,20,5913,20,2025-01-16
20,21.6000003814697,20,20.8799991607666,8218,20.8799991607666,2025-01-17
20.7999992370605,20.7999992370605,19.6000003814697,20.2399997711182,6568,20.2399997711182,2025-01-21
19.6399993896484,20.3999996185303,19.4400005340576,19.6399993896484,5095,19.6399993896484,2025-01-22
19.6000003814697,21.2000007629395,19.6000003814697,21,4823,21,2025-01-23
21,21,20,20.0799999237061,2488,20.0799999237061,2025-01-24
19.8400001525879,21.5599994659424,19.8400001525879,20.0400009155273,7175,20.0400009155273,2025-01-27
20.2000007629395,21.0799999237061,20.0400009155273,20.6800003051758,4565,20.6800003051758,2025-01-28
20.3199996948242,20.6399993896484,16,18,11510,18,2025-01-29
17.6000003814697,18,16.3199996948242,16.7999992370605,7358,16.7999992370605,2025-01-30
16.1599998474121,17.2000007629395,16.0400009155273,16.2000007629395,2968,16.2000007629395,2025-01-31
16.7999992370605,17.7999992370605,16.3999996185303,16.6800003051758,21320,16.6800003051758,2025-02-03
12,12,10.1199998855591,10.8000001907349,47548,10.8000001907349,2025-02-04
9.27999973297119,9.39999961853027,7.19999980926514,8.23999977111816,795330,8.23999977111816,2025-02-05
7.07999992370605,7.07999992370605,5.67999982833862,6.44000005722046,120738,6.44000005722046,2025-02-06
8.27999973297119,9.80000019073486,6.40000009536743,7.3600001335144,3607430,7.3600001335144,2025-02-07
7.07999992370605,7.44000005722046,6.6399998664856,7.07999992370605,174603,7.07999992370605,2025-02-10
6.88000011444092,8.23999977111816,6.40000009536743,7.76000022888184,292918,7.76000022888184,2025-02-11
6.92000007629395,7.55999994277954,6.51999998092651,7.40000009536743,114370,7.40000009536743,2025-02-12
6.76000022888184,7.03999996185303,6.32000017166138,6.6399998664856,75295,6.6399998664856,2025-02-13
6.11999988555908,6.59999990463257,5.84000015258789,6.59999990463257,44843,6.59999990463257,2025-02-14
6.59999990463257,6.59999990463257,5.59999990463257,6.19999980926514,48650,6.19999980926514,2025-02-18
5.59999990463257,5.96000003814697,5.59999990463257,5.96000003814697,32563,5.96000003814697,2025-02-19
5.59999990463257,6.07999992370605,5.59999990463257,5.71999979019165,608030,5.71999979019165,2025-02-20
10.3599996566772,13.960000038147,7.07999992370605,8.03999996185303,10505315,8.03999996185303,2025-02-21
6.96000003814697,7.03999996185303,5.96000003814697,6.40000009536743,235558,6.40000009536743,2025-02-24
6,6.40000009536743,5.71999979019165,6,132220,6,2025-02-25
5.92000007629395,6.59999990463257,5.6399998664856,6.11999988555908,75553,6.11999988555908,2025-02-26
5.59999990463257,5.88000011444092,5.32000017166138,5.3600001335144,54865,5.3600001335144,2025-02-27
5.28000020980835,5.40000009536743,4.84000015258789,5.11999988555908,54475,5.11999988555908,2025-02-28
5.03999996185303,5.07999992370605,4.59999990463257,4.67999982833862,74723,4.67999982833862,2025-03-03
4.71999979019165,4.96000003814697,4.44000005722046,4.80000019073486,39835,4.80000019073486,2025-03-04
5.03999996185303,5.07999992370605,4.59999990463257,4.92000007629395,13848,4.92000007629395,2025-03-05
5.19999980926514,5.40000009536743,4.88000011444092,4.92000007629395,18395,4.92000007629395,2025-03-06
4.80000019073486,5.59999990463257,4.80000019073486,5.3600001335144,70005,5.3600001335144,2025-03-07
5.59999990463257,5.96000003814697,5.11999988555908,5.28000020980835,42788,5.28000020980835,2025-03-10
5.59999990463257,5.59999990463257,5.19999980926514,5.51999998092651,13025,5.51999998092651,2025-03-11
5.3600001335144,5.51999998092651,5.03999996185303,5.28000020980835,13360,5.28000020980835,2025-03-12
5.28000020980835,5.28000020980835,4.67999982833862,4.84000015258789,14400,4.84000015258789,2025-03-13
4.19999980926514,4.40000009536743,3.64000010490417,4.11999988555908,64858,4.11999988555908,2025-03-14
4,4.07999992370605,3.6800000667572,3.92000007629395,32488,3.92000007629395,2025-03-17
4,4,3.59999990463257,3.83999991416931,14753,3.83999991416931,2025-03-18
3.79999995231628,4.07999992370605,3.79999995231628,3.92000007629395,15130,3.92000007629395,2025-03-19
3.35999989509583,3.55999994277954,3.24000000953674,3.55999994277954,62388,3.55999994277954,2025-03-20
3.3199999332428,3.55999994277954,3.20000004768372,3.51999998092651,36180,3.51999998092651,2025-03-21
3.28999996185303,4.3899998664856,3.28999996185303,4.3899998664856,263400,4.3899998664856,2025-03-24
4.03999996185303,5.6399998664856,3.71000003814697,4.5,399600,4.5,2025-03-25
4.80999994277954,4.96999979019165,4.35599994659424,4.84999990463257,91800,4.84999990463257,2025-03-26
4.63000011444092,5.3600001335144,4.51000022888184,5.3600001335144,111800,5.3600001335144,2025-03-27
5.57000017166138,5.57000017166138,4.51000022888184,4.8899998664856,64800,4.8899998664856,2025-03-28
4.73999977111816,4.97700023651123,3.90000009536743,4.09999990463257,116900,4.09999990463257,2025-03-31
3.51999998092651,3.86999988555908,2.66000008583069,2.85999989509583,203300,2.85999989509583,2025-04-01
2.72000002861023,3.13199996948242,2.50999999046326,2.84999990463257,158400,2.84999990463257,2025-04-02
2.66000008583069,2.95000004768372,2.50999999046326,2.88000011444092,101300,2.88000011444092,2025-04-03
3,3.73399996757507,3,3.45000004768372,272400,3.45000004768372,2025-04-04
3.35999989509583,3.35999989509583,2.77999997138977,3.08999991416931,156600,3.08999991416931,2025-04-07
2.85999989509583,4.69999980926514,2.85999989509583,3.95000004768372,1407200,3.95000004768372,2025-04-08
3.6800000667572,3.95000004768372,2.79999995231628,3.27999997138977,280300,3.27999997138977,2025-04-09
3.13000011444092,3.95000004768372,3.09999990463257,3.52999997138977,97000,3.52999997138977,2025-04-10
3.40000009536743,3.69899988174438,3.35999989509583,3.51999998092651,66500,3.51999998092651,2025-04-11
3.53999996185303,3.5699999332428,3.0699999332428,3.3510000705719,93400,3.3510000705719,2025-04-14
3.29999995231628,3.53999996185303,3.20000004768372,3.30999994277954,45200,3.30999994277954,2025-04-15
3.45000004768372,5.21999979019165,3.1010000705719,3.66000008583069,1369700,3.66000008583069,2025-04-16
3.66000008583069,3.93700003623962,3.34999990463257,3.55999994277954,159300,3.55999994277954,2025-04-17
3.3199999332428,5.46999979019165,3.05999994277954,4.1399998664856,2829800,4.1399998664856,2025-04-21
3.5699999332428,4.07999992370605,3.5699999332428,3.60999989509583,203800,3.60999989509583,2025-04-22
3.67000007629395,4.01900005340576,3.67000007629395,3.80999994277954,71900,3.80999994277954,2025-04-23
3.8199999332428,3.9779999256134,3.60999989509583,3.79999995231628,66300,3.79999995231628,2025-04-24
4,4.30000019073486,3.6800000667572,4.19999980926514,264500,4.19999980926514,2025-04-25
4.67999982833862,6.92999982833862,4.30000019073486,5.94999980926514,6983400,5.94999980926514,2025-04-28
5.40999984741211,5.40999984741211,4.30999994277954,4.38000011444092,343900,4.38000011444092,2025-04-29
4.19999980926514,5.46999979019165,4.01000022888184,4.78000020980835,278700,4.78000020980835,2025-04-30
5.1100001335144,5.1399998664856,4.71999979019165,4.88000011444092,68200,4.88000011444092,2025-05-01
4.76999998092651,4.90000009536743,4.57999992370605,4.73000001907349,42600,4.73000001907349,2025-05-02
4.90000009536743,6.5,4.28000020980835,4.61999988555908,827400,4.61999988555908,2025-05-05
4.57999992370605,4.78999996185303,4.28000020980835,4.46999979019165,233000,4.46999979019165,2025-05-06
4.69999980926514,5.26000022888184,4.65000009536743,5.09000015258789,253200,5.09000015258789,2025-05-07
4.96000003814697,5.07999992370605,4.67600011825562,4.78000020980835,126000,4.78000020980835,2025-05-08
4.80999994277954,5.30000019073486,4.71000003814697,4.88000011444092,171300,4.88000011444092,2025-05-09
4.86999988555908,7.5,4.30000019073486,4.42999982833862,915600,4.42999982833862,2025-05-12
4.8600001335144,5.38000011444092,4.6100001335144,5.11999988555908,1166800,5.11999988555908,2025-05-13
5.19999980926514,5.22800016403198,4.76000022888184,4.90999984741211,101500,4.90999984741211,2025-05-14
4.88000011444092,5.1100001335144,4.80000019073486,4.90999984741211,79100,4.90999984741211,2025-05-15
5.15000009536743,5.59999990463257,5.05000019073486,5.48999977111816,121700,5.48999977111816,2025-05-16
5.61999988555908,6.28999996185303,5.33900022506714,6.28999996185303,134400,6.28999996185303,2025-05-19
6.42000007629395,6.42000007629395,5.71000003814697,6.03000020980835,74200,6.03000020980835,2025-05-20
5.73999977111816,5.94999980926514,5.40000009536743,5.57999992370605,44800,5.57999992370605,2025-05-21
5.40000009536743,5.51100015640259,5.25,5.5,35000,5.5,2025-05-22
5.25,5.4060001373291,4.59999990463257,4.67000007629395,61000,4.67000007629395,2025-05-23
4.82999992370605,4.94999980926514,4.59999990463257,4.65000009536743,19400,4.65000009536743,2025-05-27
4.7020001411438,4.91800022125244,4.7020001411438,4.71999979019165,18400,4.71999979019165,2025-05-28
4.73099994659424,5.09000015258789,4.59999990463257,5.09000015258789,24500,5.09000015258789,2025-05-29
4.95499992370605,5.05999994277954,4.69000005722046,4.69999980926514,21000,4.69999980926514,2025-05-30
4.92999982833862,4.92999982833862,4.6100001335144,4.82999992370605,17700,4.82999992370605,2025-06-02
4.69000005722046,4.75600004196167,4.51999998092651,4.55000019073486,16700,4.55000019073486,2025-06-03
4.76800012588501,4.76800012588501,3.75999999046326,4.21999979019165,849500,4.21999979019165,2025-06-04
4.23999977111816,4.23999977111816,3.79999995231628,4.19999980926514,98900,4.19999980926514,2025-06-05
4,4.34999990463257,4,4.28999996185303,54200,4.28999996185303,2025-06-06
4.13000011444092,4.25,3.91000008583069,4.1100001335144,28100,4.1100001335144,2025-06-09
4.05999994277954,4.19999980926514,4.01000022888184,4.17999982833862,28900,4.17999982833862,2025-06-10
4.05000019073486,4.25,4.01999998092651,4.1100001335144,36000,4.1100001335144,2025-06-11
4.07999992370605,4.07999992370605,3.84999990463257,3.89000010490417,37400,3.89000010490417,2025-06-12
4,4.08799982070923,3.73000001907349,3.98000001907349,44800,3.98000001907349,2025-06-13
3.89000010490417,3.98000001907349,3.80100011825562,3.95000004768372,16300,3.95000004768372,2025-06-16
3.88100004196167,3.97000002861023,3.84999990463257,3.97000002861023,26200,3.97000002861023,2025-06-17
3.98000001907349,4.09999990463257,3.95000004768372,4.09999990463257,15000,4.09999990463257,2025-06-18
4.03999996185303,4.05000019073486,3.88499999046326,3.9300000667572,17200,3.9300000667572,2025-06-20
3.91000008583069,3.91000008583069,3.72000002861023,3.76999998092651,35700,3.76999998092651,2025-06-23
3.74000000953674,3.82999992370605,3.45000004768372,3.60999989509583,24500,3.60999989509583,2025-06-24
3.64000010490417,3.79999995231628,3.59999990463257,3.77999997138977,22200,3.77999997138977,2025-06-25
3.70000004768372,3.79999995231628,3.64000010490417,3.78999996185303,10800,3.78999996185303,2025-06-26
3.72000002861023,3.78900003433228,3.55200004577637,3.65000009536743,15200,3.65000009536743,2025-06-27
3.65000009536743,3.85999989509583,3.58800005912781,3.75,41300,3.75,2025-06-30
3.88800001144409,3.88800001144409,3.65000009536743,3.79999995231628,8200,3.79999995231628,2025-07-01
3.91300010681152,3.91300010681152,3.67199993133545,3.8199999332428,7800,3.8199999332428,2025-07-02
3.8199999332428,3.8199999332428,3.65000009536743,3.70000004768372,3400,3.70000004768372,2025-07-03
3.72000002861023,3.72000002861023,3.60800004005432,3.60999989509583,9700,3.60999989509583,2025-07-07
3.66000008583069,3.79500007629395,3.54200005531311,3.74000000953674,56400,3.74000000953674,2025-07-08
3.58999991416931,3.77999997138977,3.58999991416931,3.64000010490417,8000,3.64000010490417,2025-07-09
3.64000010490417,3.78299999237061,3.53999996185303,3.76999998092651,31400,3.76999998092651,2025-07-10
3.75,3.96000003814697,3.64000010490417,3.79999995231628,14800,3.79999995231628,2025-07-11
3.70000004768372,3.9300000667572,3.66700005531311,3.82999992370605,117600,3.82999992370605,2025-07-14
3.82999992370605,3.94000005722046,3.63000011444092,3.72000002861023,99000,3.72000002861023,2025-07-15
3.73000001907349,3.96000003814697,3.59999990463257,3.71000003814697,54900,3.71000003814697,2025-07-16
3.75,3.77999997138977,3.53099989891052,3.54999995231628,57400,3.54999995231628,2025-07-17
3.63000011444092,3.63000011444092,3.23699998855591,3.26999998092651,27000,3.26999998092651,2025-07-18
3.30999994277954,3.55999994277954,3.30999994277954,3.48000001907349,12000,3.48000001907349,2025-07-21
3.47000002861023,3.76799988746643,3.35999989509583,3.65000009536743,38800,3.65000009536743,2025-07-22
3.65000009536743,3.98000001907349,3.65000009536743,3.82500004768372,17900,3.82500004768372,2025-07-23
3.79999995231628,3.84999990463257,3.625,3.66000008583069,18000,3.66000008583069,2025-07-24
3.71099996566772,4.13000011444092,3.40000009536743,3.83999991416931,116400,3.83999991416931,2025-07-25
3.83999991416931,5.17999982833862,3.79999995231628,4.25,405400,4.25,2025-07-28
4,4.09999990463257,3.7720000743866,4.01999998092651,59000,4.01999998092651,2025-07-29
3.80699992179871,3.85999989509583,3.52999997138977,3.65000009536743,20700,3.65000009536743,2025-07-30
3.75,3.84400010108948,3.52999997138977,3.53699994087219,27800,3.53699994087219,2025-07-31
3.65000009536743,3.67000007629395,3.40000009536743,3.48000001907349,12200,3.48000001907349,2025-08-01
3.42000007629395,3.85999989509583,3.29999995231628,3.67000007629395,190500,3.67000007629395,2025-08-04
3.63000011444092,3.63899993896484,3.35999989509583,3.58999991416931,36500,3.58999991416931,2025-08-05
3.50999999046326,3.59999990463257,3.33999991416931,3.51999998092651,18200,3.51999998092651,2025-08-06
3.54999995231628,3.90000009536743,3.39000010490417,3.69000005722046,14000,3.69000005722046,2025-08-07
3.77999997138977,3.78999996185303,3.38000011444092,3.59299993515015,11600,3.59299993515015,2025-08-08
3.65000009536743,3.70600008964539,3.41000008583069,3.57999992370605,7800,3.57999992370605,2025-08-11
3.5,3.6800000667572,3.29999995231628,3.41000008583069,19100,3.41000008583069,2025-08-12
3.44000005722046,5.40000009536743,3.38000011444092,4.40000009536743,541700,4.40000009536743,2025-08-13
3.78999996185303,3.78999996185303,3.40000009536743,3.55999994277954,88000,3.55999994277954,2025-08-14
3.49000000953674,3.65000009536743,3.41000008583069,3.51999998092651,16800,3.51999998092651,2025-08-15
3.4300000667572,3.51999998092651,3.36999988555908,3.41799998283386,15500,3.41799998283386,2025-08-18
3.5,3.5,3.3199999332428,3.4210000038147,12400,3.4210000038147,2025-08-19
3.52500009536743,3.58899998664856,3.39000010490417,3.5699999332428,20000,3.5699999332428,2025-08-20
3.47000002861023,3.47000002861023,3.42000007629395,3.4300000667572,4700,3.4300000667572,2025-08-21
3.44400000572205,3.55999994277954,3.41000008583069,3.48200011253357,17300,3.48200011253357,2025-08-22
3.49000000953674,3.64000010490417,3.48000001907349,3.55999994277954,17500,3.55999994277954,2025-08-25
3.45000004768372,3.76999998092651,3.45000004768372,3.76999998092651,41200,3.76999998092651,2025-08-26
3.54999995231628,3.78999996185303,3.53999996185303,3.6800000667572,17100,3.6800000667572,2025-08-27
3.60999989509583,3.79999995231628,3.50999999046326,3.54999995231628,16900,3.54999995231628,2025-08-28
3.55999994277954,3.68499994277954,3.54099988937378,3.5460000038147,2800,3.5460000038147,2025-08-29
3.53999996185303,3.63000011444092,3.49000000953674,3.50600004196167,4600,3.50600004196167,2025-09-02
3.50500011444092,4.48999977111816,3.5,3.75,438700,3.75,2025-09-03
3.58999991416931,3.85500001907349,3.5,3.73000001907349,86500,3.73000001907349,2025-09-04
3.63000011444092,3.84999990463257,3.52500009536743,3.54999995231628,45300,3.54999995231628,2025-09-05
3.59999990463257,5.28000020980835,3.3199999332428,3.77999997138977,893900,3.77999997138977,2025-09-08
3.59999990463257,4.19999980926514,3.5,4,110900,4,2025-09-09
4.15999984741211,4.48999977111816,3.79999995231628,3.83999991416931,87000,3.83999991416931,2025-09-10
3.92000007629395,4.17000007629395,3.85999989509583,4.07999992370605,37000,4.07999992370605,2025-09-11
4.09999990463257,4.17000007629395,3.97000002861023,4.00799989700317,11000,4.00799989700317,2025-09-12
4.01000022888184,4.14099979400635,3.89100003242493,3.90000009536743,16700,3.90000009536743,2025-09-15
3.91000008583069,4.3600001335144,3.8840000629425,4.13000011444092,43500,4.13000011444092,2025-09-16
4.09999990463257,4.78999996185303,4.00799989700317,4.34999990463257,180300,4.34999990463257,2025-09-17
4.34000015258789,4.40500020980835,4.09000015258789,4.15000009536743,66400,4.15000009536743,2025-09-18
4.76999998092651,6.80000019073486,3.78999996185303,4.48999977111816,1957400,4.48999977111816,2025-09-19
4.19000005722046,4.63000011444092,4.19000005722046,4.44000005722046,124200,4.44000005722046,2025-09-22
4.07000017166138,4.42999982833862,4.07000017166138,4.15000009536743,70600,4.15000009536743,2025-09-23
4.11999988555908,4.24200010299683,4.01999998092651,4.15999984741211,31300,4.15999984741211,2025-09-24
4.07999992370605,4.34999990463257,4,4.34999990463257,41500,4.34999990463257,2025-09-25
4.23999977111816,4.61999988555908,4.21000003814697,4.44000005722046,33100,4.44000005722046,2025-09-26
4.34000015258789,4.65999984741211,4.30000019073486,4.51999998092651,27900,4.51999998092651,2025-09-29
4.57999992370605,4.60500001907349,4.19999980926514,4.19999980926514,22900,4.19999980926514,2025-09-30
4.30000019073486,4.40999984741211,4.26999998092651,4.40000009536743,6100,4.40000009536743,2025-10-01
4.57999992370605,4.57999992370605,4.30999994277954,4.48999977111816,9300,4.48999977111816,2025-10-02
4.48000001907349,4.71000003814697,4.34200000762939,4.71000003814697,19800,4.71000003814697,2025-10-03
4.78000020980835,4.82000017166138,4.59000015258789,4.73999977111816,11600,4.73999977111816,2025-10-06
5.11999988555908,5.5,4.80000019073486,5.17000007629395,1056700,5.17000007629395,2025-10-07
7.40999984741211,11,7.03000020980835,9.46000003814697,22904900,9.46000003814697,2025-10-08
6.30999994277954,7.46999979019165,6.01000022888184,7.21999979019165,490000,7.21999979019165,2025-10-09
