"WBLK.MI.Open","WBLK.MI.High","WBLK.MI.Low","WBLK.MI.Close","WBLK.MI.Volume","WBLK.MI.Adjusted","Date"
24.3799991607666,24.3799991607666,24.3799991607666,23.9799995422363,200,23.9799995422363,2022-09-27
23.9799995422363,23.9799995422363,23.9799995422363,23.9799995422363,0,23.9799995422363,2022-09-28
23.5049991607666,23.5049991607666,23.5049991607666,23.4249992370605,7,23.4249992370605,2022-09-29
23.4249992370605,23.4249992370605,23.4249992370605,23.4249992370605,0,23.4249992370605,2022-09-30
23.4249992370605,23.4249992370605,23.4249992370605,23.4249992370605,0,23.4249992370605,2022-10-03
23.4249992370605,23.4249992370605,23.4249992370605,23.4249992370605,0,23.4249992370605,2022-10-04
23.4249992370605,23.4249992370605,23.4249992370605,23.4249992370605,0,23.4249992370605,2022-10-05
23.4249992370605,23.4249992370605,23.4249992370605,23.4249992370605,0,23.4249992370605,2022-10-06
23.4249992370605,23.4249992370605,23.4249992370605,23.4249992370605,0,23.4249992370605,2022-10-07
23.4249992370605,23.4249992370605,23.4249992370605,23.4249992370605,0,23.4249992370605,2022-10-10
23.4249992370605,23.4249992370605,23.4249992370605,23.4249992370605,0,23.4249992370605,2022-10-11
23.4249992370605,23.4249992370605,23.4249992370605,23.4249992370605,0,23.4249992370605,2022-10-12
23.4249992370605,23.4249992370605,23.4249992370605,23.4249992370605,0,23.4249992370605,2022-10-13
23.4249992370605,23.4249992370605,23.4249992370605,23.4249992370605,0,23.4249992370605,2022-10-14
23.4249992370605,23.4249992370605,23.4249992370605,23.4249992370605,0,23.4249992370605,2022-10-17
23.4249992370605,23.4249992370605,23.4249992370605,23.4249992370605,0,23.4249992370605,2022-10-18
23.4249992370605,23.4249992370605,23.4249992370605,23.4249992370605,0,23.4249992370605,2022-10-19
22.3299999237061,22.3299999237061,22.3299999237061,22.8649997711182,60,22.8649997711182,2022-10-20
22.8649997711182,22.8649997711182,22.8649997711182,22.8649997711182,0,22.8649997711182,2022-10-21
22.6100006103516,22.6100006103516,22.6100006103516,22.25,1,22.25,2022-10-24
22.25,22.25,22.25,22.25,0,22.25,2022-10-25
22.25,22.25,22.25,22.25,0,22.25,2022-10-26
22.25,22.25,22.25,22.25,0,22.25,2022-10-27
23.7049999237061,24.0550003051758,23.7049999237061,24.0349998474121,300,24.0349998474121,2022-10-28
24.0349998474121,24.0349998474121,24.0349998474121,24.0349998474121,0,24.0349998474121,2022-10-31
24.0349998474121,24.0349998474121,24.0349998474121,24.0349998474121,0,24.0349998474121,2022-11-01
24.0349998474121,24.0349998474121,24.0349998474121,24.0349998474121,0,24.0349998474121,2022-11-02
22.8649997711182,22.8649997711182,22.8649997711182,22.6200008392334,8,22.6200008392334,2022-11-03
22.5900001525879,22.5900001525879,22.5900001525879,22.4599990844727,2,22.4599990844727,2022-11-04
22.4599990844727,22.4599990844727,22.4599990844727,22.4599990844727,0,22.4599990844727,2022-11-07
22.4599990844727,22.4599990844727,22.4599990844727,22.4599990844727,0,22.4599990844727,2022-11-08
22.4599990844727,22.4599990844727,22.4599990844727,22.4599990844727,0,22.4599990844727,2022-11-09
19.5,19.5,19.1620006561279,19.5459995269775,2002,19.5459995269775,2022-11-10
19.5459995269775,19.5459995269775,19.5459995269775,19.5459995269775,0,19.5459995269775,2022-11-11
19.5459995269775,19.5459995269775,19.5459995269775,19.5459995269775,0,19.5459995269775,2022-11-14
19.5459995269775,19.5459995269775,19.5459995269775,19.5459995269775,0,19.5459995269775,2022-11-15
19.5459995269775,19.5459995269775,19.5459995269775,19.5459995269775,0,19.5459995269775,2022-11-16
19.5459995269775,19.5459995269775,19.5459995269775,19.5459995269775,0,19.5459995269775,2022-11-17
19.5459995269775,19.5459995269775,19.5459995269775,19.5459995269775,0,19.5459995269775,2022-11-18
17.1979999542236,17.1979999542236,17.1979999542236,16.5639991760254,10,16.5639991760254,2022-11-21
16.5639991760254,16.5639991760254,16.5639991760254,16.5639991760254,0,16.5639991760254,2022-11-22
16.5639991760254,16.5639991760254,16.5639991760254,16.5639991760254,0,16.5639991760254,2022-11-23
16.5639991760254,16.5639991760254,16.5639991760254,16.5639991760254,0,16.5639991760254,2022-11-24
16.5639991760254,16.5639991760254,16.5639991760254,16.5639991760254,0,16.5639991760254,2022-11-25
16.67799949646,16.67799949646,16.67799949646,16.4599990844727,10,16.4599990844727,2022-11-28
16.4599990844727,16.4599990844727,16.4599990844727,16.4599990844727,0,16.4599990844727,2022-11-29
16.4599990844727,16.4599990844727,16.4599990844727,16.4599990844727,0,16.4599990844727,2022-11-30
17.1700000762939,17.1700000762939,17.1700000762939,17.1539993286133,40,17.1539993286133,2022-12-01
17.1539993286133,17.1539993286133,17.1539993286133,17.1539993286133,0,17.1539993286133,2022-12-02
17.492000579834,17.492000579834,17.492000579834,17.0499992370605,100,17.0499992370605,2022-12-05
17.0499992370605,17.0499992370605,17.0499992370605,17.0499992370605,0,17.0499992370605,2022-12-06
17.0499992370605,17.0499992370605,17.0499992370605,17.0499992370605,0,17.0499992370605,2022-12-07
17.0499992370605,17.0499992370605,17.0499992370605,17.0499992370605,0,17.0499992370605,2022-12-08
17.0499992370605,17.0499992370605,17.0499992370605,17.0499992370605,0,17.0499992370605,2022-12-09
17.0499992370605,17.0499992370605,17.0499992370605,17.0499992370605,0,17.0499992370605,2022-12-12
17.0499992370605,17.0499992370605,17.0499992370605,17.0499992370605,0,17.0499992370605,2022-12-13
15.1560001373291,15.1560001373291,15.1560001373291,15.253999710083,3,15.253999710083,2022-12-14
14.3000001907349,14.3000001907349,14.3000001907349,14.3000001907349,75,14.3000001907349,2022-12-15
14.3000001907349,14.3000001907349,14.3000001907349,14.3000001907349,0,14.3000001907349,2022-12-16
14.3000001907349,14.3000001907349,14.3000001907349,14.3000001907349,0,14.3000001907349,2022-12-19
14.3000001907349,14.3000001907349,14.3000001907349,14.3000001907349,0,14.3000001907349,2022-12-20
14.3000001907349,14.3000001907349,14.3000001907349,14.3000001907349,0,14.3000001907349,2022-12-21
14.3000001907349,14.3000001907349,14.3000001907349,14.3000001907349,0,14.3000001907349,2022-12-22
14.3000001907349,14.3000001907349,14.3000001907349,14.3000001907349,0,14.3000001907349,2022-12-23
13.4700002670288,13.4700002670288,13.4700002670288,12.9680004119873,24,12.9680004119873,2022-12-27
12.7559995651245,12.7559995651245,12.7559995651245,12.4899997711182,119,12.4899997711182,2022-12-28
12.4899997711182,12.4899997711182,12.4899997711182,12.4899997711182,0,12.4899997711182,2022-12-29
12.4899997711182,12.4899997711182,12.4899997711182,12.4899997711182,0,12.4899997711182,2022-12-30
12.4899997711182,12.4899997711182,12.4899997711182,12.4899997711182,0,12.4899997711182,2023-01-02
13.6599998474121,13.6599998474121,13.6599998474121,13.293999671936,13,13.293999671936,2023-01-03
13.293999671936,13.293999671936,13.293999671936,13.293999671936,0,13.293999671936,2023-01-04
13.293999671936,13.293999671936,13.293999671936,13.293999671936,0,13.293999671936,2023-01-05
13.293999671936,13.293999671936,13.293999671936,13.293999671936,0,13.293999671936,2023-01-06
14.0699996948242,14.0699996948242,14.0699996948242,14.7559995651245,75,14.7559995651245,2023-01-09
14.4040002822876,14.4499998092651,14.4040002822876,14.793999671936,103,14.793999671936,2023-01-10
14.793999671936,14.793999671936,14.793999671936,14.793999671936,0,14.793999671936,2023-01-11
14.793999671936,14.793999671936,14.793999671936,14.793999671936,0,14.793999671936,2023-01-12
16.7220001220703,16.7220001220703,16.7220001220703,17.1480007171631,22,17.1480007171631,2023-01-13
18.068000793457,18.17799949646,17.8339996337891,17.8980007171631,18306,17.8980007171631,2023-01-16
17.6720008850098,18,17.6720008850098,17.5900001525879,6183,17.5900001525879,2023-01-17
17.5900001525879,17.5900001525879,17.5900001525879,17.5900001525879,0,17.5900001525879,2023-01-18
16.5820007324219,16.5820007324219,16.5820007324219,16.5559997558594,9348,16.5559997558594,2023-01-19
16.8339996337891,16.8339996337891,16.8339996337891,17.3560009002686,150,17.3560009002686,2023-01-20
17.3560009002686,17.3560009002686,17.3560009002686,17.3560009002686,0,17.3560009002686,2023-01-23
18.8540000915527,18.8540000915527,18.8540000915527,19.1259994506836,52,19.1259994506836,2023-01-24
19.1259994506836,19.1259994506836,19.1259994506836,19.1259994506836,0,19.1259994506836,2023-01-25
19.1259994506836,19.1259994506836,19.1259994506836,19.1259994506836,0,19.1259994506836,2023-01-26
19.1259994506836,19.1259994506836,19.1259994506836,19.1259994506836,0,19.1259994506836,2023-01-27
18.5599994659424,18.5599994659424,18.3939990997314,18.5200004577637,240,18.5200004577637,2023-01-30
17.9740009307861,17.9740009307861,17.9740009307861,18.3479995727539,60,18.3479995727539,2023-01-31
18.6439990997314,18.6439990997314,18.6439990997314,18.2199993133545,16,18.2199993133545,2023-02-01
20.2000007629395,21.7649993896484,20.1499996185303,21.7150001525879,9388,21.7150001525879,2023-02-02
21.0599994659424,21.8649997711182,21.0599994659424,21.7749996185303,87,21.7749996185303,2023-02-03
21.7749996185303,21.7749996185303,21.7749996185303,21.7749996185303,0,21.7749996185303,2023-02-06
20.6200008392334,20.7700004577637,19.7439994812012,19.75,2483,19.75,2023-02-07
19.75,19.75,19.75,19.75,0,19.75,2023-02-08
19.9979991912842,20.1499996185303,19.246000289917,19.068000793457,5306,19.068000793457,2023-02-09
18,18,17.9780006408691,17.826000213623,230,17.826000213623,2023-02-10
17.826000213623,17.826000213623,17.826000213623,17.826000213623,0,17.826000213623,2023-02-13
17.826000213623,17.826000213623,17.826000213623,17.826000213623,0,17.826000213623,2023-02-14
17.826000213623,17.826000213623,17.826000213623,17.826000213623,0,17.826000213623,2023-02-15
20.8899993896484,20.8899993896484,20.8899993896484,20.8349990844727,35,20.8349990844727,2023-02-16
20.8349990844727,20.8349990844727,20.8349990844727,20.8349990844727,0,20.8349990844727,2023-02-17
20.8349990844727,20.8349990844727,20.8349990844727,20.8349990844727,0,20.8349990844727,2023-02-20
19.5419998168945,19.5419998168945,18.9659996032715,18.6459999084473,15,18.6459999084473,2023-02-21
18.1879997253418,18.1879997253418,18.1879997253418,18.1180000305176,5698,18.1180000305176,2023-02-22
18.1180000305176,18.1180000305176,18.1180000305176,18.1180000305176,0,18.1180000305176,2023-02-23
18.1180000305176,18.1180000305176,18.1180000305176,18.1180000305176,0,18.1180000305176,2023-02-24
18.1180000305176,18.1180000305176,18.1180000305176,18.1180000305176,0,18.1180000305176,2023-02-27
17.6299991607666,17.6299991607666,17.6280002593994,18.5459995269775,2808,18.5459995269775,2023-02-28
18.3999996185303,18.5820007324219,17.8519992828369,17.8519992828369,157,17.8519992828369,2023-03-01
16.2000007629395,16.2000007629395,16.1000003814697,16.246000289917,114,16.246000289917,2023-03-02
16.4440002441406,16.4440002441406,16.4440002441406,16.4260005950928,610,16.4260005950928,2023-03-03
16.8020000457764,16.8020000457764,16.8020000457764,17.2719993591309,7,17.2719993591309,2023-03-06
17.2719993591309,17.2719993591309,17.2719993591309,17.2719993591309,0,17.2719993591309,2023-03-07
17.2719993591309,17.2719993591309,17.2719993591309,17.2719993591309,0,17.2719993591309,2023-03-08
15.4259996414185,15.4259996414185,15.4259996414185,15.5100002288818,100,15.5100002288818,2023-03-09
15.5100002288818,15.5100002288818,15.5100002288818,15.5100002288818,0,15.5100002288818,2023-03-10
14.2959995269775,14.4200000762939,13.2620000839233,13.5260000228882,22351,13.5260000228882,2023-03-13
13.5260000228882,13.5260000228882,13.5260000228882,13.5260000228882,0,13.5260000228882,2023-03-14
13.5260000228882,13.5260000228882,13.5260000228882,13.5260000228882,0,13.5260000228882,2023-03-15
13.5260000228882,13.5260000228882,13.5260000228882,13.5260000228882,0,13.5260000228882,2023-03-16
13.5260000228882,13.5260000228882,13.5260000228882,13.5260000228882,0,13.5260000228882,2023-03-17
15.1719999313354,15.9840002059937,15.1719999313354,15.4379997253418,279,15.4379997253418,2023-03-20
16.0599994659424,16.1459999084473,16.0599994659424,16.3659992218018,120,16.3659992218018,2023-03-21
16.7660007476807,16.7660007476807,16.7660007476807,16.5580005645752,300,16.5580005645752,2023-03-22
15.1780004501343,15.5200004577637,15.1780004501343,15.460000038147,148,15.460000038147,2023-03-23
15.1800003051758,15.1800003051758,15.1800003051758,14.8680000305176,14,14.8680000305176,2023-03-24
14.5200004577637,14.5200004577637,14.5200004577637,14.0780000686646,150,14.0780000686646,2023-03-27
14.0780000686646,14.0780000686646,14.0780000686646,14.0780000686646,0,14.0780000686646,2023-03-28
14.0780000686646,14.0780000686646,14.0780000686646,14.0780000686646,0,14.0780000686646,2023-03-29
15.1719999313354,15.3959999084473,15.1719999313354,15.3240003585815,1952,15.3240003585815,2023-03-30
15.3240003585815,15.3240003585815,15.3240003585815,15.3240003585815,0,15.3240003585815,2023-03-31
16.1380004882812,16.1380004882812,16.1380004882812,15.5860004425049,25,15.5860004425049,2023-04-03
15.5860004425049,15.5860004425049,15.5860004425049,15.5860004425049,0,15.5860004425049,2023-04-04
15.7299995422363,15.7299995422363,15.7299995422363,15.1520004272461,65,15.1520004272461,2023-04-05
15.1800003051758,15.1800003051758,15.1780004501343,15.2679996490479,110,15.2679996490479,2023-04-06
16.5300006866455,16.8959999084473,16.5160007476807,17.2119998931885,23503,17.2119998931885,2023-04-11
17.3959999084473,17.3959999084473,17.1840000152588,16.9060001373291,1020,16.9060001373291,2023-04-12
18.1119995117188,18.5139999389648,18.0240001678467,18.2339992523193,2057,18.2339992523193,2023-04-13
18.5,18.6539993286133,18.5,18.0499992370605,1195,18.0499992370605,2023-04-14
18.3880004882812,18.3880004882812,17.7439994812012,17.7660007476807,145,17.7660007476807,2023-04-17
17.7660007476807,17.7660007476807,17.7660007476807,17.7660007476807,0,17.7660007476807,2023-04-18
17.7660007476807,17.7660007476807,17.7660007476807,17.7660007476807,0,17.7660007476807,2023-04-19
17.0960006713867,17.0960006713867,17.0960006713867,16.753999710083,600,16.753999710083,2023-04-20
16.753999710083,16.753999710083,16.753999710083,16.753999710083,0,16.753999710083,2023-04-21
16.753999710083,16.753999710083,16.753999710083,16.753999710083,0,16.753999710083,2023-04-24
15.4479999542236,15.4479999542236,15.4479999542236,15.46399974823,10106,15.46399974823,2023-04-25
15.9700002670288,15.9700002670288,15.9700002670288,16.5659999847412,16,16.5659999847412,2023-04-26
15.9119997024536,15.9119997024536,15.9119997024536,15.8819999694824,7,15.8819999694824,2023-04-27
15.8819999694824,15.8819999694824,15.8819999694824,15.8819999694824,0,15.8819999694824,2023-04-28
15.3339996337891,15.4280004501343,15.3339996337891,15.5860004425049,45,15.5860004425049,2023-05-02
15.7760000228882,15.7760000228882,15.7760000228882,15.4940004348755,5,15.4940004348755,2023-05-03
15.4940004348755,15.4940004348755,15.4940004348755,15.4940004348755,0,15.4940004348755,2023-05-04
16.25,16.25,16.25,16.1720008850098,1,16.1720008850098,2023-05-05
16.1720008850098,16.1720008850098,16.1720008850098,16.1720008850098,0,16.1720008850098,2023-05-08
16.1720008850098,16.1720008850098,16.1720008850098,16.1720008850098,0,16.1720008850098,2023-05-09
16.1720008850098,16.1720008850098,16.1720008850098,16.1720008850098,0,16.1720008850098,2023-05-10
16.1720008850098,16.1720008850098,16.1720008850098,16.1720008850098,0,16.1720008850098,2023-05-11
16.1720008850098,16.1720008850098,16.1720008850098,16.1720008850098,0,16.1720008850098,2023-05-12
16.1019992828369,16.1700000762939,16.1019992828369,16.1520004272461,309,16.1520004272461,2023-05-15
16.1520004272461,16.1520004272461,16.1520004272461,16.1520004272461,0,16.1520004272461,2023-05-16
16.1520004272461,16.1520004272461,16.1520004272461,16.1520004272461,0,16.1520004272461,2023-05-17
16.1520004272461,16.1520004272461,16.1520004272461,16.1520004272461,0,16.1520004272461,2023-05-18
16.1520004272461,16.1520004272461,16.1520004272461,16.1520004272461,0,16.1520004272461,2023-05-19
16.1520004272461,16.1520004272461,16.1520004272461,16.1520004272461,0,16.1520004272461,2023-05-22
16.1520004272461,16.1520004272461,16.1520004272461,16.1520004272461,0,16.1520004272461,2023-05-23
16.6539993286133,16.6539993286133,16.6539993286133,16.5799999237061,1000,16.5799999237061,2023-05-24
16.5799999237061,16.5799999237061,16.5799999237061,16.5799999237061,0,16.5799999237061,2023-05-25
16.5799999237061,16.5799999237061,16.5799999237061,16.5799999237061,0,16.5799999237061,2023-05-26
16.8579998016357,16.923999786377,16.8579998016357,16.742000579834,710,16.742000579834,2023-05-29
16.742000579834,16.742000579834,16.742000579834,16.742000579834,0,16.742000579834,2023-05-30
17,17,17,17.0300006866455,1,17.0300006866455,2023-05-31
17.4179992675781,17.4179992675781,17.4179992675781,17.0300006866455,24,17.0300006866455,2023-06-01
17.7119998931885,17.7119998931885,17.3059997558594,17.503999710083,115,17.503999710083,2023-06-02
17.753999710083,17.753999710083,17.753999710083,17.0459995269775,15,17.0459995269775,2023-06-05
17.0459995269775,17.0459995269775,17.0459995269775,17.0459995269775,0,17.0459995269775,2023-06-06
17.0459995269775,17.0459995269775,17.0459995269775,17.0459995269775,0,17.0459995269775,2023-06-07
17.0459995269775,17.0459995269775,17.0459995269775,17.0459995269775,0,17.0459995269775,2023-06-08
17.0459995269775,17.0459995269775,17.0459995269775,17.0459995269775,0,17.0459995269775,2023-06-09
16.4360008239746,16.4360008239746,16.2159996032715,16.4120006561279,80,16.4120006561279,2023-06-12
16.4120006561279,16.4120006561279,16.4120006561279,16.4120006561279,0,16.4120006561279,2023-06-13
16.8640003204346,16.8640003204346,16.8640003204346,16.9599990844727,6,16.9599990844727,2023-06-14
16.9599990844727,16.9599990844727,16.9599990844727,16.9599990844727,0,16.9599990844727,2023-06-15
16.9599990844727,16.9599990844727,16.9599990844727,16.9599990844727,0,16.9599990844727,2023-06-16
16.9599990844727,16.9599990844727,16.9599990844727,16.9599990844727,0,16.9599990844727,2023-06-19
16.9599990844727,16.9599990844727,16.9599990844727,16.9599990844727,0,16.9599990844727,2023-06-20
18.5300006866455,18.5300006866455,18.5300006866455,18.8579998016357,200,18.8579998016357,2023-06-21
18.6679992675781,18.6679992675781,18.5499992370605,17.7240009307861,135,17.7240009307861,2023-06-22
18.4360008239746,18.4360008239746,18.4360008239746,18.8460006713867,30,18.8460006713867,2023-06-23
18.681999206543,18.681999206543,18.681999206543,18.5779991149902,52,18.5779991149902,2023-06-26
18.5779991149902,18.5779991149902,18.5779991149902,18.5779991149902,0,18.5779991149902,2023-06-27
19.7180004119873,19.7180004119873,19.6119995117188,19.4860000610352,108,19.4860000610352,2023-06-28
19.6499996185303,19.8600006103516,19.6499996185303,19.9139995574951,44,19.9139995574951,2023-06-29
19.9139995574951,19.9139995574951,19.9139995574951,19.9139995574951,0,19.9139995574951,2023-06-30
19.9139995574951,19.9139995574951,19.9139995574951,19.9139995574951,0,19.9139995574951,2023-07-03
21.7800006866455,21.8349990844727,21.7450008392334,21.6299991607666,86,21.6299991607666,2023-07-04
21.2250003814697,21.4449996948242,21.2250003814697,21.5,114,21.5,2023-07-05
21.5,21.5,21.5,21.5,0,21.5,2023-07-06
21.6350002288818,22.7849998474121,21.6350002288818,22.9500007629395,344,22.9500007629395,2023-07-07
22.3449993133545,22.8250007629395,22.3449993133545,22.7399997711182,57,22.7399997711182,2023-07-10
23.8199996948242,24.1299991607666,23.8199996948242,24.2600002288818,95,24.2600002288818,2023-07-11
24.6499996185303,24.6499996185303,24.3850002288818,24.5949993133545,110,24.5949993133545,2023-07-12
24.3999996185303,24.75,24.3999996185303,25.2849998474121,95,25.2849998474121,2023-07-13
26.9650001525879,26.9650001525879,26.6000003814697,26.6849994659424,165,26.6849994659424,2023-07-14
26.0550003051758,26.0550003051758,26.0100002288818,26.0100002288818,31,26.0100002288818,2023-07-17
26.0100002288818,26.0100002288818,26.0100002288818,26.0100002288818,0,26.0100002288818,2023-07-18
25.1350002288818,25.1350002288818,25.1350002288818,25.8349990844727,19,25.8349990844727,2023-07-19
25.8349990844727,25.8349990844727,25.8349990844727,25.8349990844727,0,25.8349990844727,2023-07-20
25.8349990844727,25.8349990844727,25.8349990844727,25.8349990844727,0,25.8349990844727,2023-07-21
24.5750007629395,24.5750007629395,24.5750007629395,24.1299991607666,200,24.1299991607666,2023-07-24
24.5550003051758,24.7250003814697,24.5550003051758,25.3150005340576,650,25.3150005340576,2023-07-25
24.5650005340576,24.6499996185303,24.5650005340576,24.5450000762939,211,24.5450000762939,2023-07-26
24.5450000762939,24.5450000762939,24.5450000762939,24.5450000762939,0,24.5450000762939,2023-07-27
24.5450000762939,24.5450000762939,24.5450000762939,24.5450000762939,0,24.5450000762939,2023-07-28
24.8199996948242,24.8199996948242,24.8199996948242,25.3050003051758,50,25.3050003051758,2023-07-31
25.1100006103516,25.1100006103516,25.1100006103516,23.8500003814697,18,23.8500003814697,2023-08-01
24.2999992370605,24.2999992370605,24.2999992370605,23.8850002288818,81,23.8850002288818,2023-08-02
23.3700008392334,23.3700008392334,23.3700008392334,23.8250007629395,150,23.8250007629395,2023-08-03
23.4300003051758,23.4300003051758,23.2700004577637,22.875,108,22.875,2023-08-04
22.6149997711182,22.6149997711182,22.6149997711182,21.2849998474121,30,21.2849998474121,2023-08-07
22.0200004577637,22.0499992370605,22.0200004577637,22.0499992370605,33,22.0499992370605,2023-08-08
22.0499992370605,22.0499992370605,22.0499992370605,22.0499992370605,0,22.0499992370605,2023-08-09
22.0499992370605,22.0499992370605,22.0499992370605,22.0499992370605,0,22.0499992370605,2023-08-10
21.3299999237061,21.3299999237061,21.125,21.5400009155273,229,21.5400009155273,2023-08-11
21.5400009155273,21.5400009155273,21.5400009155273,21.5400009155273,0,21.5400009155273,2023-08-14
20.5550003051758,20.5550003051758,20.5550003051758,19.7740001678467,50,19.7740001678467,2023-08-16
19.6879997253418,19.9080009460449,19.3439998626709,19.3439998626709,205,19.3439998626709,2023-08-17
19.3439998626709,19.3439998626709,19.3439998626709,19.3439998626709,0,19.3439998626709,2023-08-18
18.3999996185303,18.3999996185303,18.3999996185303,18.003999710083,50,18.003999710083,2023-08-21
18.003999710083,18.003999710083,18.003999710083,18.003999710083,0,18.003999710083,2023-08-22
18.3139991760254,18.5860004425049,18.2240009307861,18.503999710083,185,18.503999710083,2023-08-23
18.6000003814697,18.6000003814697,18.5139999389648,18.0599994659424,130,18.0599994659424,2023-08-24
18.0599994659424,18.0599994659424,18.0599994659424,18.0599994659424,0,18.0599994659424,2023-08-25
18.0599994659424,18.0599994659424,18.0599994659424,18.0599994659424,0,18.0599994659424,2023-08-28
17.996000289917,19.9500007629395,17.996000289917,19.8040008544922,460,19.8040008544922,2023-08-29
19.8040008544922,19.8040008544922,19.8040008544922,19.8040008544922,0,19.8040008544922,2023-08-30
19.8040008544922,19.8040008544922,19.8040008544922,19.8040008544922,0,19.8040008544922,2023-08-31
18.988000869751,19.076000213623,18.988000869751,18.818000793457,70,18.818000793457,2023-09-01
18.9659996032715,18.9659996032715,18.9659996032715,18.7119998931885,5,18.7119998931885,2023-09-04
18.7119998931885,18.7119998931885,18.7119998931885,18.7119998931885,0,18.7119998931885,2023-09-05
18.7119998931885,18.7119998931885,18.7119998931885,18.7119998931885,0,18.7119998931885,2023-09-06
18.7119998931885,18.7119998931885,18.7119998931885,18.7119998931885,0,18.7119998931885,2023-09-07
19.0779991149902,19.0779991149902,18.8999996185303,18.1359996795654,113,18.1359996795654,2023-09-08
18.3020000457764,18.3020000457764,17.746000289917,17.6380004882812,800,17.6380004882812,2023-09-11
17.6380004882812,17.6380004882812,17.6380004882812,17.6380004882812,0,17.6380004882812,2023-09-12
17.6380004882812,17.6380004882812,17.6380004882812,17.6380004882812,0,17.6380004882812,2023-09-13
17.6380004882812,17.6380004882812,17.6380004882812,17.6380004882812,0,17.6380004882812,2023-09-14
18.3899993896484,18.42799949646,18.3439998626709,17.8299999237061,62,17.8299999237061,2023-09-15
17.8299999237061,17.8299999237061,17.8299999237061,17.8299999237061,0,17.8299999237061,2023-09-18
18.0979995727539,18.0979995727539,18.0979995727539,17.7819995880127,10,17.7819995880127,2023-09-19
17.7819995880127,17.7819995880127,17.7819995880127,17.7819995880127,0,17.7819995880127,2023-09-20
16.9799995422363,16.9799995422363,16.9799995422363,16.6760005950928,6,16.6760005950928,2023-09-21
16.67799949646,16.67799949646,16.67799949646,16.3540000915527,200,16.3540000915527,2023-09-22
16.1040000915527,16.3400001525879,16.1040000915527,16.0559997558594,70,16.0559997558594,2023-09-25
16.0559997558594,16.0559997558594,16.0559997558594,16.0559997558594,0,16.0559997558594,2023-09-26
16.0559997558594,16.0559997558594,16.0559997558594,16.0559997558594,0,16.0559997558594,2023-09-27
16.0559997558594,16.0559997558594,16.0559997558594,16.0559997558594,0,16.0559997558594,2023-09-28
16.0559997558594,16.0559997558594,16.0559997558594,16.0559997558594,0,16.0559997558594,2023-09-29
16.0559997558594,16.0559997558594,16.0559997558594,16.0559997558594,0,16.0559997558594,2023-10-02
16.3139991760254,16.3139991760254,15.7659997940063,15.7659997940063,190,15.7659997940063,2023-10-03
15.4460000991821,15.706000328064,15.4460000991821,15.4759998321533,194,15.4759998321533,2023-10-04
15.4759998321533,15.4759998321533,15.4759998321533,15.4759998321533,0,15.4759998321533,2023-10-05
15.4759998321533,15.4759998321533,15.4759998321533,15.4759998321533,0,15.4759998321533,2023-10-06
15.4759998321533,15.4759998321533,15.4759998321533,15.4759998321533,0,15.4759998321533,2023-10-09
15.4759998321533,15.4759998321533,15.4759998321533,15.4759998321533,0,15.4759998321533,2023-10-10
16.488000869751,16.488000869751,16.488000869751,16.2859992980957,6,16.2859992980957,2023-10-11
16.2859992980957,16.2859992980957,16.2859992980957,16.2859992980957,0,16.2859992980957,2023-10-12
16.2859992980957,16.2859992980957,16.2859992980957,16.2859992980957,0,16.2859992980957,2023-10-13
15.8599996566772,15.9320001602173,15.8599996566772,15.8140001296997,13,15.8140001296997,2023-10-16
15.9759998321533,16.761999130249,15.9759998321533,16.761999130249,146,16.761999130249,2023-10-17
16.761999130249,16.761999130249,16.761999130249,16.761999130249,0,16.761999130249,2023-10-18
15.7480001449585,15.7480001449585,15.7480001449585,15.7200002670288,1,15.7200002670288,2023-10-19
15.7200002670288,15.7200002670288,15.7200002670288,15.7200002670288,0,15.7200002670288,2023-10-20
15.7200002670288,15.7200002670288,15.7200002670288,15.7200002670288,0,15.7200002670288,2023-10-23
17.32200050354,17.32200050354,17.32200050354,17.4479999542236,3434,17.4479999542236,2023-10-24
17.32200050354,17.32200050354,17.32200050354,17.3659992218018,200,17.3659992218018,2023-10-25
17.3659992218018,17.3659992218018,17.3659992218018,17.3659992218018,0,17.3659992218018,2023-10-26
17.3659992218018,17.3659992218018,17.3659992218018,17.3659992218018,0,17.3659992218018,2023-10-27
17.3659992218018,17.3659992218018,17.3659992218018,17.3659992218018,0,17.3659992218018,2023-10-30
15.960000038147,15.960000038147,15.960000038147,16.2080001831055,1,16.2080001831055,2023-10-31
16.3700008392334,16.3700008392334,16.3020000457764,16.2299995422363,106,16.2299995422363,2023-11-01
16.8560009002686,17.25,16.8560009002686,17.25,541,17.25,2023-11-02
17.6439990997314,17.8799991607666,17.6439990997314,17.92799949646,537,17.92799949646,2023-11-03
17.8500003814697,17.8500003814697,17.8500003814697,17.6860008239746,35,17.6860008239746,2023-11-06
17.6860008239746,17.6860008239746,17.6860008239746,17.6860008239746,0,17.6860008239746,2023-11-07
17.3059997558594,17.3059997558594,16.9419994354248,16.7339992523193,1419,16.7339992523193,2023-11-08
17.4360008239746,17.4360008239746,17.4360008239746,17.6620006561279,11,17.6620006561279,2023-11-09
17.6620006561279,17.6620006561279,17.6620006561279,17.6620006561279,0,17.6620006561279,2023-11-10
16.7740001678467,16.7740001678467,16.57200050354,16.6940002441406,1379,16.6940002441406,2023-11-13
16.496000289917,16.6439990997314,16.496000289917,16.7180004119873,300,16.7180004119873,2023-11-14
16.8519992828369,17.3360004425049,16.8299999237061,17.3360004425049,1530,17.3360004425049,2023-11-15
17.4020004272461,17.4020004272461,17.4020004272461,16.7019996643066,100,16.7019996643066,2023-11-16
16.7019996643066,16.7019996643066,16.7019996643066,16.7019996643066,0,16.7019996643066,2023-11-17
17.2099990844727,17.2099990844727,17.2099990844727,17.5319995880127,160,17.5319995880127,2023-11-20
17.5319995880127,17.5319995880127,17.5319995880127,17.5319995880127,0,17.5319995880127,2023-11-21
17.6959991455078,17.7339992523193,17.5440006256104,17.7399997711182,2599,17.7399997711182,2023-11-22
17.7399997711182,17.7399997711182,17.7399997711182,17.7399997711182,0,17.7399997711182,2023-11-23
17.9820003509521,18.8799991607666,17.9820003509521,18.7959995269775,2137,18.7959995269775,2023-11-24
18.8099994659424,18.8099994659424,18.8099994659424,18.9519996643066,5,18.9519996643066,2023-11-27
19.3859996795654,19.3859996795654,19.3859996795654,19.5620002746582,60,19.5620002746582,2023-11-28
20.2450008392334,20.2950000762939,20.1599998474121,20.2099990844727,2379,20.2099990844727,2023-11-29
20.5,20.5,20.5,20.0499992370605,150,20.0499992370605,2023-11-30
19.9220008850098,21.0599994659424,19.9200000762939,21.4950008392334,5891,21.4950008392334,2023-12-01
22.3299999237061,23.6900005340576,22.3299999237061,22.6000003814697,6371,22.6000003814697,2023-12-04
23.2350006103516,23.3999996185303,23.0049991607666,24.2000007629395,3865,24.2000007629395,2023-12-05
24.3799991607666,24.4549999237061,24.0249996185303,24.3199996948242,1002,24.3199996948242,2023-12-06
23.9799995422363,23.9799995422363,23.9050006866455,23.9050006866455,934,23.9050006866455,2023-12-07
23.7549991607666,24.5799999237061,23.7549991607666,24.4449996948242,401,24.4449996948242,2023-12-08
24.4449996948242,24.4449996948242,24.4449996948242,24.4449996948242,0,24.4449996948242,2023-12-11
23.6049995422363,23.6049995422363,23.5799999237061,22.8649997711182,400,22.8649997711182,2023-12-12
23.7900009155273,23.7900009155273,23.7900009155273,23.9850006103516,40,23.9850006103516,2023-12-13
25.4099998474121,25.7350006103516,25.2849998474121,25.4549999237061,1080,25.4549999237061,2023-12-14
26.0699996948242,26.4249992370605,26.0699996948242,25.3649997711182,225,25.3649997711182,2023-12-15
25.7700004577637,25.8999996185303,25.2150001525879,26.0200004577637,631,26.0200004577637,2023-12-18
26.9799995422363,27.6399993896484,26.9799995422363,27.7549991607666,168,27.7549991607666,2023-12-19
27.4400005340576,28.4349994659424,27.4400005340576,28.2199993133545,734,28.2199993133545,2023-12-20
27.5499992370605,28.0699996948242,27.5499992370605,27.9699993133545,206,27.9699993133545,2023-12-21
28.9050006866455,29.2950000762939,28.9050006866455,29.5249996185303,191,29.5249996185303,2023-12-22
30.5049991607666,31.2999992370605,30.4799995422363,31.5149993896484,2543,31.5149993896484,2023-12-27
32.6199989318848,33.0550003051758,30.75,30.75,2146,30.75,2023-12-28
31.1499996185303,31.875,30.75,28.4850006103516,2533,28.4850006103516,2023-12-29
30.1900005340576,31.1599998474121,30.1149997711182,28.75,187,28.75,2024-01-02
27.8700008392334,27.875,27.0149993896484,27.3649997711182,908,27.3649997711182,2024-01-03
27.2250003814697,27.2999992370605,27.2250003814697,27.7900009155273,126,27.7900009155273,2024-01-04
28.0699996948242,28.1450004577637,27.1100006103516,26.5599994659424,1549,26.5599994659424,2024-01-05
26.6499996185303,26.75,26.3500003814697,26.5599994659424,194,26.5599994659424,2024-01-08
27.7950000762939,27.8950004577637,27.4699993133545,27.875,294,27.875,2024-01-09
27.2199993133545,27.2199993133545,26.8950004577637,27.4599990844727,258,27.4599990844727,2024-01-10
28.7950000762939,28.7950000762939,25.5,25.6749992370605,542,25.6749992370605,2024-01-11
24.9099998474121,25.3799991607666,24.9099998474121,24.1499996185303,801,24.1499996185303,2024-01-12
22.7000007629395,22.8299999237061,22.6700000762939,22.9549999237061,371,22.9549999237061,2024-01-15
23.2999992370605,23.3500003814697,22.9050006866455,23.1100006103516,1465,23.1100006103516,2024-01-16
22.0249996185303,22.0249996185303,22.0249996185303,22.0049991607666,50,22.0049991607666,2024-01-17
22.5599994659424,22.5699996948242,22.5100002288818,22.0949993133545,414,22.0949993133545,2024-01-18
21.1399993896484,21.3449993133545,20.8199996948242,20.8199996948242,2167,20.8199996948242,2024-01-19
21.4400005340576,21.8899993896484,21.2299995422363,21.7999992370605,657,21.7999992370605,2024-01-22
21.7999992370605,21.7999992370605,21.7999992370605,21.7999992370605,0,21.7999992370605,2024-01-23
22.2350006103516,22.2350006103516,22.1350002288818,21.6900005340576,1105,21.6900005340576,2024-01-24
21.3600006103516,21.6849994659424,21.1749992370605,21.6849994659424,111,21.6849994659424,2024-01-25
22.3999996185303,22.4750003814697,22.2450008392334,22.7299995422363,1100,22.7299995422363,2024-01-26
23.2299995422363,23.2299995422363,23.2299995422363,24.3199996948242,10,24.3199996948242,2024-01-29
24.125,24.125,24,23.3799991607666,137,23.3799991607666,2024-01-30
23.0900001525879,23.125,23.0900001525879,23.5100002288818,177,23.5100002288818,2024-01-31
22.9899997711182,22.9899997711182,22.4300003051758,22.4300003051758,26,22.4300003051758,2024-02-01
23.4799995422363,23.4799995422363,22.7749996185303,23.2250003814697,192,23.2250003814697,2024-02-02
23.1650009155273,23.1650009155273,23.0100002288818,22.2250003814697,73,22.2250003814697,2024-02-05
22,22.1849994659424,22,22.8299999237061,316,22.8299999237061,2024-02-06
22.7049999237061,22.7049999237061,22.3850002288818,22.6200008392334,1179,22.6200008392334,2024-02-07
22.6200008392334,22.6200008392334,22.6200008392334,22.6200008392334,0,22.6200008392334,2024-02-08
26.7000007629395,27.7000007629395,26.7000007629395,27.0599994659424,973,27.0599994659424,2024-02-09
28.5599994659424,30.2600002288818,28.5450000762939,30.4850006103516,389,30.4850006103516,2024-02-12
30.8400001525879,30.9150009155273,29.375,29.5450000762939,1785,29.5450000762939,2024-02-13
30.4699993133545,33.2550010681152,30.2399997711182,32.3349990844727,3387,32.3349990844727,2024-02-14
33.439998626709,34.0250015258789,32.1949996948242,32.6699981689453,2956,32.6699981689453,2024-02-15
33.3549995422363,33.4000015258789,31.8549995422363,33.1199989318848,1770,33.1199989318848,2024-02-16
32.7949981689453,32.8800010681152,32.4949989318848,32.7949981689453,298,32.7949981689453,2024-02-19
31.7999992370605,32.0900001525879,30.5699996948242,30.2900009155273,2753,30.2900009155273,2024-02-20
30.7450008392334,30.7450008392334,29.6000003814697,30.2049999237061,1747,30.2049999237061,2024-02-21
30.2749996185303,30.3299999237061,30.2749996185303,30.3299999237061,10,30.3299999237061,2024-02-22
30.4449996948242,30.4449996948242,29.2849998474121,29.2849998474121,414,29.2849998474121,2024-02-23
29.8649997711182,32.2999992370605,29.7199993133545,32.2799987792969,897,32.2799987792969,2024-02-26
34.2050018310547,35.4249992370605,33.0849990844727,33.1699981689453,1937,33.1699981689453,2024-02-27
34.314998626709,35.2799987792969,34,33.8499984741211,4553,33.8499984741211,2024-02-28
33.0349998474121,33.3549995422363,30.4150009155273,30.3050003051758,1432,30.3050003051758,2024-02-29
30.8600006103516,31.2049999237061,29.8199996948242,31.0149993896484,968,31.0149993896484,2024-03-01
32.0299987792969,33.2400016784668,31.3150005340576,31.3150005340576,1482,31.3150005340576,2024-03-04
30.6599998474121,30.6599998474121,28.8250007629395,28.8250007629395,960,28.8250007629395,2024-03-05
30.4150009155273,30.4150009155273,28.7000007629395,29.8199996948242,3741,29.8199996948242,2024-03-06
29.7049999237061,30.2049999237061,29.2350006103516,29.5300006866455,1640,29.5300006866455,2024-03-07
29.3500003814697,31.2999992370605,29.3500003814697,30.3799991607666,1397,30.3799991607666,2024-03-08
31.5849990844727,32.1800003051758,30.5,30.2999992370605,937,30.2999992370605,2024-03-11
28.9400005340576,29.0900001525879,28.6499996185303,28.8850002288818,659,28.8850002288818,2024-03-12
29.6450004577637,29.8199996948242,28.9400005340576,30.1100006103516,413,30.1100006103516,2024-03-13
30.2549991607666,30.2549991607666,29.75,28.2450008392334,39,28.2450008392334,2024-03-14
28.0949993133545,28.3850002288818,27.8050003051758,28.8050003051758,184,28.8050003051758,2024-03-15
29.5849990844727,30.0799999237061,29.1000003814697,30.0799999237061,403,30.0799999237061,2024-03-18
28.625,28.6749992370605,28.0300006866455,28.7950000762939,346,28.7950000762939,2024-03-19
28.6100006103516,30.6049995422363,28.6100006103516,30.4249992370605,314,30.4249992370605,2024-03-20
32.2999992370605,33.1199989318848,32.0050010681152,32.5900001525879,2730,32.5900001525879,2024-03-21
32.4949989318848,32.935001373291,31.6450004577637,31.5650005340576,320,31.5650005340576,2024-03-22
32.2299995422363,33.2000007629395,32.2299995422363,32.9500007629395,514,32.9500007629395,2024-03-25
33.6049995422363,33.6049995422363,32.9900016784668,33.5,429,33.5,2024-03-26
33.4550018310547,33.4550018310547,32.4949989318848,32.8800010681152,270,32.8800010681152,2024-03-27
33.6100006103516,35,33.1549987792969,34.2000007629395,1462,34.2000007629395,2024-03-28
32.5900001525879,32.5900001525879,30.7150001525879,30.8649997711182,1576,30.8649997711182,2024-04-02
30.8600006103516,31.1049995422363,30.7649993896484,30.7749996185303,1120,30.7749996185303,2024-04-03
31.5149993896484,31.5149993896484,31.2350006103516,30.7299995422363,692,30.7299995422363,2024-04-04
29.6599998474121,29.9549999237061,29.6599998474121,29.9050006866455,849,29.9050006866455,2024-04-05
30.1849994659424,31.0550003051758,30.1849994659424,29.9200000762939,1031,29.9200000762939,2024-04-08
29.5699996948242,29.5699996948242,29.0499992370605,29.3799991607666,137,29.3799991607666,2024-04-09
29.5450000762939,29.5450000762939,28.3649997711182,29.1749992370605,497,29.1749992370605,2024-04-10
28.5900001525879,29.0100002288818,28.5499992370605,28.9500007629395,630,28.9500007629395,2024-04-11
29.6499996185303,29.875,29.2950000762939,29.375,570,29.375,2024-04-12
28.5599994659424,28.5599994659424,28.2299995422363,28.2299995422363,149,28.2299995422363,2024-04-15
27.1550006866455,27.2049999237061,26.6200008392334,26.5049991607666,531,26.5049991607666,2024-04-16
27.0900001525879,27.0900001525879,26.5900001525879,26.8199996948242,42,26.8199996948242,2024-04-17
26.6949996948242,26.6949996948242,26.6450004577637,27.9850006103516,30,27.9850006103516,2024-04-18
27.7849998474121,28.2950000762939,27.7000007629395,28.2000007629395,61,28.2000007629395,2024-04-19
28.6000003814697,28.6000003814697,28.6000003814697,28.2900009155273,20,28.2900009155273,2024-04-22
29.9750003814697,30.3850002288818,29.6700000762939,30.8600006103516,339,30.8600006103516,2024-04-23
31.1200008392334,31.1200008392334,30.5,30.5,1088,30.5,2024-04-24
30.0949993133545,30.0949993133545,30.0849990844727,29.3549995422363,98,29.3549995422363,2024-04-25
29.3549995422363,29.3549995422363,29.3549995422363,29.3549995422363,0,29.3549995422363,2024-04-26
30.0550003051758,30.0550003051758,29.7250003814697,29.6049995422363,1075,29.6049995422363,2024-04-29
29.3850002288818,29.3850002288818,29.3850002288818,28.125,57,28.125,2024-04-30
27.6599998474121,28.0200004577637,27.6599998474121,28.0200004577637,362,28.0200004577637,2024-05-02
28.2399997711182,28.2399997711182,28.2399997711182,28.1100006103516,70,28.1100006103516,2024-05-03
28.8950004577637,29.3349990844727,28.8950004577637,29.4249992370605,261,29.4249992370605,2024-05-06
29.7450008392334,29.7450008392334,29.6200008392334,29.1100006103516,56,29.1100006103516,2024-05-07
28.6550006866455,28.6550006866455,27.7999992370605,28.2450008392334,1334,28.2450008392334,2024-05-08
28.4650001525879,28.4650001525879,28.2849998474121,28.7099990844727,30,28.7099990844727,2024-05-09
28.9599990844727,29.0949993133545,28.9599990844727,27.9899997711182,122,27.9899997711182,2024-05-10
27.6200008392334,27.8500003814697,27.3700008392334,27.8799991607666,1212,27.8799991607666,2024-05-13
27.6650009155273,27.6650009155273,27.0599994659424,27.5949993133545,112,27.5949993133545,2024-05-14
27.6000003814697,28.1200008392334,27.6000003814697,28.1200008392334,312,28.1200008392334,2024-05-15
28.1200008392334,28.1200008392334,28.1200008392334,28.1200008392334,0,28.1200008392334,2024-05-16
28.9599990844727,28.9599990844727,28.9599990844727,29.25,73,29.25,2024-05-17
28.8549995422363,28.8549995422363,28.6749992370605,29.2049999237061,107,29.2049999237061,2024-05-20
30.8400001525879,30.8600006103516,30.4650001525879,30.3600006103516,1444,30.3600006103516,2024-05-21
30.1000003814697,30.3500003814697,30.1000003814697,30.8799991607666,392,30.8799991607666,2024-05-22
30.7000007629395,30.7700004577637,30.6800003051758,29.7049999237061,258,29.7049999237061,2024-05-23
29.9750003814697,29.9750003814697,29.9349994659424,30.1700000762939,257,30.1700000762939,2024-05-24
30.1700000762939,30.1700000762939,30.1700000762939,30.1700000762939,0,30.1700000762939,2024-05-27
29.6949996948242,30.4300003051758,29.6949996948242,30.3649997711182,424,30.3649997711182,2024-05-28
30.3649997711182,30.3649997711182,30.3649997711182,30.3649997711182,0,30.3649997711182,2024-05-29
29.8150005340576,30.1499996185303,29.6900005340576,29.7999992370605,337,29.7999992370605,2024-05-30
29.9400005340576,29.9400005340576,29.9150009155273,29.3199996948242,41,29.3199996948242,2024-05-31
29.6499996185303,30.1000003814697,29.6499996185303,29.8600006103516,3626,29.8600006103516,2024-06-03
28.9300003051758,30.0200004577637,28.9300003051758,30.0200004577637,205,30.0200004577637,2024-06-04
30.6949996948242,30.7000007629395,30.6949996948242,30.5249996185303,248,30.5249996185303,2024-06-05
31,32.4799995422363,30.7950000762939,32.4799995422363,1110,32.4799995422363,2024-06-06
32.5299987792969,33.0299987792969,32.2350006103516,33.0099983215332,481,33.0099983215332,2024-06-07
31.5200004577637,31.8349990844727,31.1949996948242,32.0849990844727,296,32.0849990844727,2024-06-10
31.3999996185303,31.3999996185303,30.5100002288818,31.1800003051758,631,31.1800003051758,2024-06-11
32.3699989318848,33.5750007629395,32.3699989318848,33.5299987792969,796,33.5299987792969,2024-06-12
33.2700004577637,34.1450004577637,33.1300010681152,33.2849998474121,1544,33.2849998474121,2024-06-13
34.4099998474121,34.4799995422363,34.185001373291,34.1800003051758,350,34.1800003051758,2024-06-14
34.0050010681152,34.0849990844727,33.1800003051758,33.7900009155273,305,33.7900009155273,2024-06-17
34.6500015258789,34.7050018310547,34.3199996948242,34.3199996948242,326,34.3199996948242,2024-06-18
34.935001373291,34.9550018310547,34.935001373291,34.4949989318848,64,34.4949989318848,2024-06-19
35.1699981689453,35.6749992370605,34.9049987792969,35.4949989318848,527,35.4949989318848,2024-06-20
35,35,33.7700004577637,33.9199981689453,679,33.9199981689453,2024-06-21
33.4550018310547,33.7599983215332,32.7449989318848,33.1699981689453,452,33.1699981689453,2024-06-24
33.0699996948242,33.0699996948242,33.0699996948242,34.3600006103516,58,34.3600006103516,2024-06-25
34.4300003051758,34.4300003051758,34.0099983215332,34.7000007629395,111,34.7000007629395,2024-06-26
34.7000007629395,34.7000007629395,34.7000007629395,34.7000007629395,0,34.7000007629395,2024-06-27
34.3400001525879,34.3400001525879,34.3400001525879,33.439998626709,65,33.439998626709,2024-06-28
33.935001373291,34.0299987792969,33.935001373291,34.4749984741211,211,34.4749984741211,2024-07-01
34.625,34.625,34.3300018310547,34.8050003051758,145,34.8050003051758,2024-07-02
34.8050003051758,34.8050003051758,34.1800003051758,34.3050003051758,159,34.3050003051758,2024-07-03
34.3250007629395,34.5,33.5999984741211,33.685001373291,843,33.685001373291,2024-07-04
32.8650016784668,32.8650016784668,31.7000007629395,33.6500015258789,5140,33.6500015258789,2024-07-05
34.4000015258789,35.5999984741211,34.4000015258789,35.1500015258789,1078,35.1500015258789,2024-07-08
35.6199989318848,35.6199989318848,33.8849983215332,33.7400016784668,289,33.7400016784668,2024-07-09
34.3549995422363,34.3549995422363,33.7999992370605,33.6300010681152,107,33.6300010681152,2024-07-10
33.6349983215332,34.4650001525879,33.560001373291,33.4300003051758,213,33.4300003051758,2024-07-11
32.939998626709,33.5,32.564998626709,33.3800010681152,369,33.3800010681152,2024-07-12
36.1300010681152,36.5400009155273,35.4150009155273,36.4749984741211,762,36.4749984741211,2024-07-15
37.5400009155273,38.4700012207031,37.1300010681152,38.4300003051758,1061,38.4300003051758,2024-07-16
39.0349998474121,39.1749992370605,38.3600006103516,38.3699989318848,876,38.3699989318848,2024-07-17
38.2649993896484,38.4749984741211,38.1549987792969,36.2700004577637,366,36.2700004577637,2024-07-18
36.2700004577637,36.2700004577637,36.2700004577637,36.2700004577637,0,36.2700004577637,2024-07-19
37.4799995422363,37.9099998474121,36.6800003051758,36.6199989318848,270,36.6199989318848,2024-07-22
37.2900009155273,37.6100006103516,37.2900009155273,37.8499984741211,184,37.8499984741211,2024-07-23
37.1300010681152,37.1300010681152,37.0999984741211,36.0800018310547,24,36.0800018310547,2024-07-24
33.314998626709,33.314998626709,33.314998626709,33.7050018310547,63,33.7050018310547,2024-07-25
33.7050018310547,33.7050018310547,33.7050018310547,33.7050018310547,0,33.7050018310547,2024-07-26
34.5999984741211,35.0050010681152,33.5349998474121,33.5349998474121,305,33.5349998474121,2024-07-29
33.5349998474121,33.5349998474121,33,32.7900009155273,340,32.7900009155273,2024-07-30
33.2299995422363,33.4749984741211,33.2099990844727,33.6450004577637,286,33.6450004577637,2024-07-31
33.3800010681152,33.3800010681152,32.3899993896484,32.3899993896484,45,32.3899993896484,2024-08-01
31.8999996185303,31.8999996185303,29.4500007629395,29.2999992370605,883,29.2999992370605,2024-08-02
26.3950004577637,26.8850002288818,24.8899993896484,26.9799995422363,1527,26.9799995422363,2024-08-05
28.9599990844727,28.9599990844727,27.3999996185303,27.7299995422363,466,27.7299995422363,2024-08-06
28.3199996948242,28.3199996948242,27.7049999237061,27.6450004577637,529,27.6450004577637,2024-08-07
27.2350006103516,28.0650005340576,27.2350006103516,28.1049995422363,174,28.1049995422363,2024-08-08
29.2000007629395,29.2000007629395,29.2000007629395,28.3400001525879,233,28.3400001525879,2024-08-09
27.8649997711182,28.0750007629395,27.8649997711182,27.9249992370605,367,27.9249992370605,2024-08-12
28.0349998474121,28.0349998474121,27.7199993133545,27.7800006866455,704,27.7800006866455,2024-08-13
27.8700008392334,27.9549999237061,27.8700008392334,27.6049995422363,61,27.6049995422363,2024-08-14
28.7199993133545,29.375,28.4349994659424,28.2350006103516,853,28.2350006103516,2024-08-16
28.8799991607666,29.1100006103516,28.4099998474121,29.1100006103516,1160,29.1100006103516,2024-08-19
29.8299999237061,29.9300003051758,29.1949996948242,28.9549999237061,74,28.9549999237061,2024-08-20
29.1749992370605,29.2549991607666,28.9200000762939,29.25,308,29.25,2024-08-21
29.6599998474121,29.7299995422363,29.6599998474121,29.5900001525879,93,29.5900001525879,2024-08-22
29.4950008392334,29.7350006103516,29.4950008392334,29.5149993896484,30,29.5149993896484,2024-08-23
30.5799999237061,30.6800003051758,30.3700008392334,30.1450004577637,676,30.1450004577637,2024-08-26
30.1900005340576,30.1900005340576,28.9150009155273,29.1949996948242,90,29.1949996948242,2024-08-27
28.8600006103516,28.8700008392334,28.4099998474121,28.2450008392334,499,28.2450008392334,2024-08-28
28.4200000762939,28.6849994659424,28.4200000762939,29.3799991607666,453,29.3799991607666,2024-08-29
28.7900009155273,28.7900009155273,28.4500007629395,28.2049999237061,134,28.2049999237061,2024-08-30
28,28.4150009155273,27.7700004577637,28.2749996185303,877,28.2749996185303,2024-09-02
28.4750003814697,28.4750003814697,28.4150009155273,27.3050003051758,37,27.3050003051758,2024-09-03
26.2999992370605,26.2999992370605,26.1800003051758,26.5750007629395,25,26.5750007629395,2024-09-04
26.5750007629395,26.5750007629395,26.5750007629395,26.5750007629395,0,26.5750007629395,2024-09-05
26.4200000762939,26.4200000762939,26.4200000762939,25.4699993133545,81,25.4699993133545,2024-09-06
25.6700000762939,25.7749996185303,25.6700000762939,26.1800003051758,190,26.1800003051758,2024-09-09
27.125,27.125,27.125,26.8999996185303,10,26.8999996185303,2024-09-10
27.3250007629395,27.3250007629395,27.3250007629395,27.0650005340576,75,27.0650005340576,2024-09-11
27.0650005340576,27.0650005340576,27.0650005340576,27.0650005340576,0,27.0650005340576,2024-09-12
27.0650005340576,27.0650005340576,27.0650005340576,27.0650005340576,0,27.0650005340576,2024-09-13
28.4050006866455,28.4050006866455,28.0450000762939,28.1450004577637,208,28.1450004577637,2024-09-16
28.5,28.5,28.5,28.9050006866455,67,28.9050006866455,2024-09-17
28.9050006866455,28.9050006866455,28.9050006866455,28.9050006866455,0,28.9050006866455,2024-09-18
29.0149993896484,29.0650005340576,29.0149993896484,29.3449993133545,430,29.3449993133545,2024-09-19
28.6550006866455,28.8150005340576,28.6550006866455,28.4300003051758,56,28.4300003051758,2024-09-20
29.0249996185303,29.5499992370605,29.0249996185303,29.3050003051758,749,29.3050003051758,2024-09-23
29.6049995422363,29.6049995422363,29,29.3099994659424,80,29.3099994659424,2024-09-24
29.8199996948242,29.8199996948242,29.8199996948242,30.5949993133545,87,30.5949993133545,2024-09-25
30.6000003814697,30.6000003814697,30.4549999237061,30.9750003814697,264,30.9750003814697,2024-09-26
31.7000007629395,31.7000007629395,31.1650009155273,31.375,130,31.375,2024-09-27
30.9500007629395,31.1700000762939,30.75,30.9150009155273,295,30.9150009155273,2024-09-30
30.8050003051758,30.9650001525879,30.8050003051758,29.3099994659424,91,29.3099994659424,2024-10-01
29.3600006103516,29.3600006103516,29.3600006103516,29.7399997711182,74,29.7399997711182,2024-10-02
29.6200008392334,29.6200008392334,29.5499992370605,29.6100006103516,30,29.6100006103516,2024-10-03
30.5650005340576,30.5650005340576,30.5650005340576,30.4699993133545,177,30.4699993133545,2024-10-04
31.2049999237061,31.3349990844727,30.9099998474121,30.9150009155273,304,30.9150009155273,2024-10-07
30.9150009155273,30.9150009155273,30.9150009155273,30.9150009155273,0,30.9150009155273,2024-10-08
31.0750007629395,31.0750007629395,30.9599990844727,30.8850002288818,357,30.8850002288818,2024-10-09
30.4099998474121,30.6900005340576,30.1000003814697,30.3649997711182,136,30.3649997711182,2024-10-10
30.3649997711182,30.3649997711182,30.3649997711182,30.3649997711182,0,30.3649997711182,2024-10-11
32.3050003051758,33.3849983215332,32.3050003051758,33.7050018310547,103,33.7050018310547,2024-10-14
33.5999984741211,33.5999984741211,32.935001373291,32.8400001525879,529,32.8400001525879,2024-10-15
33.3549995422363,33.7000007629395,33.2200012207031,34.2249984741211,181,34.2249984741211,2024-10-16
34.3450012207031,34.8349990844727,34.1300010681152,34.4900016784668,200,34.4900016784668,2024-10-17
34.7400016784668,35.310001373291,34.4300003051758,35.0699996948242,544,35.0699996948242,2024-10-18
35.8300018310547,36.1599998474121,35.3899993896484,35.3950004577637,694,35.3950004577637,2024-10-21
36.2750015258789,36.2750015258789,35.7700004577637,36.435001373291,59,36.435001373291,2024-10-22
36.5499992370605,36.7700004577637,35.8899993896484,35.7099990844727,484,35.7099990844727,2024-10-23
36,36.7000007629395,36,36.3450012207031,231,36.3450012207031,2024-10-24
36.4900016784668,36.8600006103516,36.4099998474121,36.6749992370605,44,36.6749992370605,2024-10-25
36.2550010681152,37.6100006103516,36.2550010681152,37.8349990844727,1017,37.8349990844727,2024-10-28
38.9850006103516,39.5250015258789,38.3600006103516,39.1800003051758,592,39.1800003051758,2024-10-29
38.4000015258789,38.4000015258789,37.7400016784668,37.935001373291,678,37.935001373291,2024-10-30
36.8349990844727,37.0400009155273,35.0699996948242,35.1699981689453,921,35.1699981689453,2024-10-31
34.5299987792969,34.9799995422363,34.5299987792969,34.9049987792969,1014,34.9049987792969,2024-11-01
34.0699996948242,34.0699996948242,33.6450004577637,33.5149993896484,219,33.5149993896484,2024-11-04
33.9449996948242,34.7350006103516,33.8549995422363,34.6100006103516,714,34.6100006103516,2024-11-05
38.3300018310547,39.7649993896484,37.4650001525879,39.5999984741211,17673,39.5999984741211,2024-11-06
39.7550010681152,40.7700004577637,39.7550010681152,40.7150001525879,2085,40.7150001525879,2024-11-07
41.5099983215332,41.5699996948242,41.2000007629395,41.1300010681152,736,41.1300010681152,2024-11-08
44.9300003051758,48,44.7099990844727,47.1399993896484,9203,47.1399993896484,2024-11-11
50.5999984741211,51.2200012207031,45.7350006103516,47.0050010681152,10026,47.0050010681152,2024-11-12
47.1749992370605,50.2900009155273,47.0800018310547,48.2299995422363,3410,48.2299995422363,2024-11-13
46.2799987792969,46.7200012207031,43.8250007629395,44.7350006103516,7760,44.7350006103516,2024-11-14
43.9749984741211,44.7949981689453,43.4099998474121,44.5999984741211,7877,44.5999984741211,2024-11-15
46.0550003051758,46.3800010681152,44.5,46.5250015258789,10508,46.5250015258789,2024-11-18
46.1049995422363,47.0750007629395,45.5400009155273,47.1150016784668,3686,47.1150016784668,2024-11-19
47.4799995422363,49.4650001525879,47.4799995422363,47.7299995422363,5944,47.7299995422363,2024-11-20
49.7400016784668,50.7799987792969,46.560001373291,48.25,9454,48.25,2024-11-21
47.7050018310547,48.1100006103516,46.4700012207031,48.0900001525879,4434,48.0900001525879,2024-11-22
49.4599990844727,50.4900016784668,47.6949996948242,49.5999984741211,10679,49.5999984741211,2024-11-25
48.3650016784668,48.4599990844727,47,48.0099983215332,4368,48.0099983215332,2024-11-26
46.7350006103516,47.689998626709,46.5050010681152,47.2999992370605,2071,47.2999992370605,2024-11-27
47.9049987792969,48.4650001525879,47.7849998474121,48.2099990844727,5544,48.2099990844727,2024-11-28
48.7700004577637,50.9599990844727,48.7700004577637,50.4199981689453,5814,50.4199981689453,2024-11-29
49.625,49.9700012207031,48.9749984741211,49.2050018310547,3617,49.2050018310547,2024-12-02
48.4749984741211,48.7799987792969,46.9700012207031,48.6150016784668,3604,48.6150016784668,2024-12-03
48.875,50.0499992370605,48.5900001525879,48.810001373291,1726,48.810001373291,2024-12-04
52.5999984741211,53.5699996948242,50.9599990844727,51.3600006103516,9836,51.3600006103516,2024-12-05
50.3400001525879,52.8400001525879,49.7700004577637,52.4500007629395,9685,52.4500007629395,2024-12-06
52.8899993896484,52.8899993896484,49.7799987792969,50.6100006103516,5553,50.6100006103516,2024-12-09
50.439998626709,50.439998626709,48.2200012207031,48.2750015258789,9416,48.2750015258789,2024-12-10
48.7599983215332,50.5,48.7400016784668,50.3600006103516,13167,50.3600006103516,2024-12-11
50.5499992370605,51.5900001525879,49.9700012207031,51.0999984741211,7448,51.0999984741211,2024-12-12
50.310001373291,50.6399993896484,49.435001373291,50,1768,50,2024-12-13
51.7599983215332,52.7299995422363,50.8600006103516,52.9599990844727,10133,52.9599990844727,2024-12-16
52.6800003051758,53.0499992370605,50.8199996948242,51.2999992370605,3984,51.2999992370605,2024-12-17
50.9799995422363,51.2200012207031,49.8800010681152,50.3800010681152,2308,50.3800010681152,2024-12-18
47.6549987792969,48.5750007629395,46.0250015258789,46.5849990844727,5782,46.5849990844727,2024-12-19
45.2649993896484,46.439998626709,42.75,46.2999992370605,6426,46.2999992370605,2024-12-20
46.4049987792969,46.4949989318848,44.2700004577637,44.5449981689453,5576,44.5449981689453,2024-12-23
46.0449981689453,46.625,44.9049987792969,44.9949989318848,3750,44.9949989318848,2024-12-27
44.1450004577637,44.5699996948242,42.25,42.9550018310547,1428,42.9550018310547,2024-12-30
43.060001373291,44.435001373291,43.060001373291,44.435001373291,2526,44.435001373291,2025-01-02
44.4300003051758,46.7200012207031,44.0699996948242,46.6749992370605,1428,46.6749992370605,2025-01-03
48.8699989318848,49.0099983215332,48.0550003051758,48.9199981689453,4600,48.9199981689453,2025-01-06
48.7599983215332,48.7649993896484,46.0099983215332,47.2649993896484,8556,47.2649993896484,2025-01-07
46.2350006103516,46.2799987792969,44.6049995422363,45.2350006103516,16504,45.2350006103516,2025-01-08
44.7200012207031,45.0750007629395,44.5,44.8699989318848,2813,44.8699989318848,2025-01-09
45.4700012207031,45.5499992370605,43.2299995422363,44.0149993896484,58365,44.0149993896484,2025-01-10
44.2350006103516,44.2649993896484,42.5750007629395,42.9449996948242,10268,42.9449996948242,2025-01-13
44.5050010681152,45.7700004577637,44.4099998474121,44.6349983215332,15428,44.6349983215332,2025-01-14
45.3899993896484,47.4700012207031,44.7949981689453,47.1300010681152,9823,47.1300010681152,2025-01-15
47.5849990844727,48.125,46.8250007629395,48.125,22838,48.125,2025-01-16
48.7700004577637,50.6500015258789,48.5900001525879,50.4599990844727,8441,50.4599990844727,2025-01-17
51.3699989318848,51.7099990844727,50.6199989318848,50.560001373291,8629,50.560001373291,2025-01-20
49.3549995422363,50.2599983215332,47.2050018310547,48.2999992370605,11358,48.2999992370605,2025-01-21
48.685001373291,48.9900016784668,47.7449989318848,47.7849998474121,7241,47.7849998474121,2025-01-22
48.0550003051758,50.1500015258789,47.9249992370605,49.9099998474121,38578,49.9099998474121,2025-01-23
49.3250007629395,49.689998626709,48.9550018310547,49.8050003051758,20914,49.8050003051758,2025-01-24
47.1749992370605,47.1749992370605,43.8899993896484,43.9300003051758,34438,43.9300003051758,2025-01-27
45.0750007629395,45.2000007629395,43.5349998474121,43.5849990844727,25213,43.5849990844727,2025-01-28
45.1500015258789,45.1500015258789,44.4150009155273,44.435001373291,3034,44.435001373291,2025-01-29
45.935001373291,47.3450012207031,45.8950004577637,47.2350006103516,2501,47.2350006103516,2025-01-30
47.4949989318848,48.1500015258789,47.2649993896484,47.7849998474121,5797,47.7849998474121,2025-01-31
44.5,46.0699996948242,43.5950012207031,45.8699989318848,7615,45.8699989318848,2025-02-03
46.4199981689453,46.7150001525879,45.9500007629395,46.4199981689453,2727,46.4199981689453,2025-02-04
45.9500007629395,46.6349983215332,45.9150009155273,46.0800018310547,3142,46.0800018310547,2025-02-05
46.189998626709,46.8250007629395,45.9799995422363,46.25,1706,46.25,2025-02-06
46.0400009155273,47.2999992370605,45.8699989318848,46.7649993896484,974,46.7649993896484,2025-02-07
47.5950012207031,47.7799987792969,47.1150016784668,47.3899993896484,6444,47.3899993896484,2025-02-10
47.6699981689453,47.6800003051758,46.3300018310547,46.9049987792969,27125,46.9049987792969,2025-02-11
45.75,46.0149993896484,45.0149993896484,45.4449996948242,3817,45.4449996948242,2025-02-12
46.1100006103516,46.9599990844727,46.1100006103516,46.4650001525879,12237,46.4650001525879,2025-02-13
47.1349983215332,47.1500015258789,46.8349990844727,46.8499984741211,776,46.8499984741211,2025-02-14
47.189998626709,47.3300018310547,46.7999992370605,47.1949996948242,4714,47.1949996948242,2025-02-17
47.2299995422363,47.4300003051758,46.5999984741211,46.7400016784668,3386,46.7400016784668,2025-02-18
46.689998626709,46.7649993896484,46.3499984741211,46.7750015258789,1460,46.7750015258789,2025-02-19
46,46.125,44.7400016784668,44.9700012207031,42439,44.9700012207031,2025-02-20
45.0750007629395,45.4500007629395,44.4650001525879,44.7999992370605,3732,44.7999992370605,2025-02-21
42.8349990844727,42.8349990844727,40.0250015258789,40.8800010681152,7715,40.8800010681152,2025-02-24
39.314998626709,40.0299987792969,37.1049995422363,37.1100006103516,20107,37.1100006103516,2025-02-25
37.6800003051758,38.3499984741211,37.2200012207031,37.9300003051758,2602,37.9300003051758,2025-02-26
38.5,38.8950004577637,38,38.560001373291,1534,38.560001373291,2025-02-27
36.1599998474121,37.6399993896484,35.5900001525879,37.0950012207031,7343,37.0950012207031,2025-02-28
41.1800003051758,41.4300003051758,38.4300003051758,38.5499992370605,6512,38.5499992370605,2025-03-03
36.4550018310547,36.4650001525879,34.7350006103516,34.3499984741211,3179,34.3499984741211,2025-03-04
36.4500007629395,37.0099983215332,35.5999984741211,35.5950012207031,3521,35.5950012207031,2025-03-05
37,37,35.3549995422363,36.2200012207031,467,36.2200012207031,2025-03-06
35.1199989318848,35.2799987792969,34.5400009155273,34.4000015258789,1359,34.4000015258789,2025-03-07
34.6949996948242,34.7350006103516,32.9000015258789,32.939998626709,2640,32.939998626709,2025-03-10
32.2999992370605,32.7900009155273,31.2900009155273,32.0149993896484,2927,32.0149993896484,2025-03-11
32.5800018310547,33.3450012207031,32.5800018310547,32.8050003051758,1481,32.8050003051758,2025-03-12
32.8400001525879,33.375,32.2599983215332,32.3600006103516,1866,32.3600006103516,2025-03-13
32.4150009155273,33.4900016784668,32.4150009155273,33.4150009155273,543,33.4150009155273,2025-03-14
33.5200004577637,33.6150016784668,33.0999984741211,33.3450012207031,2367,33.3450012207031,2025-03-17
33.7400016784668,33.7849998474121,33.0149993896484,33.1049995422363,370,33.1049995422363,2025-03-18
33.1450004577637,33.7999992370605,33.1450004577637,33.7400016784668,138,33.7400016784668,2025-03-19
34.6549987792969,34.6549987792969,33.7249984741211,33.8600006103516,452,33.8600006103516,2025-03-20
34.314998626709,34.3499984741211,34.25,34.1349983215332,87,34.1349983215332,2025-03-21
35.3849983215332,36.125,35.0499992370605,36.0099983215332,853,36.0099983215332,2025-03-24
36.2700004577637,36.3650016784668,35.7099990844727,35.6800003051758,1146,35.6800003051758,2025-03-25
36.0050010681152,36.0050010681152,34.5,34.6100006103516,738,34.6100006103516,2025-03-26
34.6699981689453,34.6699981689453,33.7000007629395,34.0999984741211,428,34.0999984741211,2025-03-27
33.2649993896484,33.3400001525879,31.9200000762939,31.8600006103516,490,31.8600006103516,2025-03-28
30.9799995422363,31.1399993896484,30.7000007629395,31.0799999237061,680,31.0799999237061,2025-03-31
31.1550006866455,32.0800018310547,31,32.0800018310547,2659,32.0800018310547,2025-04-01
32.0800018310547,32.5099983215332,32.0800018310547,32.5900001525879,238,32.5900001525879,2025-04-02
31.0650005340576,31.1900005340576,29.7399997711182,30.0049991607666,823,30.0049991607666,2025-04-03
30.0699996948242,30.1949996948242,28.2950000762939,28.3050003051758,2627,28.3050003051758,2025-04-04
26.0200004577637,29.0349998474121,25.6000003814697,27.5149993896484,800,27.5149993896484,2025-04-07
29.4400005340576,30.0300006866455,28.9200000762939,29.1149997711182,768,29.1149997711182,2025-04-08
27.4950008392334,27.8099994659424,26.5,27.2450008392334,282,27.2450008392334,2025-04-09
30.3299999237061,31.3850002288818,28.8349990844727,28.375,1872,28.375,2025-04-10
29.0300006866455,29.0300006866455,28,28.3700008392334,292,28.3700008392334,2025-04-11
29.3549995422363,29.6900005340576,29.3549995422363,29.5300006866455,407,29.5300006866455,2025-04-14
29.8250007629395,29.8250007629395,29.5699996948242,29.2749996185303,170,29.2749996185303,2025-04-15
28.6700000762939,28.7999992370605,28.5,28.9950008392334,348,28.9950008392334,2025-04-16
29.25,29.3349990844727,29,28.7150001525879,229,28.7150001525879,2025-04-17
28.7700004577637,29.9400005340576,28.7700004577637,30.3950004577637,466,30.3950004577637,2025-04-22
31.8199996948242,32.2999992370605,31.6049995422363,31.7849998474121,255,31.7849998474121,2025-04-23
31.1100006103516,31.1100006103516,30.8999996185303,31.8250007629395,277,31.8250007629395,2025-04-24
32.5499992370605,32.6549987792969,32.1100006103516,32.6650009155273,369,32.6650009155273,2025-04-25
32.8800010681152,32.9000015258789,32.1049995422363,32.060001373291,1190,32.060001373291,2025-04-28
32.7350006103516,32.8300018310547,32.5999984741211,32.5849990844727,466,32.5849990844727,2025-04-29
32.7050018310547,32.9799995422363,31.8299999237061,32.2700004577637,647,32.2700004577637,2025-04-30
33.5499992370605,34.1650009155273,32.9850006103516,34.1500015258789,968,34.1500015258789,2025-05-02
33.9449996948242,33.9449996948242,33.2799987792969,33.4500007629395,1910,33.4500007629395,2025-05-05
33.5349998474121,33.5349998474121,32.8800010681152,33.3300018310547,1325,33.3300018310547,2025-05-06
33.9949989318848,34.0699996948242,33.7249984741211,33.625,326,33.625,2025-05-07
34.5750007629395,35.2999992370605,34.5750007629395,35.564998626709,1921,35.564998626709,2025-05-08
35.7000007629395,36.435001373291,35.6450004577637,35.5499992370605,827,35.5499992370605,2025-05-09
37.2999992370605,37.9099998474121,37.2999992370605,37.189998626709,4187,37.189998626709,2025-05-12
37.560001373291,38,37.4000015258789,37.9150009155273,1676,37.9150009155273,2025-05-13
38.7200012207031,38.7799987792969,38.1599998474121,38.6599998474121,1180,38.6599998474121,2025-05-14
37.9249992370605,37.9249992370605,36.9749984741211,37.3800010681152,1995,37.3800010681152,2025-05-15
37.5950012207031,38.0800018310547,37.5400009155273,39.1100006103516,932,39.1100006103516,2025-05-16
38.3199996948242,39.3499984741211,38.1399993896484,39.2200012207031,2432,39.2200012207031,2025-05-19
39.6599998474121,40.2000007629395,39.3899993896484,39.875,4363,39.875,2025-05-20
40.2249984741211,42.1399993896484,39.9900016784668,42.9599990844727,7293,42.9599990844727,2025-05-21
42.5550003051758,42.8199996948242,41,41.564998626709,5517,41.564998626709,2025-05-22
40.0950012207031,40.0950012207031,38.4000015258789,38.9150009155273,1570,38.9150009155273,2025-05-23
40.2649993896484,40.2649993896484,39.7700004577637,40.2299995422363,695,40.2299995422363,2025-05-26
40.5800018310547,41.064998626709,40.4500007629395,40.7849998474121,5554,40.7849998474121,2025-05-27
41.0400009155273,41.0400009155273,40.3549995422363,39.3800010681152,2712,39.3800010681152,2025-05-28
41.0750007629395,41.0750007629395,39.2400016784668,39.4700012207031,173,39.4700012207031,2025-05-29
38.5699996948242,38.9749984741211,38.375,38.6650009155273,783,38.6650009155273,2025-05-30
38.4500007629395,39.2799987792969,38.4199981689453,39.2799987792969,252,39.2799987792969,2025-06-02
40.2099990844727,40.9900016784668,40.2099990844727,40.9900016784668,2080,40.9900016784668,2025-06-03
40.7849998474121,41.25,40.6800003051758,41.4850006103516,1313,41.4850006103516,2025-06-04
42.0999984741211,42.6399993896484,41.7700004577637,42.3300018310547,1633,42.3300018310547,2025-06-05
41.064998626709,43.5,41.064998626709,43.2099990844727,11786,43.2099990844727,2025-06-06
43.3450012207031,43.9199981689453,43.25,43.7150001525879,304,43.7150001525879,2025-06-09
43.4550018310547,43.810001373291,42.9500007629395,43.0699996948242,1852,43.0699996948242,2025-06-10
43.3450012207031,43.3450012207031,42.810001373291,43.0499992370605,1243,43.0499992370605,2025-06-11
42.439998626709,42.439998626709,42.2050018310547,42.3800010681152,467,42.3800010681152,2025-06-12
40.6500015258789,41.5099983215332,40.6500015258789,41.185001373291,963,41.185001373291,2025-06-13
41.7350006103516,42.4099998474121,41.7350006103516,42.4099998474121,159,42.4099998474121,2025-06-16
41.9850006103516,42.2849998474121,41.810001373291,41.8800010681152,1134,41.8800010681152,2025-06-17
41.8800010681152,41.8849983215332,41.2449989318848,41.6699981689453,288,41.6699981689453,2025-06-18
41.6150016784668,41.9650001525879,41.5050010681152,41.3800010681152,142,41.3800010681152,2025-06-19
42.5349998474121,42.5349998474121,41.4599990844727,41.8199996948242,283,41.8199996948242,2025-06-20
41.2050018310547,41.2050018310547,40.8349990844727,40.5750007629395,68,40.5750007629395,2025-06-23
41.0499992370605,41.9199981689453,41,41.9199981689453,152,41.9199981689453,2025-06-24
42.6599998474121,43.4500007629395,42.3600006103516,42.2400016784668,454,42.2400016784668,2025-06-25
41.7150001525879,41.9000015258789,41.5800018310547,41.5050010681152,2636,41.5050010681152,2025-06-26
43.0550003051758,43.0550003051758,42.625,42.685001373291,126,42.685001373291,2025-06-27
43.5,44,43.4949989318848,44.064998626709,363,44.064998626709,2025-06-30
43.7900009155273,44.5449981689453,43.2350006103516,43.8499984741211,560,43.8499984741211,2025-07-01
44.4300003051758,44.9949989318848,44.4300003051758,44.6049995422363,367,44.6049995422363,2025-07-02
45.6199989318848,46.6300010681152,45.6049995422363,46.4449996948242,809,46.4449996948242,2025-07-03
45.9150009155273,46.6749992370605,45.810001373291,45.8300018310547,303,45.8300018310547,2025-07-04
46.0400009155273,46.7350006103516,45,45.9900016784668,299,45.9900016784668,2025-07-07
46.0750007629395,46.2400016784668,46.0750007629395,46.1150016784668,470,46.1150016784668,2025-07-08
45.5950012207031,45.9900016784668,45.3800010681152,45.7799987792969,532,45.7799987792969,2025-07-09
46.314998626709,46.4449996948242,46.064998626709,46.6150016784668,466,46.6150016784668,2025-07-10
47.5550003051758,47.9099998474121,46.7649993896484,46.7849998474121,994,46.7849998474121,2025-07-11
46.9850006103516,48,46.7700004577637,47.2799987792969,795,47.2799987792969,2025-07-14
46.5099983215332,47.1599998474121,46.5099983215332,46.6949996948242,741,46.6949996948242,2025-07-15
46.4099998474121,47.5,46.4099998474121,47.2350006103516,183,47.2350006103516,2025-07-16
47.8899993896484,48.5,47.7849998474121,48.6399993896484,276,48.6399993896484,2025-07-17
49.439998626709,49.6800003051758,48.8849983215332,48.689998626709,970,48.689998626709,2025-07-18
49.5550003051758,50.3800010681152,49.2299995422363,50,3568,50,2025-07-21
48.2649993896484,48.2649993896484,47.3349990844727,47.8300018310547,1136,47.8300018310547,2025-07-22
49.064998626709,49.064998626709,47.8600006103516,48.2949981689453,1110,48.2949981689453,2025-07-23
48.4900016784668,48.7550010681152,48.0499992370605,48.7050018310547,728,48.7050018310547,2025-07-24
47.9099998474121,48.0699996948242,47.5999984741211,47.564998626709,161,47.564998626709,2025-07-25
48.9199981689453,48.9700012207031,47.8450012207031,47.7750015258789,827,47.7750015258789,2025-07-28
48.125,48.1450004577637,46.310001373291,46.3050003051758,1075,46.3050003051758,2025-07-29
46.8199996948242,47.2350006103516,46.6500015258789,47.2050018310547,703,47.2050018310547,2025-07-30
47.7150001525879,48.0999984741211,47.4000015258789,47.9099998474121,603,47.9099998474121,2025-07-31
46.0849990844727,46.0849990844727,43.6300010681152,44.7099990844727,2018,44.7099990844727,2025-08-01
44.8450012207031,45.125,44.564998626709,45.2200012207031,588,45.2200012207031,2025-08-04
45.9650001525879,45.9650001525879,44.6549987792969,44.6150016784668,557,44.6150016784668,2025-08-05
45.4550018310547,45.5050010681152,45.0800018310547,45.1300010681152,300,45.1300010681152,2025-08-06
45.6399993896484,46.8250007629395,45.6399993896484,46.3400001525879,102,46.3400001525879,2025-08-07
46.064998626709,46.4449996948242,45.5950012207031,45.5950012207031,890,45.5950012207031,2025-08-08
47.2700004577637,47.2700004577637,46.9249992370605,46.9550018310547,234,46.9550018310547,2025-08-11
46.3199996948242,46.5349998474121,45.935001373291,46.3699989318848,258,46.3699989318848,2025-08-12
46.3199996948242,46.5449981689453,46.25,46.185001373291,295,46.185001373291,2025-08-13
46.3400001525879,47.1399993896484,46.3349990844727,46.75,1599,46.75,2025-08-14
47.0499992370605,48.4799995422363,46.9850006103516,48.4799995422363,550,48.4799995422363,2025-08-18
48.0050010681152,48.2900009155273,47.0299987792969,46.9799995422363,1429,46.9799995422363,2025-08-19
46.435001373291,46.4700012207031,45.2099990844727,46.1949996948242,458,46.1949996948242,2025-08-20
47.2700004577637,47.2700004577637,46.25,46.6300010681152,125,46.6300010681152,2025-08-21
46.7750015258789,48.0750007629395,46.7750015258789,48.2400016784668,77,48.2400016784668,2025-08-22
47.6549987792969,47.9749984741211,47.435001373291,47.9749984741211,376,47.9749984741211,2025-08-25
47.3699989318848,48,47.2599983215332,48,519,48,2025-08-26
48.2550010681152,48.5999984741211,48.2550010681152,48.4000015258789,630,48.4000015258789,2025-08-27
48.5299987792969,48.685001373291,48.5,48.4799995422363,278,48.4799995422363,2025-08-28
48.6399993896484,48.6399993896484,47.9550018310547,47.9650001525879,345,47.9650001525879,2025-08-29
48.4550018310547,48.5950012207031,48.2599983215332,48.5950012207031,123,48.5950012207031,2025-09-01
48.5900001525879,48.7000007629395,47.2000007629395,48.2400016784668,488,48.2400016784668,2025-09-02
48.3899993896484,48.5,48.314998626709,47.9749984741211,294,47.9749984741211,2025-09-03
47.5299987792969,47.6500015258789,46.9300003051758,46.9300003051758,976,46.9300003051758,2025-09-04
47.0449981689453,47.0449981689453,45.6599998474121,45.5699996948242,280,45.5699996948242,2025-09-05
46.5849990844727,46.5849990844727,46.3450012207031,46.5900001525879,437,46.5900001525879,2025-09-08
47.2249984741211,47.4650001525879,47.060001373291,47.6049995422363,91,47.6049995422363,2025-09-09
49.2050018310547,50.4700012207031,48.9949989318848,49.9150009155273,1112,49.9150009155273,2025-09-10
50.0299987792969,51,49.8499984741211,51,993,51,2025-09-11
50.6800003051758,51,50.25,50.9099998474121,672,50.9099998474121,2025-09-12
51.6500015258789,51.6500015258789,51.0699996948242,51.0499992370605,1415,51.0499992370605,2025-09-15
51.7200012207031,51.7200012207031,50.7200012207031,51.25,318,51.25,2025-09-16
52.2299995422363,52.2799987792969,51.9199981689453,52.0400009155273,1548,52.0400009155273,2025-09-17
53.25,54.1199989318848,53.25,53.810001373291,712,53.810001373291,2025-09-18
53.7999992370605,53.8600006103516,53.4599990844727,53.7200012207031,881,53.7200012207031,2025-09-19
52.7599983215332,53.4700012207031,52.6300010681152,53.4700012207031,2195,53.4700012207031,2025-09-22
54.7000007629395,55.4900016784668,54.7000007629395,54.7099990844727,1073,54.7099990844727,2025-09-23
54.3699989318848,55.5800018310547,54.060001373291,55.4900016784668,672,55.4900016784668,2025-09-24
54.7099990844727,54.7999992370605,53,53.4000015258789,1065,53.4000015258789,2025-09-25
52.7299995422363,52.810001373291,51.3300018310547,51.4500007629395,407,51.4500007629395,2025-09-26
52.3400001525879,53.7000007629395,52.3400001525879,53.8400001525879,608,53.8400001525879,2025-09-29
54.7599983215332,54.7599983215332,54.0299987792969,54.1100006103516,345,54.1100006103516,2025-09-30
NA,NA,NA,NA,NA,NA,2025-10-01
55.3499984741211,55.939998626709,55.2700004577637,56.0499992370605,479,56.0499992370605,2025-10-02
